era,t00_lr0.0003_wd0_do0,t01_lr0.0003_wd0_do0.2,t02_lr0.0003_wd0.001_do0,t03_lr0.0003_wd0.001_do0.2,t04_lr0.001_wd0_do0,t05_lr0.001_wd0_do0.2,t06_lr0.001_wd0.001_do0,t07_lr0.001_wd0.001_do0.2,t08_lr0.003_wd0_do0,t09_lr0.003_wd0_do0.2,t10_lr0.003_wd0.001_do0,t11_lr0.003_wd0.001_do0.2
0579,-0.0298553158329862,0.0030201483257490135,-0.026352750585554266,-0.007492194591242789,0.01560008579001658,-0.024189781598301673,-0.001960139786096709,0.007793742874974486,-0.008445335479378124,-0.011114727719449538,0.02532690974503615,-0.0027015655906668747
0580,0.02367970540402881,0.0014740711830189786,0.023201222131325368,0.007281185708431213,0.0186353336051415,-0.011079311233387236,0.035667382306525004,0.028305027058609548,0.014927758916740766,0.016022754810954585,-0.006870963619509253,0.0035324118066787087
0581,0.015648202537793553,0.0130069195148709,0.012521584406237133,0.05263211647968787,0.001189835652619922,-0.0017491117776926972,0.0037756355012545225,0.010268777246142476,-0.0028949753070350685,0.026986293242953936,0.020218290064655486,-0.011535729966966578
0582,0.022933281117893535,0.03945666581251648,0.016163344069504065,0.059372608183429744,0.042107035341586184,0.022391643691592713,0.0534948950903136,0.038809835753214436,0.012270560837321191,-0.0015889240713099315,0.03387447404055731,-0.006636464431630368
0583,0.03315953476710915,0.04331527589116314,0.02644815595003804,0.02800145600388413,0.013526951909520784,0.026786887147396025,-0.003679246820631148,0.020094639650483012,-0.00480839716317889,-0.02559246452727777,0.018586053794662785,0.0018310659079868853
0584,-0.001070152058665705,0.028282870503635826,0.028802872215812927,0.01222751213370209,0.0017783459913981513,-0.014761531461465397,0.020166687003014116,0.0111443767490494,0.02256552213959305,0.005808880781889586,0.014000351831963903,0.012023511490592964
0585,-0.018807330151736853,0.02046262258029077,-0.003372985655600281,0.007371849929816773,-0.0047554689167084805,0.0013119459553649325,0.013837132145635816,-0.002756348858621491,-0.012669664606822227,0.005542832350688388,0.004899226688441373,0.01616297158426003
0586,-0.003713499470086855,0.06223335249895394,0.01803234198610395,0.060029610564387756,-0.006168781616120893,0.013333297665235602,0.009776751128284914,0.038130934433606156,0.010348779688009384,0.017446702041675467,-0.014782590308766849,0.040129624353718876
0587,-0.0025319078080084725,0.013070710319562777,-0.009027358290890759,-0.02351600679488223,-0.009582628649741383,0.005703823725363365,0.00011234266097538296,-0.0057695495749533945,-0.01309690220574255,-0.001018968966533905,0.017043789203524604,-0.017478477633282048
0588,0.005678432156859436,0.040175486155816224,0.03929318406830261,0.01948228217212749,0.010899536040429068,0.054839335297537435,0.008237987796829419,0.014854326565558658,0.024484009501222544,0.03386120081303349,0.01899175654642307,0.008879483828980395
0589,-0.007018434287476817,1.8326233542991983e-05,-0.0037837905830213608,0.0044867810306915236,-0.03659154242243468,0.013327981777143266,-0.01977466107184295,0.03727258131669737,0.030483205651139964,0.035381960592165154,-0.0025466353306943757,0.039925777772201416
0590,0.0009635164173109094,-0.02357522430818492,0.011854345319527306,0.01422637012513711,-0.013021967505334088,0.014180324202223376,0.0015866755924489005,-0.019910020764822407,-0.010966760037094628,-0.037295743790446145,0.01472224184393532,0.0183846214919201
0591,0.004659116540121997,0.01072424186286603,0.005521241181202104,0.012166829590326743,-0.0036221279032260137,0.03286061988430534,5.7295199105333166e-05,0.026995035564853873,0.017445602000380138,0.010677772266024193,0.0031304483780161684,0.02747066584944463
0592,0.02841967988365255,0.024207537180229773,0.06903958165575783,0.015849710889252914,0.0337895289584785,-0.015609551190635163,0.01624981287447694,0.016852650907045526,0.025998010895340207,0.011631991255243689,-0.00174775218420013,0.03487559029782615
0593,0.01226314195247412,0.048461204242827634,0.02236074540867754,0.03555881257966907,0.034519621974063025,0.03464362879377517,-0.011857915550880276,0.019305427085654338,0.025000395799716406,0.0068340798276074494,0.031144479209387035,-0.016772573675871226
0594,0.03317422430713703,0.06512237750891506,0.04408765558058791,0.06799674416175544,0.013513970611263564,0.049250623561392044,0.022876639167327656,0.07017015538327734,-0.0022897150488302522,0.038832105971430025,0.053052225364801114,0.022641632682802313
0595,-0.007066482463387124,0.045376155545752535,0.011926243954161402,0.00783356917912397,0.03016346918773995,0.0005139466469366048,0.02467064226637993,0.019037599860235937,0.01779767127259214,0.0016662442518841053,0.03905924537584456,0.009915733476063771
0596,0.003346909343189896,0.023858827571225986,0.00708130853544604,-0.006768626794393283,-0.009539765950588757,0.02268310323767438,0.03364723401339405,0.029363025137377815,0.0001490662533768283,0.02465394188146715,0.04366130137568382,0.03304916790006013
0597,-0.006295485790520065,0.008127109249837323,0.012982696696335935,0.01854889259863978,0.00029405383785818275,0.01889961881394185,0.009768331059305033,0.04706512010708179,0.014505899982345628,0.041223520326686434,0.03753289323186886,0.03638910864463358
0598,0.026286809453645445,0.02412575452904122,0.02890881018599413,0.02183901846663776,0.0236784395217027,0.0203112334696682,0.0014977010143057464,0.05459696749638605,0.04556692749393217,0.03483916817881171,0.03707845409851804,0.022875520751092556
0599,0.032939021460679556,0.04401371498435234,0.030205927041214917,0.03846916985803913,-0.00891441390782112,0.024492476243684336,0.024957028158719804,0.0594628263033659,0.017711640953383255,0.026171764641043066,0.014115169056580812,0.06269002413364906
0600,-0.0206229347878352,0.0640697365897167,-0.008974975980790756,0.012677493517330158,0.0007266404430349437,0.061946358483414926,0.01502368825293936,0.04341725919816955,0.012646797791568565,0.04195710462590476,0.0006594746995315781,0.04886224845351207
0601,0.014256339499946246,0.08658172532797025,0.004359620963545807,0.04394522180245921,0.023591912511547592,0.03571380910485469,0.002575757492191604,0.0146313207536752,0.005103283609198932,0.023101722434222493,0.016031023899377918,0.040670720604351014
0602,0.031304273412528144,0.04113019886979086,0.020331967969081734,0.03400098633824267,0.06877876369936875,-0.010124105112202382,0.005554351826488934,-0.0054782062643502,-0.0163652347729147,0.045129270352348115,0.005840369480746971,0.026450962191262133
0603,0.03139673466290985,0.04166252667904889,0.029203014204992547,0.025120106992342413,0.019653786150629474,0.024288806697393094,0.012742329909682666,-0.011627375077265746,0.024343898796215766,0.031902537530856624,0.003736901112240415,0.021861011569331488
0604,0.020954030746556027,0.02270616684833696,0.029861124053475647,0.014382871304308606,0.014235241617791489,-0.029905774745661473,0.018255724280707108,-0.006995992827367837,0.0324728517611812,0.028374396579972573,0.014034108512147916,0.01810406069236517
0605,0.02962779605256731,0.012776546112099423,0.03770990112637687,0.017447542724946277,0.01848268103866675,-0.007000114888996046,0.01986502115133258,0.046514620024051725,0.002729640585566241,0.04588635290568558,0.010353438913203795,0.056476313092916036
0606,0.04366781494926693,0.00772147420613304,0.03238514209044239,0.0043280863506768045,0.018410705891054268,-0.010936318852088322,0.0022126999484487412,-0.00474751520121997,-0.006520719936007417,0.006800358312883843,0.000533819960419817,0.025510027034371035
0607,0.005016882131870802,-0.00953655560301259,0.017804012237097863,0.010792843325786117,-0.019638412746125197,0.032212023607770965,-0.025568975581293164,0.034929168636605244,-0.001363660165927158,0.006974777550452677,0.00952453910347217,0.01238427116773391
0608,0.012681678616952007,0.022228336004783408,-0.0008179482304021246,0.02264016119199145,-0.009156159131469287,0.022239531131715937,-0.025014803531135013,0.02905504119822501,-0.002974294397488775,0.02416451299032646,-0.011044837457027208,-0.01809610041019786
0609,-0.009461263243921974,0.019111353199889564,-0.03357408334289818,0.02735125023699227,0.0011290586205317825,-0.009334468106779237,-0.03577569550492054,0.05514176196364171,-0.018132830604553615,-0.0007409204854247122,0.005196885001175772,-0.005006301536928231
0610,0.028967187747729745,0.03133011997439896,-0.0018009218286131749,0.0444893660199183,0.02535257543648563,0.046847873306273116,-0.006854144743147774,0.03081495120287733,-0.012980964094256699,0.03506578032131047,0.005619977850534988,0.017913387500982418
0611,0.0040977257430995125,0.026657924315399664,0.008933623092746637,0.01256064792521115,0.01877402851867777,0.0425318987797082,-0.03860782738925139,0.04874232133786669,0.006460965193639984,0.03220410983018577,0.021835418795123133,0.006438158554240483
0612,-0.010330101315432248,0.002994532767069935,-0.009521508756185605,-0.0022355196151657114,0.04959445077135932,-0.031258780612084126,-0.03331287227006251,0.009830965623441868,0.03306870693782404,0.015550425161878425,0.02247084420228464,0.05986875116614839
0613,0.03634414260763612,0.03240953331112569,0.0015822591748221732,0.04529780721572228,0.005994087000969577,0.004252721150249972,0.02076771779451537,0.04262665277938382,0.03891995878610855,-0.026601863745897247,0.03738362940345621,0.022286744571512168
0614,0.017356995882651008,0.023385470797427674,-0.020006799999552856,0.02104206638243331,0.012982074551316081,0.0045341384180542866,-0.006040087275940849,0.008342359021389415,0.03170321096396849,0.03886658923974021,0.023319284194289632,0.017003507714375324
0615,0.04762842378341279,0.02443459406509298,-0.04012523387228745,0.022111302579427946,0.032329077587190364,-0.010035061732093769,0.011558929211404459,0.04597782577898373,0.018107654909010007,-0.008785479680031884,0.006137785236173677,0.037426800031260705
0616,0.014258994419879668,-0.01624081734988035,0.006804229826428129,-0.014584462406147587,-0.0039654356338005665,-0.015349707006352496,0.01864985231790897,0.018836754486716612,-0.01289301412399745,-0.01673231109509357,0.031148961901119408,-0.02272236953268266
0617,0.020535452902321494,-0.0014523547760982468,0.014309076810848656,0.00092690488223398,0.0397231945974042,0.03992709980733854,0.015203769437382166,0.014377387381224188,0.03469502364370718,-0.029226901194210196,0.06260708341867115,-0.015148734290640913
0618,0.015631432329747355,0.039299116992327555,0.01889650802281134,0.02172612063408013,0.021759338391654018,0.05736678504225656,0.041655692509705244,0.023500170473146693,0.08516705525759781,0.026486679957904727,0.049029568028940845,0.021929717697922835
0619,0.014588596534542338,0.01304079318665555,0.007592492899973669,0.02771088667266915,0.01373471606303449,0.008875109054429077,0.0017287897611326546,0.0010740362280196975,0.03517124231225181,0.013706204318135464,-0.0023182014303205364,0.03104287799197134
0620,-0.01335456151784768,0.0009362708899134927,-0.013694884111018314,0.019115484167348006,0.04938998445744204,0.013887700986511415,0.01747867619270676,0.014277638637540419,-0.021398235922872898,0.00012488381415780354,-0.014126640783204662,0.0010345873566735687
0621,-0.015118072264892674,0.02414518488077106,-0.004268880477013161,0.005512390248744286,-0.009546402011918231,-0.008757683073876654,0.011289724222180204,-0.02633417958809027,-0.003108626995062185,0.003273124891474475,-0.05996162003105681,0.009477940442628657
0622,-0.005968455147192612,0.011058006801510322,-0.01568634880227431,5.202341040867299e-05,0.022272917682716817,0.029936563476683577,0.009575884568736285,0.016584847540116385,0.0010617889661193095,-0.016830058887065756,-0.035941449890674916,0.02183967254916828
0623,0.05420242968327513,-0.0027178033794814614,0.028951387855558692,-0.011004423363077567,0.009066798283153614,0.01599414717608643,0.04430441123262822,0.04376578408014026,0.016849139538293513,0.03498256697519353,-0.006793716744557802,0.04164115866857389
0624,-0.009098148066354398,0.00688782364044752,-0.014709361220179226,0.023277010067692314,-0.012623120020680499,0.06644121523441185,0.025552623470848926,0.036445603138288804,0.05525015618212702,0.08700012580413866,0.03485992904694981,0.04971291576882189
0625,0.02183564224794393,0.02030387353197531,0.01620915456395049,0.02627779759507204,-0.01529774451430523,0.04647233026413565,0.01454834226591333,0.02785815121368263,0.012294312243583152,0.025466303105814544,0.031027190961071573,-0.018433801341688153
0626,0.0020721676819517934,0.027282178494298107,0.0418178107929095,0.04026839135837671,-0.007593281237895149,0.02942623750421914,-0.005674274933286317,0.018828972692702135,0.014152090797460475,0.02312961631183786,0.00020667288357820803,-0.008766708471021215
0627,-0.007451119667464293,0.03418146520859676,0.028617303213294962,0.023505213229840578,0.0051837421196152,0.042749082826289295,0.02847582304936344,0.016830078202819322,0.01720872358013363,0.0011404990698458124,0.010189328952121572,-0.020984548473643422
0628,-0.01166943206748062,0.025112109372242716,-0.005162401437498687,0.002761621844866615,0.020450952673444305,0.018594102006144125,-0.006469884160627753,0.023793993566331478,0.00815257729770944,-0.003442293891596195,-0.026006029570928943,-0.03768278682244228
0629,-0.019835487861091,0.0023553017047062688,0.015754565601120634,-0.007820910982757792,-0.004076346040865936,0.011789018127238607,-0.02146371634646047,0.010996315279659934,-0.012848280390747669,-0.04242426371099821,0.01131870425790092,-0.010402510021635013
0630,0.02445243642288326,-0.004730781660867689,0.038486903469946536,0.0397896865503947,-0.014175865617747932,0.030313397459593154,0.012211622009071487,0.03665842539340145,-0.04183474148601192,-0.05142540705072531,0.015976433041564632,-0.027526928775323097
0631,0.007049036307717807,0.02549820920576384,-0.008752509686868989,0.01202204172438489,0.014043426910985068,0.033569763215147964,-0.00978457467633585,-0.010021188560564291,-0.0018031148600981942,-0.008842591720879154,-0.002790173239376226,0.0306147416062281
0632,-0.004077484255840671,0.04211490816560449,0.0018042498359999942,0.014411048412108267,-0.03318384860487442,0.015193446804903246,-0.003512596657578516,0.01652966009575754,0.0019518033970136518,0.015259878137317768,0.04177649894417215,0.02861244634147574
0633,0.011651650816309407,0.031639264768967335,0.015883056742666626,0.04760689273502416,-0.008966479864260768,0.0688986124472138,0.0034572669211928035,0.05074662642545081,0.023806402142412707,0.0033352000619799368,0.022145306623463066,0.03771073486927451
0634,-0.004323780861121886,0.027172197105961693,0.014062388786211277,0.03332202750212598,-0.005276682351764038,0.04646497988602594,-0.026180413733818398,0.050055342254961256,0.02431637329702255,0.025470036338224353,0.022761910626000748,0.061973005315666234
0635,0.01298976532244283,0.016353878222962782,0.01139577199670506,-0.0002732173685551217,0.010426013613657768,0.021405535783271486,0.02108301299491446,0.009425859210691563,0.04056858145188756,0.018245066692494306,0.014090301659250135,0.009782157514378654
0636,0.009701684107904805,0.04264438146640659,0.012782809971053386,0.04028056911511068,0.039519397074470886,0.04836349765902857,0.006796291817333119,-0.0014118672959779928,0.006233265154820862,0.031203829881208647,0.006718824343913008,0.05213779388065916
0637,0.011599402027836079,0.00046572422800397994,-0.02416644171451479,0.011041853222781416,0.007328080883258464,-0.009148444421767227,-0.00531906885918898,0.017572502166845506,-0.019434226131015604,0.008714248328523222,0.050204797303688375,0.03892440523405688
0638,0.048388546088483454,0.034138904731835305,0.02981748353208588,0.031428374308043405,0.007007533686325337,0.032215505778603305,0.022671333200758488,0.004108066787783803,0.02522825012440245,0.03150152167751274,0.04400759718714654,-0.02112768214964812
0639,0.03155902892441918,0.0714937692947244,0.053875701417842634,0.039618148270524026,0.05795139588452093,0.03234430418376424,0.07470936453896447,0.042981147136432876,0.031086226660345107,0.04951604890128066,0.06127655838375668,0.02844585382303257
0640,0.02163755382808085,0.022026891295819265,0.044283722423119884,0.01623186625602858,0.03708587044561597,0.031096346427834137,0.033970670052302886,0.008849997008846346,-0.004191589710862409,0.012721827747104376,0.0316944507433766,-0.015689801910826775
0641,0.020776028617465858,0.07935365549599689,0.02134702775220837,0.07415111044129413,0.007715389550405422,0.05920913944048308,0.008266414335653728,0.017041835477245755,0.011037191063873665,-0.008498840413631885,-0.014698988584567954,-0.025626080290252054
0642,0.033735350758576726,0.05280303331946761,0.01716211767214627,0.061227178475929345,-0.011095630604390786,0.05541329022698717,-0.007347799900354881,0.03717472015056713,-0.003495248553372692,-0.011229649633533659,-0.0036254931681285224,0.0036094347548899794
0643,0.03169147420822457,0.030016328767188676,0.022376658765593204,0.06030287823319893,0.014203490245999763,-0.012996774139512177,0.02821450860218182,0.025896793563104186,-0.0001373305620759281,0.014811439975759429,0.013133866854860819,0.07154720504668156
0644,0.025832882973279778,0.032626337646259,0.06349266006813549,0.06113520660686429,0.04971973879584575,0.03396697560903823,0.07898227348861578,0.031964296280056155,-0.00013539714348821734,0.005759017589576092,0.020957751768322853,0.024067943841529767
0645,0.02127256224111521,0.01159123573495562,-0.006587053159271223,0.023538844816016424,-0.00786166773157267,0.027101061911981097,0.024779388301378654,0.012315860743349689,0.02576490178866395,-0.01150661652043473,0.011535131484334162,-0.0007488295523586831
0646,0.03021344802235436,0.020472407836839655,-0.003928935726983574,0.014280530284541867,-0.008762021707480793,0.012826099749023821,0.033034007015404813,0.011138380723180697,-0.04250668936871595,-0.01716016087224807,0.03504332428341141,-0.011652264629364662
0647,0.02948120216456496,0.017927510934728153,0.015394886374194377,0.024609157984032123,0.01729098147925272,0.03269420761521866,0.010199326558193365,0.02209126166707378,0.014791179469718618,0.006775849193152521,0.011443818798528226,0.013121282012329302
0648,0.027368005981212078,0.05142847954042802,0.02148334225797804,0.03228838327906601,0.02320310374799705,0.025612880168245557,0.03300939986016018,0.04323277179766575,-0.00040957890392265343,-0.0026007194584772384,0.007103374119659415,-0.024280065104095423
0649,0.035962592773586946,0.017540735777603806,0.01439830979558857,0.04734155654744044,0.04217612940104652,0.026368916393254,0.04008945037083639,0.058321113064423516,0.01620231499482329,0.04255231761468433,0.017841819193262075,0.02515796963545338
0650,0.04844995470997168,0.037076544218425746,0.02208239315934992,0.0385726370135155,0.008790544393454306,0.03508591507242393,0.052035281794148486,0.04456186450454968,0.02505899276127805,0.03295650316286243,0.0008239174601699865,0.0007225293089612578
0651,0.0559920007548111,0.027223735796868896,0.032342012738936776,0.03280886144268324,0.0033808445635452786,0.03232435444906836,0.04854771036268264,0.05337397946355042,0.04552168948174069,0.006711660645876866,-0.0010324048362306793,0.04400128891915478
0652,-0.0031830009093446604,0.0011297621230176203,-0.003490612200076618,0.016379760938555445,0.0167905249690243,0.005892022983832809,-0.018175862279471183,0.023572687651869602,0.048294004432149214,0.04691363744234479,-2.0085536053753793e-05,0.03133772304172262
0653,0.005708238286300059,0.0026870744376182353,-0.013036711036750701,0.024783943957888622,0.013159508865821843,-0.009268419346565691,-0.020738091154646556,0.008093676882621591,-0.018266592738377566,-0.036212430093272005,-0.011159373646626516,-0.02128892137108166
0654,0.028137868398043938,0.07041051055363418,0.035217007926805856,0.07132786228634518,0.0412429531484483,0.052662399952872384,0.03128760007496748,0.06061175907637425,0.047582449754941275,0.044061357708883336,-0.01716576499708151,0.038231684650101835
0655,-0.011585058385669434,0.045662290121108846,0.017551468978846182,0.05752746400778741,0.05835397011250928,-0.012228524377299498,-0.0033813235384651786,0.03466387107667945,0.04326688266283672,0.060466322147494575,-0.01683776690378685,0.014228598020348716
0656,0.0573521190357762,0.021082405469641147,0.023616624802991367,0.010427766260969503,0.029547129542846485,-0.009510002493462214,-0.0377671842855654,0.010142519703377824,-0.017403958132519392,0.032389666319922565,0.003830108098640392,-6.211040496653734e-05
0657,0.03210324323007634,0.0400921604187849,0.010205228072962124,0.031960299477374915,-0.0012809956092125394,-0.020030432177892674,-0.019267908445379386,0.027238253691992474,0.03250572497971651,0.012281877587240394,-0.02422069663104299,-0.0070163503428053095
0658,-0.004261105291777289,0.007449819704757743,0.019606027846203983,0.022225648842710527,0.018735594087736698,-0.01691978994729468,0.025823454270625164,0.004918250791186379,0.01593900510187774,-0.004981802312452833,0.015395449012817721,-0.01079313438377857
0659,-0.014138241060713107,0.018200293242272212,0.009230215364014988,-0.0036466150054719803,-0.0024641034957254733,-0.02899761233010213,0.03876868403207362,0.015049382507453834,0.028537551059051907,0.01982701062618238,-0.011024505121184807,-0.014419172844236083
0660,-0.013416562222417753,0.028399892311489625,0.03813443922361579,0.024344042822806614,0.010608870112265637,0.04236780425624292,0.04690786554658258,0.03924850560958401,0.05324925849865512,0.03476358047670222,0.0019947192417335896,0.005935010198864455
0661,0.019111716800160692,0.009947137165724346,0.03743463998695203,0.0006992340554331828,-0.008283683785654066,0.005266231845182597,0.02893131632618633,-0.037206917932423145,0.05615995573513278,-0.004027384447148089,-0.018004649408904123,0.02164532110172795
0662,0.036414811356532295,0.047526661964097064,0.03088698384401624,0.021048840661113254,0.02750653968200557,0.02395705416284711,0.01147902281848507,0.04419134646727881,0.041030294131479114,-0.0003627156330380651,0.0054271700265492865,0.04689720297025084
0663,0.049152555921377454,0.004069504967703597,0.034206753775080534,0.03528582574458892,0.039691473453210974,0.006839108217500933,0.003083943220000103,0.0321190705470719,0.008188771053582579,0.0406080794348657,0.043695689432184076,0.053421211128179026
0664,0.057187016034122254,0.005692105006559557,0.04595690462345771,0.026134941337817807,0.05354869068229354,0.0316383180044645,0.040392774469210614,0.045315621708331484,0.01763154619205068,0.0394956857630277,0.01382950998261747,0.03881979342014242
0665,-0.016644072316359167,-0.021100387929672174,-0.007383011451774651,0.014250748785192896,-0.01987275020159418,0.010639445687583219,0.001924528343872625,0.03813430817973982,-0.004449632568998301,-0.0011344496990015973,0.014005600054284011,-0.025236590105857302
0666,0.034514540475517205,0.024430780178653366,0.00796596765077463,0.038900135662468915,-0.01615902656081051,-0.016310280729471282,0.0268258754291331,0.026744689320845005,-0.01942049732761363,-0.0309051817533258,0.027715027877654133,0.02451076101831869
0667,0.021052393466813594,-0.0016903847629384655,0.01696930358716648,-0.001960889392357995,0.047851463793835314,0.020836933152107998,0.04795459739149945,0.026679388868138212,0.006000814737029217,-0.026412422055014085,0.024584085973022737,0.011141118021172985
0668,0.019567568500537084,-0.004088559198502496,0.008784385049583798,-0.010688037675028591,0.02112577934576927,-0.0015624330100227997,0.03753178711177693,0.034146014628109386,0.012205979184645128,0.025187779664574306,0.011112466488421856,0.0018007532228714745
0669,0.03236025780766354,0.020279590372622606,0.01093235225911282,0.019178635200731032,0.004159744630811132,0.004603381903448659,0.009863524196953155,-0.010973651851610856,-0.014587439513825667,0.00550101368279289,-0.0006186705431468389,0.0013000879997650714
0670,0.011088297916574378,0.022276254383361463,0.011809271922920299,0.02941382963598615,0.018863214546759908,0.04679426802860682,0.011612209172670473,-2.9466542799672e-05,-0.016109873651588905,-0.013226728296149183,0.02990548948886392,0.03724032161952443
0671,0.03611628865598242,0.019811487048560766,0.018923467105459765,0.021766623820547858,-0.021124344221717897,0.013225552011521062,0.03062438303768295,0.005057319934766608,0.016841582922289114,0.030328163052662484,0.0230017834824233,0.04556186166499065
0672,0.02047477559167754,0.03475137490657232,0.02657504723916066,0.02614656854818772,-0.008740007152922842,-0.004968287553300749,0.016521675909723872,0.03530717392866179,0.008554976388119506,-0.013952887156369463,-0.0011358356151084739,0.014064310465573396
0673,0.06833839221949597,0.031330992263967274,0.07555107551612042,0.06754238269987421,0.013632974134443991,0.018330148282678375,0.00752012566932907,0.0676844881433198,0.04599682020181187,0.028185937676203702,0.02973967807692788,0.019064828626174837
0674,0.05690070068685034,0.03225782279675848,0.022760360440259756,0.0341305895653979,0.027320981504717092,0.008876076763978811,0.0533238451866271,0.04547675277890175,-0.0004974432111725088,-0.02655153807696571,0.03394864826603432,-0.047799997506759825
0675,-0.012602092869652333,0.0007762657865648339,-0.0183495537030232,0.027686762127096913,0.0007498247520820335,0.011519946633970617,0.009073109448167959,0.032026795101452156,0.011141860794944216,0.04093420673677373,0.016893536757720505,0.015030524391734211
0676,0.010970790317844738,-0.00564883342522044,-0.017666284323925936,0.0009073705302152022,0.008667519408942637,0.018086148195537725,0.01526853079281505,0.04648503809311413,-0.016721508072502476,0.02856341243476055,-0.009761631750570323,0.0011397638483449692
0677,-0.0041962300069029535,-0.025774178297169586,-0.007267242590469752,-0.011942908484500069,-0.004781020005626778,-0.027688483507911327,0.019622988949749523,0.011761966943525194,-0.03283410460679582,-0.046765654983669795,-0.028103484834958246,-0.03520882081226073
0678,0.009426012451038178,-0.008372692471109874,0.024014139877062118,0.009604926786007502,0.010492208208595515,-0.01332891715883239,0.04364199519130761,0.003759629307820216,-0.0008746160723989631,-0.020036601030509072,0.02293641117030003,0.014927768058259712
0679,-0.022679720911766392,-0.028152302511331603,-0.010241673823820054,0.01688768979484319,-0.01142876923497227,-0.027358854600650552,0.03177775170077224,0.008170764809471192,-0.003675956929872763,-0.03754751434048814,0.032680889477848044,0.04314262792396759
0680,-0.07395301330161845,-0.007567324311000301,-0.04279590152153984,0.005540385670843215,-0.05481898059913715,-0.03678240697679051,-0.016047200552751214,0.010348732335236588,-0.00752010861914106,0.00834305444217572,-0.026298751385898954,0.006222312862128532
0681,-0.006108039765230173,0.007896127725216225,-0.03783591215995464,0.007539420131981545,-0.02300161667810681,-0.008164929531733459,0.006565498968519295,-0.008285318069326492,0.03797846215896576,0.025930388583563342,0.02884949398106763,0.06894357698291878
0682,0.021390899116875802,0.030305392715874138,-0.005354045588622384,0.021551044298514857,-0.030118517652937684,0.02420265678777491,-0.012392579651117308,0.025929549412168598,0.026037296443241712,-0.02080394935984244,0.014015221843447745,0.007100636688691845
0683,0.031173396520876584,0.05215099874854216,0.045298982064896756,0.030080740108663857,-0.0058129396904917,0.05096353144892649,0.03356125837570735,0.025021255347408615,0.006697143023845488,0.019584532291848415,0.012742785969534836,-0.002540596720594249
0684,0.04968805885666167,0.04546680783863188,0.02893749918449877,0.019625517260656287,-0.01913269634856749,0.018623068222974583,0.028637591215493134,0.015894818018702697,0.028405329100406322,0.07246297572605873,0.016040677954163536,0.0014015118892269805
0685,0.040578483691990894,-0.002233979181620051,0.001672567018998706,0.0008621879545488154,-0.032217702965710096,-0.00385904124222867,0.012496864177787946,0.021156789608468538,-0.02672487703487924,-0.010534746253601453,-0.02579118424841012,-0.002877114683863612
0686,0.04629654215782676,0.010186910274004805,0.023110651493624033,0.02442360160838432,0.026336848654463674,0.022369448361243983,0.014283949739513037,0.01104497997007747,0.024174988285440877,0.03291231253428681,-0.03211017725454121,0.023686383227006235
0687,0.022164867559895447,0.014843468532046137,0.013167856028232896,0.029408416305997404,-0.005792484347496339,0.01275685651831,0.025987247278099996,0.030139918603233694,-0.00453744210742071,-0.002921149273564437,-0.008561580319978317,0.00938984346623286
0688,0.020912886579633007,0.011486884095418027,0.023886083135667684,0.0410692802981929,0.017909468667020288,0.02490619529391077,0.017238811371693915,0.034992491835922276,-0.009197091277777155,0.04566055015187384,0.0068892278732102024,0.013141554520686154
0689,0.0022081321430587305,0.03347927661928612,0.01672692302357655,0.029547795896386828,0.016196856839126014,0.04029147756749846,0.04370873513409193,0.029921493602592594,0.016671403476076846,0.057911330349949136,0.037362082820521794,0.03980922445822182
0690,0.0018633197821186958,-0.009727524777760444,0.015763344552093817,0.005002057527668409,-0.01275433966014483,-0.0007069859936799462,-0.008407053761792165,0.02309565042198118,-0.030166718422272195,0.005273367729304341,0.0023561012924490695,-0.024294060782241004
0691,-0.0019248147166276708,-0.008360788759209052,0.02764087734411563,-0.006781286926212741,0.019544257117488358,0.017764558057866513,0.0417040357232359,0.009083122346596025,-0.010887955208926405,-0.003667809586771495,-0.01597615751972814,-0.004454638631519609
0692,0.0006759319988381197,-0.00120301943229825,0.00202428008793353,0.03606637822723388,0.012420039763236884,-0.01190409413949178,0.017373175839767174,0.0440433969189727,-0.005857645267522872,-0.02070867250398833,0.00917680864034455,-0.013240852847482294
0693,0.0050310575267417555,0.01511842260057023,0.0015757300195688656,0.038815798598032455,-0.0012177879790284537,-0.0006113295874628027,0.04551275238650722,0.03350707854524288,-0.012694423139387118,-0.025864165892378423,0.07016121969426468,-0.015064553695581798
0694,0.00044838714367883566,0.026733001962983234,-0.014819574480725187,0.03283929215014428,0.038866575163016975,0.009880532923628255,0.019933882225837727,0.07313282018711417,0.03157644224498778,0.03817884083435074,0.07220510796196308,-0.011287905928544206
0695,0.04747378608264861,0.013288766242679712,0.020910570575272798,0.05468792441613246,0.06496396908054819,0.02168318445930057,0.02842622714990694,0.024365624030863075,-0.0008833873596245128,0.027476566343884123,0.023933751903272543,0.04221650169548025
0696,0.0038532178950878744,0.00950373405830745,-0.001735968560661784,0.024241623334505205,0.008296403562182173,0.025781152848216426,-0.010042306906554284,0.021468295978235206,0.005161824762585513,0.01177303442042237,0.025189560869101308,0.017489736400849467
0697,0.04273722860731191,0.039767905365335796,0.04405258669070656,0.08089260118575073,0.05830313059075732,0.07751783637305816,0.045277478759502575,0.06890017031024173,0.05050807883297143,0.03668921738347587,0.0241628310404074,0.03020492573008157
0698,0.02235834813261372,0.033342779620480094,0.03498452333658311,0.02814260062601907,0.0017054507826428067,0.02312533082655028,0.0030357550545000566,0.028530728562158433,-0.0009581508517707176,0.02944578449425085,-0.009790424517547329,0.014707074482487594
0699,0.05419161132116277,0.02164495242159606,0.018293809158433264,0.010718317446786607,0.006571597620004816,0.021214892594246377,0.009331346335778418,0.02591067353417574,0.03615680844747402,0.013684070349275934,0.01929780746829964,0.04549668931435681
0700,0.01969509468047716,0.05876693980980072,-0.0021588578064112764,0.052492716522415335,0.0051360119991418806,0.018363498380713404,0.005146290250028147,0.03375247228313713,-0.008048429457585077,0.026432640170744464,0.022901448263553167,0.060933648547944884
0701,0.02552805346745482,0.014618474537110314,0.031031895195465568,0.007080173932809389,0.022724096665442794,0.0315009923635532,0.012915765106474889,0.06467011029622188,-0.005156827087165005,0.031824472057491345,0.009992361673441235,-0.02532635394523673
0702,0.03316959888831923,0.005468341019598111,0.02355007110405467,9.7227226686183e-05,0.007352902479494563,-0.004584725721409462,0.017430270174431793,0.012717329341069113,0.022132691025350818,0.006198855518204553,-0.021049248005231776,-0.0060901093176620345
0703,0.03584684391542295,0.0246007966789736,0.016061509029325627,-0.010047577696676538,0.015215812249867332,0.013734985347398804,0.006188132042363885,0.025368367893789844,0.01763888749600497,0.018314223829679982,-0.012953935893348966,-0.05171291677955671
0704,0.013558743537587382,-0.0020752883920185333,0.007648027883291666,-0.0225255169517459,0.0038704400286647595,0.002886252204986981,0.03360088063576272,-0.003819457139297678,-0.01011884935292769,0.040011994449329444,0.05106487984206975,0.01739296907961132
0705,0.02736215305273587,0.04402214980580187,0.03832560928695939,0.02761678237250706,0.007685540732737118,0.010663099139328792,0.0394164233631179,0.020210566688499836,0.010386002594145329,0.01556693666234152,0.027132198720627613,-0.006541498450220184
0706,-0.03427236874695702,0.03249272549142819,0.03249403399398571,0.03295721036994642,0.006725885187664875,0.009374577322620238,-0.006451366203034359,0.018193995128215866,-0.028038698260066965,0.03907906175313276,0.025235698541453456,0.008455843240922193
0707,-0.0033418590684042787,0.029451642562695345,0.011373445410324467,0.05455185240433304,0.05893014143246765,0.028061167513967693,0.005622845615821545,0.043778244791154594,0.012643969902036818,0.024571791930089126,0.028771828036626788,0.00010395561701027697
0708,0.03587233517407193,0.05275515945924209,0.052881663452983216,0.06298082302109206,0.018949140049668422,0.028902503566804783,0.018254082439065563,0.03283392741799301,0.02220520182900902,0.03363968535474423,-0.004827716060827925,-0.011464557994816918
0709,0.00738202739356389,0.018840846821847414,0.037260022245553685,0.01925087813633287,0.03299113427231286,0.016482246347816545,-0.0204812404725246,0.021607160776528356,0.03047956968689543,0.009796315318646921,0.037258513811443246,0.005857247491586688
0710,0.043750306271579026,0.062928458540635,0.04467076049172377,0.038664058103855724,0.04874918853723512,0.03474836138282281,0.03293075491664054,-0.005023949214915394,0.027892835728871673,0.02310683512208999,0.04001273502995862,-0.012522497483899228
0711,0.020732035622704058,0.019697672143846927,0.024435390315250508,0.008990831865857852,-0.004354350551698149,0.014694097484565323,-0.008143563503196276,-0.00392666862730486,-0.002333177539774384,-0.005467774297360361,-0.0007942014394969527,0.017816241705955853
0712,-0.012366532813023775,-0.03921647931084772,-0.004534136647181781,-0.03803157059978006,-0.008324530304690086,-0.013073583320632281,-0.003319179138211292,-0.016904607246878707,0.029574292251957356,-0.03137624547256776,0.012380021246424509,-0.04105246236124747
0713,0.0030936021410180627,-0.012769759219912464,0.0026345360361562983,-0.0028478379313765048,0.00407374347615802,0.004386377670188374,0.01761583937061477,0.002300875294367446,-0.006474177460541069,0.0007461252438160591,0.02530297812001984,0.02169937574084572
0714,-0.0018520664628816988,0.017340197773232355,0.01079726688088638,0.022387623552051834,-0.0024919338038853355,0.004994874414489381,0.004158358381013984,0.03289198508312509,0.0014888397430504112,-0.0322126779290944,0.016713789809141257,-0.011041096863509068
0715,0.026495089256164887,0.012087272787541467,0.0004831219039014505,0.011811461368414385,0.016471837773124994,-0.006935998358415772,0.030937678952692133,0.008069845043600732,0.05138454517985413,0.011505940309612295,0.037726669408117836,-0.04708446023803948
0716,0.04421793617139112,0.06390429187562661,0.044126047946380365,0.0775647409393376,0.04365486962928762,0.05477230244592151,0.04385099574886459,0.05354591389667907,0.052950009788909125,0.006482909734972861,0.053431865800257355,0.027196596037041082
0717,0.031581854747539766,0.01765608361001077,0.05138123852742342,0.035994767033049754,0.034019944511678044,0.03795710093533212,0.03148585751794074,0.04059088544827874,-0.0003223862273333644,0.00013504549973002833,-0.0015149882730110464,-0.004090040428365026
0718,-0.0037760330129541896,-0.013025464528422251,-0.00022691026977872628,0.013766513044953507,0.018569210075940264,-0.0037200848000914157,-0.02404288113849507,-0.012339942704149424,-0.004004582149429771,0.04897379789986515,-0.03642227414035177,0.010355784240951888
0719,0.024313983590082945,-0.008670487999540004,0.04908159506099633,-0.007078142179432551,0.0006779435217417248,0.030302218897551875,-0.0008080635866260088,-0.012174494824638527,0.016011850384168608,0.02205321356808233,-0.015014998462695469,0.009996114669404279
0720,-0.008599144795282834,-0.020694301473042884,-0.0005785459903157725,-0.02582212486173339,0.04623992049089659,-0.020880361973613808,0.011777836857942753,-0.006168628488601428,-0.017731066045337338,0.013587586354893794,-0.041395445725962675,-0.01783435118492136
0721,0.014711446940079606,0.01168302676875066,0.0030645439444326773,0.006833669255983647,0.058868975373219,0.02356340177476036,0.04107929930295626,0.03923602166872919,0.0022443047523082135,0.014354895876080001,-0.020161165930093938,0.011119229272316346
0722,-0.0005081117815939375,0.03148392797057426,0.008286572570552308,0.01264044174231719,0.005146583296503832,0.025881747595752062,0.004807475433142306,0.023727081113814944,0.04169307934676149,0.04001625603634205,0.020374574175214467,-0.0070056765034548964
0723,0.009933624620013456,-0.009782658900981456,-0.014899724672222347,-0.01669361762378681,0.01980007676418655,-0.054525771939070114,0.01905409652934081,-0.002923017944911678,-0.04827418217207905,-0.014624981321699107,0.031721848262451696,-0.022152785977996883
0724,0.034294486089274344,0.013473151114910606,0.008706125573009387,-0.000669184719471402,0.04127096023208101,-0.004722372902772845,0.02085608672901322,0.009438265480832778,-0.008107449020352904,-0.009790531021042291,0.03315446462019549,0.011343911359888211
0725,-0.018043307798100122,-0.025267672631609065,-0.046846076124952854,0.000622806215940025,0.01787496154011501,-0.03279384494391572,0.019795538203541414,-0.017585377575905826,-0.03204032755571223,0.02809665052999189,0.020130204484750423,0.0018081702955565046
0726,-0.023250954955963025,-0.030112094871548357,-0.029069967784465075,-0.005850639533032853,-0.014058489655543589,-0.06617973253253191,-0.041632639733372424,-0.02160304019531699,-0.035636233353909474,0.029470578915761984,-0.019755599812115894,-0.006450182266135088
0727,-0.012123788128309212,-0.041624784750312845,-0.0065878070389175985,-0.019566451055738423,-0.0395348227397485,-0.04207576978588444,0.005457888292700908,-0.00853210781742411,-0.023265443129828974,-0.035663682731094194,0.011065624516304037,-0.03662280792523055
0728,-0.014739388396343969,-0.009056176894544715,-0.01670086119591673,-0.002318424381860939,0.008536158415324345,-0.02401434223510531,-0.011760870024281745,-0.006979084197944655,0.0030786471990182918,0.03460843997625028,0.0074251753813929814,-0.0009271004813097123
0729,0.016063691809775817,0.018029719275965743,0.013476751548822453,0.009771232160491807,-0.00024836324478085014,0.04468079295931053,0.030300877968330215,0.002281388333221823,0.010338060379661576,0.024870481860425307,-0.01618021081880509,0.028933867862412168
0730,0.018177017947786176,0.038512721760574596,0.022100027496722376,0.03811123699104026,0.03345391988280372,0.03714593180897331,0.027905209112587225,0.019598058946723628,0.0073638375062511415,-0.014012292689556324,0.027594927863552388,0.010065337933587264
0731,0.003582560630103656,0.028736494611294742,0.024473427554029252,-0.009138484325053483,0.019720473099313972,0.03284054516867835,0.033248883962901224,0.005406666597272894,0.018975858144324072,0.029665332654825027,0.03662717467644305,-0.017853477331465438
0732,0.05267920809898585,0.043960899218032194,0.035366133097204586,0.05239662106958785,0.04195953419091105,0.03433844554032916,0.01839487031710708,0.01999496508495976,0.039933264133783064,0.043656080391048915,-0.010629838131344842,0.0077677579110656605
0733,0.030274222184861383,0.0495277488979013,0.020399219558314717,0.06141842498886711,0.052478792005744464,0.013105058864543492,0.06096092303362472,0.03626502152656238,0.0510741925901892,0.027319283172735156,0.02881784725819035,0.004022344954419922
0734,0.013279099222135179,0.04491871323298968,0.03917886384632494,0.0651756835814197,0.06455488605925236,0.03506722595896959,0.028289450266766505,0.017866385624844223,0.051982669564905847,0.019800451815116138,0.002328067383451167,-0.00839997216689645
0735,0.01613148513008088,0.008382246907725087,0.02770086666615732,0.03658666784773961,0.004166760399314171,-0.011360364453447739,0.02590139169035646,0.04188055965912323,0.014951839365651445,-0.02664733975341252,-0.012478371104225972,-0.010795029276696106
0736,0.0001482509821245334,0.02105033828345333,-0.0019223915473565495,0.02402695727545457,0.015436123263130538,-0.03183511139512312,0.023274871385116146,-0.014529683002202802,0.022580375809597795,-0.018134571844718308,-0.015065137948309531,0.004101968305434466
0737,0.006663757812263153,-0.01037014747748887,0.03448747754683581,0.0088698355383993,0.05379182638303835,-0.03358633952103605,0.0034004184761137826,0.0006980568080971912,-0.016808079917185914,-0.03316938913555021,0.0006840758137444948,-0.024293853428003827
0738,0.013288864497599072,-0.011959296042588838,0.020519139726535393,0.009387744989804712,0.026241126724147135,-0.030134334937084832,0.051162759353996855,-0.024287723936609332,0.02784800376559101,-0.03176111515101978,-0.0037971193991451348,-0.007833960479646653
0739,-0.01677666198048053,-0.012766803497102732,-0.01754512596456302,-0.01767605945300861,-0.013504485630175296,-0.0446209685055297,-0.006422165162172473,-0.028730393824129032,0.002174125715907838,-0.008254067780625544,-0.02910813354321893,-0.015042913567234929
0740,0.012180276647969258,0.009163558755084572,0.007980792081455081,0.015100704787065633,-0.014426102646944352,0.00985218907926284,-0.002422740706765233,0.03535188050700233,0.0035918074564729448,0.014597606777746904,-0.007865190992703578,0.0020175565300541115
0741,-0.025780136917793166,-0.0071805740292986316,-0.010945105646335208,-0.01355333059516613,-0.007001638029276832,0.03343043664248463,0.041613600252870614,-0.0005664257881386436,0.001928522167344957,-0.03738251901374731,0.0002942324301572097,0.036698401651579206
0742,0.025087975907441246,0.027391046621920913,0.006764667409135268,0.030080897880739404,0.027688116987057806,0.05373467911249765,0.027831372195420295,0.03620038049642877,0.04190092937261631,0.03695118268298504,0.035091989240029056,0.0286472887712936
0743,0.01088731495822549,-0.0033442272700620916,0.0032075858491539882,0.011822355257542565,0.005146487568556156,0.032949238105682406,-0.00236399064544902,0.049792686110008394,0.010456160120323027,0.018022995028210125,0.01580208940802614,0.03549421787468505
0744,0.0057387446111405414,0.01829552227871706,0.01410524303372475,0.025683682062586897,0.01685593138164828,0.029255696440804595,0.016270460441409756,0.020361583943910654,0.02757543797699994,0.014470822782957287,0.01673559893287944,0.034506042674825675
0745,0.035091634304427355,-0.00399462598381584,0.020453832295079168,-0.014864308952220929,-0.004120745330720301,-0.0052480589111367345,0.029779132700833887,-0.017840143955784597,-0.01221469484014309,-0.0008634050734325793,0.007980503869836845,-0.07027191734005664
0746,0.006843558414983761,0.015408751240538839,-0.018316472524855854,-0.01544804983248749,0.004426024542070867,-0.017702058727926146,0.006292324604120483,-0.014835109780574184,-0.008099396362728018,0.023648869543908223,0.013966449771287226,-0.01961873978861444
0747,-0.033419756212796886,0.017513599521833994,0.009893148526310623,-0.012534279706242648,0.01402196237056986,-0.0002587153644215458,-0.01166368066100773,-0.003600814241074001,0.045504539614134726,0.011889714647090701,0.007555652865912511,-0.0018916382249157837
0748,-0.009190260003717829,-0.026072468687242806,-0.0629867645709708,-0.055768394788739004,0.008867936404607295,-0.06126207159957224,-0.024710689521551005,0.0019228453814275587,0.011899019757244804,-0.0066133559064637725,-0.04837725931523755,-0.019240282767527667
0749,-0.050005939542668354,-0.04809444632449055,-0.03746052950747388,-0.0586943664812505,-0.010965931154662554,-0.02978457882311753,-0.06093639394406845,-0.011293675654418254,0.028603988932347453,-0.02414498113657127,-0.027465559897728444,0.014523814208319755
0750,0.0018373696075267667,-0.04319997942653974,-0.023307368863236658,-0.038238998756814184,-0.011265823438638863,-0.018755001762065637,-0.0005216911766659113,0.024978776957383517,0.020457274146545027,-0.030821860600206648,-0.0067500961291183876,-0.005938763218056285
0751,-0.005580526530446698,-0.028843142682661582,0.0040469757006886585,-0.01368398999153034,0.044739574357832095,0.04308100602058866,0.012568371815664831,0.029385244677093893,0.02138309696169827,0.00041618222768336204,0.0005253537888820346,0.025077020784363274
0752,-0.01519030924221419,-0.014692072774027244,-0.00431717235460627,-0.001893773118288964,0.009957096341517107,0.003207228396445985,0.015699813482268846,0.022573629211724133,0.057521564148096796,-0.011599591715506074,0.009498942581865465,0.03753897359813698
0753,0.010670437803320764,0.03991226849632749,0.047709861438939766,0.041829699181438015,0.03618926014404021,-0.011601836778440107,0.029556713734537512,0.05875514393878445,0.029685429340415088,0.006642065757371928,0.04088304450971416,0.024010412241887765
0754,0.0059727991715605765,0.01890902849224884,-0.010230678420602695,0.022716793498611925,0.006501420750198594,0.016863975587880678,0.007360252586375218,0.024729813881952722,0.014289784423597482,0.03133695911305189,0.02970597477103816,0.016016948721239734
0755,0.008053967751402966,0.004454347324744663,0.007793124930381181,0.0049571981460702,0.03996778720614142,0.014722710090456989,0.02775384843660666,0.05037393642607633,0.06030854709248716,0.007729669544278602,0.04105945878407054,0.004686515151079867
0756,0.02838142855760077,-0.008091893466924339,0.04967070180728351,0.014704627115215387,0.04807591742587444,0.0018015951004468438,0.04915249755389028,0.04464827420268898,0.0017233456844728612,0.03652356777683336,-0.006648117010839159,0.031652496034114935
0757,0.04203258549076888,0.004865331953848569,0.03519109245813986,0.012775939484321184,0.03036865392988855,0.02006302277233314,0.0316233888033431,0.03027030649909679,0.055938129957969,0.010921895341217416,0.0012186122143357128,0.018172806653476377
0758,0.02192660040354769,0.006911114179639701,0.04340499589624524,-0.011852225819546551,0.016588637192804942,-0.010048667435265418,0.00045752287744420126,0.021155211379719083,0.008636755125653758,0.03446887738901762,-0.007764206352498792,0.021497217798425474
0759,0.04803287792351942,-0.0037850554640474457,0.05368142869159223,0.0060136030429638315,0.02980227065217962,0.005647266011148925,0.03993150378609244,0.009317449257706072,0.016752890546792777,0.001397743670086906,-0.017084760178183958,-0.019318110511204342
0760,0.002711126460222138,0.0139273221728339,0.010539049325696038,-0.03519076782334673,0.02462382278207514,-0.025962846965262198,0.019227863723707106,-0.022064292921805638,-0.02263112059579015,0.01615739185497574,-0.0696088618708904,-0.03891447313221424
0761,0.0015443113994812105,0.01169953990124274,0.009951180671770258,0.01073046579741557,-0.013700764097828142,0.0034736066571251544,-0.012557548675583364,0.03261693672719086,0.005801624394651827,0.036329515850666315,-0.013732768936031607,-0.013813229066798344
0762,0.05276680106769492,-0.0016831474890484398,0.048433691335667495,-0.0017142246947787084,0.013161952303372484,0.012991461454776034,-0.026200980896853174,0.01491484681717372,0.004871803862179653,-0.0220527430179988,0.014263845573304864,0.007989159665353672
0763,0.012577763712635899,0.020869171935035107,0.016731994230183272,-0.004668854097224156,0.015738107804105426,0.027112219024079776,0.031290668618162744,0.02631237399264341,0.025698733342242847,0.022108024146319318,0.023310862145917398,0.02376359766062785
0764,0.0006398200014793516,0.04508443276380666,-0.0003337699561136047,0.02918130535198524,0.03461658743787602,0.0287260065361305,0.04013585185896653,0.06075888236691738,0.020521503578768568,0.010192627822215541,-0.012032520713905233,0.0024911018307502324
0765,0.01317916314410138,0.0021510524054896194,-0.0023329043886208883,0.03810187299471681,0.018280248325556896,0.021781712405852423,0.05745931080657428,0.03158553104575378,0.04540214406623936,-0.024690453095641066,-0.009980160647460325,0.04242963207729069
0766,0.010557865299941443,0.07183788466504244,0.0046919461675204695,0.036114605662652885,0.016575911190827276,0.009375696486646054,0.032191622041326855,0.04211886964680301,0.011622684987474863,0.0005904879361860824,0.005956233094206812,-0.0021132966042344404
0767,0.038537445290807174,0.009843074257358614,0.021628315547592054,0.014442140126604646,0.05086523998273464,0.0006787179479170589,0.035199754440286515,0.011080831802341777,-0.00820984626945309,-0.023619477125420257,0.01450394231829073,0.013114768520303941
0768,0.04846366245488703,0.022748256753136503,0.030351981606163835,0.02396926795518612,0.027795760104113307,-0.012035701273765789,0.017288884264374266,0.012189033707429046,-0.018026471193383117,0.06067835085438158,0.04785286764198621,0.0066635250981948
0769,0.007399466489314057,0.008939662872637604,-0.030191054491750347,-0.00464355833228534,0.025367404267062507,-0.024178881616045454,0.007281740109106351,-0.011420925862110779,-0.01686552857206935,0.019132097418813956,0.01533066124514906,0.00294312719634052
0770,0.03980501343854397,0.05005705215350352,0.03561860609787332,0.022143098721064923,0.005056687450937953,0.006528952150877533,0.02668199661199338,0.02909572800295071,0.0038616825485757187,-0.004157717349309249,0.033876284787853345,-0.027956796655679298
0771,-0.009631309643066084,-0.010297102663021715,-0.04489266992834661,-0.011977240362640269,0.002192130864309956,-0.03764024617214863,-0.007968945425550465,0.011317131716462788,0.029675405174993383,0.0005798890325692946,0.005802968286512234,-0.022977207031587187
0772,-0.02041745366315591,-0.0018603216015923283,-0.048627488263090546,-0.014852809477852643,-0.02386037205323747,-0.019068092077630903,-0.05004830785666172,0.00402087959307765,-0.0008884593698283299,0.037974244313630105,0.03233547699390048,-0.01289365173154355
0773,0.028309157772294126,0.014016418676524247,0.007543338826626926,0.00835433997335669,-0.019877027187140253,0.0013600421204948024,0.02977874016082418,0.026531523253378635,0.013421137226278914,0.01590021989925905,0.009517156463529342,-0.014487423668196763
0774,0.009554436240013483,0.03859468777772647,-0.0009142955301074515,0.038445378857891684,0.02737980760026531,0.030403974474858972,0.013738880277990854,0.023236954257125162,0.013690565629085301,0.015705385558767226,0.04375313616493122,0.0007353328615403853
0775,0.005839372710677272,0.020123713438150122,-0.0008625123622226942,0.013209419292022202,0.01063108948316264,0.05192525121611714,0.02477746751432271,0.03146632014704282,-0.06584302478032236,0.002476667659316744,0.02021083116485164,0.0023599898639324367
0776,0.0020370644800489393,0.04630194116633472,-0.014776911776766715,0.02294955978408248,-0.009033025256309491,-0.0026433455886661046,0.0036820467652157202,0.0278262352016732,-0.0010065569048856881,0.015071456926775324,0.06527710585764811,0.0017529766382779538
0777,0.051409361361681456,0.05197430231767116,0.05118318525980174,0.06883503838225956,0.0305484915189123,0.05990092546121307,0.05558550441718186,0.07523139527493587,-0.015056581509837576,0.06425540323854696,0.01790336700008362,0.0472546368277747
0778,0.01496286284969039,0.008432439144482226,0.021541704382551898,0.0076809002117861685,-0.0015066487722508474,0.015613672074239556,0.055592375448003856,0.046684563043480364,-0.001931222993902658,0.01193510338598035,0.038626342736286186,0.05004648529751354
0779,0.05458590836258047,0.06925668195163633,0.03991124389737266,0.04834468680957457,0.025425591670432176,0.0710662097091022,0.04097523249976077,0.04561775759953116,0.021590086679237626,0.014978012540137347,0.0029475439190025984,0.029568453236131456
0780,0.03241576628653007,0.012439051101954719,0.019263796543943546,0.014767359996792647,0.02707228397461912,0.051766574307214965,-0.005739827112154554,0.022551150573979308,0.041032786424869884,0.03640123267665394,0.00021055872491799498,0.015947047252147458
0781,0.004104394400812283,0.027483747686668312,0.04564624728989563,0.029509483430529844,0.03614119029254194,0.0647916979107415,0.02124122279134844,-0.0011464740654455858,0.016845408970429587,0.030946920774366022,0.03755708186378253,0.04501376334639928
0782,-0.0021673773633093443,-0.006744900166056476,-0.015716215002545317,-0.01228238602935705,-0.013492386651557772,0.007542305727239165,0.029010658342143485,0.0048130436360892355,-0.004521940281299043,0.004468194474438214,0.014736860045086252,0.01831906689946092
0783,0.012970747798671838,0.05512315392585225,0.036180229045787445,0.037283978798156266,0.04541311969939846,0.05951848377486394,0.0626217684646845,0.08665831277876368,0.05630157972555376,0.027033494737663276,0.024734802553302734,0.046433234683173674
0784,-0.038781172041286845,0.007109889894349455,-0.02369737028554514,-0.009052568920102633,-0.027768679376550764,0.026556577526818642,-0.0026565329345122723,0.00445777223813183,0.006882867356390559,0.007982754878499858,0.037008336125206716,-0.0012573230582885661
0785,0.0025852060618727335,-0.016914422279449073,0.024527202677047746,-0.01117134443605949,-0.011700880840688922,0.006573679475934519,-0.0018053759662116891,0.0276780491413141,0.0017984736731691132,0.03415707556205645,-0.018453642095065267,0.00702459575286448
0786,0.027300610383088095,0.025663327097128173,0.021534322536480473,0.02825505189561714,-0.024482202216786927,0.03507261989973579,0.024089195086584123,0.029126510169295457,-0.010721584835793364,-0.0016941123715882235,-0.005297879066801125,-0.041604954767345805
0787,0.024168128434483113,0.04562585717346408,0.0024826084114778465,0.06777340837925237,0.01482254816979547,0.03903627442570442,1.755049507611867e-05,0.0445362583603722,0.060639849831633674,0.011086850693294866,0.024521569641001308,0.00015311063187705735
0788,0.03743446424450483,0.02710015156840712,0.025056160624106427,0.038293124041217035,0.010465747313775475,0.06385166890809892,0.0230370774576017,0.014028267771333569,0.018662718918776564,-0.011412223609332065,0.007928571885068646,0.02974655463990109
0789,-0.01152126972091828,0.023335415784214494,-0.024017210051580053,-0.0025869517740538836,-0.010904474390019271,-0.016163005597332768,-0.039752254487517014,-0.024957075328968636,-0.011658454380954423,-0.02067268394644004,-0.03192235723356489,-0.040105864801041856
0790,0.009577711615051498,0.018902331675645492,-0.0010056382743225528,0.018314251161259003,-0.0025635883699507526,-0.00136314051123043,0.014812646030064212,-0.015657389393805198,0.04499067493335705,0.0023649906228707064,0.07513314279103003,0.03612134740444233
0791,0.010420043045594175,-0.007175002169641173,0.026384474831134753,0.01880402461558678,0.05451796826561482,0.019802108117709077,0.049396924093244955,0.025127840407995147,-0.005425762442009309,0.02925339354703624,0.06913587149424738,0.02642952680643195
0792,0.007529863276237878,-0.01411670653052924,0.011238535822133409,-0.02692207988215654,0.018668198552543726,-0.012035466029808522,-0.012080945590244222,0.011792365375238065,-0.02069544982774224,0.009229240754762115,-0.009438379009767189,-0.0180717660257424
0793,0.04777606850940267,0.006629952799824345,-0.012630414337622641,0.010166482571961226,0.04950227975851696,-0.00028806940294543717,-0.003730283509016481,0.022533413436731806,-0.004808960811430751,0.02380007974418716,0.009350325376656393,0.0017712222004052788
0794,0.01606988143879116,0.04101415657352235,-0.0131286464108741,0.04755953975777273,-0.01087144315577641,-0.004551139780722935,0.006049139532181331,0.023856874861763865,0.009790103320263541,0.020765087605104402,0.014562038122963335,0.030249434975195253
0795,0.0015355433930927902,-0.01275135597403278,0.011889814003669967,-0.03504426944268344,-0.05473163336606003,-0.018925064930157477,-0.02407269634054996,-0.003113881622266067,-0.0062436842214985844,-0.004606545875262031,-0.03315143438254047,-0.022740477335556165
0796,0.02001718000399955,0.03370400809537584,0.031628748303935125,-0.0024770315479462368,-0.024299028674046316,0.016776989973939883,0.016390931882136566,0.013119209201644487,-0.010289346061427824,0.003924198368592626,0.029177184402695445,0.012808266507251661
0797,0.003547790461307767,-0.0210756079312665,0.0026490842526925573,-0.014890593587147208,0.01022171114466688,0.005876205637707822,-0.0234136468307557,0.013996976021897648,0.006353584153383836,-0.02850146001434494,-0.0215854104185941,0.009186379151379378
0798,0.030504601710272167,0.03597622488497506,0.040921992026761056,0.023301636771036093,0.007081600648571445,0.031009683822576673,-0.03356870923780211,0.051936388000595426,0.023141855922571498,-0.0109995276697479,0.003968833475380012,-0.0020772341610835847
0799,-0.01932437397911214,-0.008705960593991268,-0.02264661785662297,0.01362500031908309,-0.032075240850210206,0.029533689410322788,-0.011905244690907318,0.01744693777035194,0.012550746530757377,0.04421651157891326,0.024937485424796048,0.03222108030339663
0800,-0.0061737569015127055,-0.0025933549419186477,0.009567450236764394,-0.010018463364396052,-0.02193489989725879,0.0280579597682992,-0.0121680890384421,-0.0036495682288283106,-0.012372422373603456,0.017316081750053492,-0.01076753755662786,-0.010583862123879849
0801,0.002702210904474226,0.024502945667029027,0.003718295229226238,0.03984203975474886,-0.004828386789803014,0.03733368797021097,0.03764350665195479,0.03378710238440206,0.0500357738352197,0.028583665487721326,0.011918839881330452,0.0013745518256902804
0802,0.0462876613116005,0.04600689827077001,0.020548925164254328,0.0525824771397949,0.0101588651260229,0.05181886802736694,0.0035815690044969676,0.03284787399109909,0.029837573108235434,0.05344009093172609,0.05134316302205843,0.03528632715641045
0803,0.019308065426957104,0.039383365692215316,0.016422631263505603,0.06592470007240041,0.03241401229983334,0.028709917361529634,0.04536325928860456,0.03906843791586886,0.005889798177809475,0.02809495394079796,0.043839043926018596,0.040887321692924805
0804,0.020765781873220486,0.026907882515343776,0.014830143248104234,0.025653393482959568,0.03853822830611616,0.00043781577632360353,0.009564333189052213,0.009470052592504968,-0.014606532545712982,-0.0020704969542184844,0.034595690611429884,0.023812522709959927
0805,-0.010398409896059868,0.03409856993315115,-0.025956602439282196,0.03554955292042473,-0.004794326141450446,0.04382012594736317,0.009971507750190374,-0.0004746325784467703,-0.024666179795720795,0.016450538199908393,0.008511931038676222,-0.011130965898700733
0806,0.04469252440731287,-0.011018132596006378,0.031240804694456212,0.015095091504938526,0.012586674089466976,0.021074615717421495,0.0262272216546309,0.016815641521570352,0.0016238392356101752,-0.024026801335891634,0.03399104263310042,0.03612309700050889
0807,0.05088681610868199,-0.007200552067370437,0.02596086066180541,0.012096552353354561,0.002864582289599598,-0.005050328128994975,-0.002453479479905063,-0.010897736234286826,-0.026819202130174448,-0.010863899353446393,-0.006806865477484256,0.002813746230360507
0808,0.029435125573103182,0.005676696144955416,0.02805814371691594,0.02845315731458763,0.0061483217459934745,0.048931829202771907,0.018674762574412133,0.006069112335568731,0.009284999289307615,0.04613685709134208,0.03207635972332113,0.04615267652207564
0809,0.048507124593742595,0.03256330499361224,0.03126741901276951,0.025528122187883653,0.0294684161004711,-0.003659093015336353,0.048340051721151925,0.02252514770003017,0.018690810077595942,0.033533975268665,0.024685891963454675,-0.005768449683410421
0810,0.02701118394796765,0.007296388824908468,-0.006536014890827785,0.0034079064599703713,0.0028712374183799396,0.005270909255921416,0.021462436811331045,-0.01633955769183108,-0.0336232754556369,-0.009360661412372231,-0.001234258338159852,-0.032089922802263054
0811,-0.0021288331119246736,0.01805985512939279,-0.004241018999826697,0.013434528722370866,0.003928237144712095,0.029338326284087318,0.008633302276880693,0.014022736809345949,-0.0009093255564407945,-0.007036317940579851,0.0312221893087907,-0.036621181320527024
0812,0.012472888353924344,-0.014401614743941329,-0.011613742592148939,-0.0006112169571228627,0.02452406243587747,0.02704701117123718,0.01324462748567613,0.0138719019897568,0.017290977556539508,0.006273205161251743,0.017684038743559494,0.024907412645375257
0813,0.022158879791029307,0.015206941656229331,0.006749508692055232,0.018114305252703907,0.031642532788949955,0.034264538157747916,0.05529627798118425,0.07724666030168462,0.04217687319634405,0.011585035732510948,0.0640587946056693,0.0020320119353670523
0814,0.030329504094375757,0.017580530604613166,0.0076959406399976175,0.029843172607947457,0.008613156207065938,0.0575157282279064,0.05038915761403514,0.05761541991595103,0.06525754435027882,0.023340287811825,0.029076009900737772,0.030599266238665913
0815,0.00039578548049954446,-0.0011417378179615907,-0.006598268824370604,-0.014673373902325756,-0.008885964069108772,-0.018009127342742286,0.017745991385198636,0.00892493747811611,-0.0026172313868031614,0.0038813645283736504,-0.01307517575467613,-0.006252843411901363
0816,-0.004068581410547551,0.012558639667932255,-0.011959508256100981,0.00985175386518058,0.021419009846846526,0.027079226384863316,-0.008250628336087406,-0.014009337793280454,0.00954347849778871,-0.02055161721410514,-0.013644745801222538,0.039335375921743895
0817,0.00714450035375877,-0.019391441122802902,-0.016670162697729477,-0.01214938877743009,0.03190903524592534,0.053012112371487646,-0.021150377865780178,0.023093138659725745,-0.01941853236828143,-0.03079608043061379,-0.0027120830126532436,0.0007264894746286164
0818,0.02559142218965139,0.0015489782951012545,-0.018038144285836142,0.020928812192985664,-0.03485686124753776,0.06655934226422133,-0.01776531035080776,0.04716797665848981,0.013775018646868841,0.040402397044279975,0.024766344016005144,0.03603471467670967
0819,-0.004029617830362204,0.0022703761908557394,-0.02747629014223864,-0.016211751877869177,-0.012562022331931634,-0.021679466305452238,-0.015069065414973711,-0.005519179788736118,0.01579733346758179,0.009431579489007141,-0.007508314214809606,-0.007196464467547927
0820,-0.002498756982602996,-0.019232189044007107,-0.01912110132091332,-0.01333090030431177,-0.027892086844269845,-0.01655413782826964,-0.02445617242886068,-0.014530352034200241,-0.0058287091547389435,0.024703072097672342,0.007484684547405319,0.003757105846663621
0821,-0.016233915702411134,-0.005442787430072914,-0.006219387927806636,-0.02868381575572398,-0.023350692914261662,0.006193951368362895,0.020055668918476315,0.0010519820621462804,0.012106533380355925,0.007421396841448758,-0.00010157903381420374,0.005899808140065639
0822,-0.0185303626322125,-0.011545940426669801,-0.016615583012043356,0.011275436168439106,0.01571336482096288,-0.019283442808343945,0.005722222358006483,-0.005906056251806654,0.004349053918668107,0.036840356267929336,-0.013835624566234292,0.010763836211185191
0823,0.007840654873510185,-0.028143476995785115,-0.0014385090654723284,-0.002640782795429925,0.03478071698123457,-0.01927363101454777,0.021349859742922615,-0.012220323318268224,-0.008514120094316568,0.0020214465567740753,-0.017970272475581264,0.0062091305493887925
0824,-0.008974692404008628,0.0043671903617460974,0.00878560557436744,0.01812266015046197,-0.0059314651863594,-0.012585745205526922,0.024898616965746863,-0.021008835481518544,-0.010788685003398564,0.011981059367184299,-0.04406193789168067,-0.02446137458110244
0825,-0.004750999292060942,-0.02527377306699363,-0.015359641190091719,-0.009792703338870548,-0.002389774093117162,-0.012369734557848688,-0.04039166220186097,-0.01100886876436699,-0.03671472855170455,-0.015143134191546101,-0.026681785666732627,-0.03354017989506497
0826,-0.0008115936320469381,0.03413618856143539,-0.016928656204842032,0.03287565657802445,0.01108506555938137,0.027703034098983524,0.012330482431963278,0.031234488661382363,-0.021174482682347198,0.033893950100509725,0.014196778447796859,0.014330168169107937
0827,-0.024719378810130564,0.010099915064987308,-0.016246089458681227,0.011081478289572195,-0.017063940121832922,0.00936101916875202,-0.026231284790091403,0.03333619375011603,-0.013923222756674127,-0.019297647624012204,-0.019319475553063774,-0.022690579125778154
0828,-0.007857898633900283,0.015083567181597467,0.004901925481868784,0.01962694517049921,-0.02542737498133815,-0.025318799206348885,-0.013682322582098696,0.030376190174677586,0.0019958832467862377,0.004021061021661581,0.018622136917779364,-0.024605958122981456
0829,-0.010540206341808064,0.020177361297386797,-0.0008054707655108631,0.03641656872672946,0.033840846289334967,0.032467223786145916,0.014983209228373562,0.01247533890518379,-0.007473349554865034,-0.031933978593232014,0.0077536688638326825,0.0015950921468673922
0830,0.019006151385279967,0.009965148706537506,0.04571507027853715,0.043544489730304545,0.03223207039909425,0.016802266558852096,0.02487673521380323,0.050596285961331935,0.011640620570412676,-0.006129931708764999,0.02109704404014478,0.020894207503009455
0831,0.02400768907690879,0.02997584901200278,0.029001312389997952,0.037243097289714235,0.020911449430827442,0.064045947339899,0.016241464765290137,0.04021582621102438,0.013872073482056968,0.03104108820015893,0.014397107005972687,0.05382727833843595
0832,0.012757655486462315,0.01131085276788029,0.022634406979688666,0.023718155926936352,0.07352932309005863,0.009366239388482593,0.0524442854021321,0.047183375529127186,5.333687258941153e-05,0.05001922599790165,0.020120120468358947,0.052545932299491165
0833,-0.0063844298223145295,-0.02336044277797593,-0.006176289520085106,-0.03129036847395411,0.036826598211355345,0.026667065897026245,0.012763702487677553,0.007332541134458842,-0.04234306142981315,-0.018235064437845526,-0.004498273921193838,-0.010932460795208208
0834,0.02134965972496494,0.006067305468596578,0.03180494852779263,-0.03704706553154722,0.040303878851765715,0.02813681552702992,0.017492148824432622,0.009532094889650638,-0.014407814598641417,0.016827453060178486,0.01690183353618486,0.01710458473739234
0835,0.013017217408435226,0.026050158116031077,0.040743768059290655,0.012257663475629019,0.043552804849433115,0.041905580261571096,0.0547135363692579,0.03473186264741303,-0.020200800165328325,0.029469410317239427,0.03986621278327052,-0.009069619058176633
0836,0.03685134618774587,0.02545926350485988,0.030802664472461685,0.03966249898232344,0.046823734462535474,0.0260809731032798,0.054254769779718603,0.00923263680053105,0.004240908479144634,0.06964706255611054,0.004177135316725837,0.019750855179244416
0837,0.07733848417906153,0.03607030238466477,0.07563589674373773,0.01512256839859416,-0.006043835576583108,0.026504243244377383,0.012906057503500547,0.011121260824179365,0.03865857114898001,0.014260753490500702,0.011944715556066292,0.0392989821867124
0838,0.03617363620074522,0.026263703448166423,0.04050902837697525,0.035737384048992724,0.02863185694706936,0.01597486494169145,0.008287395434950124,0.03150630950950172,0.030997622480235753,0.002051668225979243,0.0198757748747631,0.03597517249521405
0839,0.03851625143108189,0.028978250642933502,0.03247147663174623,0.036229462878176556,0.037798000717408964,0.013674961757134873,0.016314936228925565,0.034164681742088615,0.0672427750245095,0.01540100761518101,0.020823951126772346,0.012879349270745985
0840,0.022448540216150985,0.010143778703807099,0.027629217546195444,0.011474402396339265,0.0397773047911889,0.009071155255352636,0.02207062030928053,0.01636274086493234,0.038715820067492336,0.010625832380513916,0.036329595489473766,-0.02410561451200483
0841,0.01426917585360011,0.015411508874631486,0.025486582286306403,0.009796156873041605,0.014617638133708711,0.01094706297147099,0.042695519494538973,0.018291977863260204,0.03849026659680587,0.022697711151260052,0.007063828772415965,0.002153675023482557
0842,0.01849894279656453,0.020440400768404293,-0.00018860264761076388,0.0031332807660064805,0.00025860068064011144,0.023780662713898414,0.03238843981534617,0.009828805506419078,0.030545443514709617,0.029432668154371615,-0.014367450676582601,-0.021172231541763124
0843,-0.006902225388537422,-0.003138569550335052,-0.022908152774045235,-0.006448845227235955,0.02696387989161875,-0.008359984407672041,0.031464953443467135,0.027749965638935864,0.047116814504131875,0.012962621729475349,-0.0016525322711741929,0.019466981226837925
0844,0.0057670736183003165,0.027495567723290575,-0.014974249110754104,0.036602119161210755,0.01023822747558438,0.028987770357323604,-0.005536598768275215,0.02160914545722786,0.0004086175044603091,0.027978810767541145,-0.01164885153674149,-0.012799395893671217
0845,0.010067040037794382,-0.008657413720067866,0.007766311642104424,-0.019524783771950254,0.0332713349969239,0.014201862871042083,0.011039738843774481,0.02421582833339746,-0.003442121535351413,0.017453298834549845,0.03373193589247366,-0.024570112299850445
0846,-0.0048630799519580395,-0.007278088740802507,-0.006345803898585946,-0.004434719762174383,0.02531492021137545,0.008863157610083133,0.007551650796088485,0.03528926160608201,-0.031157644799992768,0.008106185273029046,-0.01852715736568328,0.00013883488722838847
0847,0.01567765577341082,0.01644508962236357,0.01606560684065549,0.025010295123392753,-0.0032751888282639965,0.016696404812528758,0.003974163770639834,0.0327822719078314,0.013965017399155667,0.03778120664281037,0.009667006931899619,0.028681670018878253
0848,-0.0005393694246089791,-0.021310185542328976,-0.019205358668404712,-0.019499338447337786,-0.034995093541786794,-0.042014783998697215,0.016821459811549023,0.011325771419053466,-0.009821645222845524,0.03352846473280956,0.018310679111799996,-0.0052102968541468285
0849,0.04839029732960535,0.05291979089386983,0.049793264831686244,0.023440206703296315,0.0207693091226693,0.057707914846130165,0.005670463549636334,0.03034281707277253,0.017510597104239422,0.0038771183777130095,0.03379721834238242,-0.00602935824494024
0850,0.053319448615139195,0.029241095097574624,0.06203795199445746,0.046202729120427825,0.0666733058132375,0.04012015186385985,0.03841176637429732,0.021266697879168815,0.01600821379094594,-0.021412376165171408,0.0487078539082674,-0.024544438475018113
0851,0.05275297026509683,0.04969753052513396,0.03748148138690373,0.02479657709077888,0.03309828038033421,0.058578622718955344,0.040409730005314,0.046652870899184525,6.475193090758771e-05,0.030027320076697218,0.062477458197116434,0.026065982578788918
0852,0.01456974024459916,0.019988329192661632,-0.016207163670695635,0.027986523424888974,0.015416876728829857,0.026252452473509005,0.03262347338356435,0.05746593729872216,-0.007349230356498526,0.01966876913902167,0.0047664037262106045,0.008062686322378932
0853,-0.011551501906655562,0.0014030390826924835,-0.006429210896594652,0.004714208976722095,0.022849879903518614,0.024037980205755448,0.024873930479489083,0.003392832981585274,-0.004241837736131114,0.01546678234149896,-0.035424593579699376,-0.029174061882083876
0854,-0.034760054522106336,0.014533366687340997,-0.015579787690400165,-0.007310380816337652,0.004047061176125145,-0.0113128013791819,0.04735082433195298,-0.0028920336953110063,-0.007073391520634932,-0.031283381911896335,-0.020637928401857717,-0.00544127325813251
0855,-0.014935020375144761,-0.005528973846692091,-0.013684725612990833,-0.017723658559619767,-0.03577840611140908,-0.03619732751064567,0.02173666424332724,-0.0074768534252073,-0.008302723321778168,-0.016922210815040056,-0.02226063951939985,-0.00603428499821896
0856,0.0067349373995367395,0.013419313441212454,0.01792702929340232,0.01729683829467968,0.01922691136943642,0.011669269620519526,0.01443344197776037,0.02694220706451562,-0.0008074517879348607,0.013503428150056623,-0.01887088074035164,0.027790287681007123
0857,0.017672934981690733,0.07623375678355154,0.027159631483571964,0.051218614069580504,0.019965299546841293,0.05106878241310904,0.05134637109556756,0.08147040203772238,0.029825148381177353,-0.004835581244859408,0.02810697978740821,0.04278003114164188
0858,0.040052084670147294,0.03570790108778897,0.008287801254843264,0.0269770242190728,0.04246770806727601,0.03289430902504165,0.0773306689225369,0.034544725950536745,0.0033815792241629673,0.0033295901031108006,0.0053314875777235446,0.003983975877762593
0859,0.015110286599026433,0.046485367000240814,-0.008412467962494175,0.022715501655085887,0.0026488640226458057,0.030424177021886826,0.0336045002460868,0.009678259902543899,-0.005506245792862616,0.03326409113439624,-0.0060648164558414685,0.029393936645401346
0860,-0.013379266663030303,0.019897274391588157,-0.01557393141634605,0.02272624693204844,5.059118725746755e-05,0.04378897744407085,0.01670500880051326,0.024121563597631353,-0.04239697248465383,0.02237179916905539,-0.047044688754643016,0.004129513421086053
0861,0.01640787157453137,0.028641491823707205,0.017686539867683808,0.04187710297846948,0.011055795861312681,0.035319697330752554,0.0004287265563138911,0.038181383562285565,-0.03281929821756645,0.04001155077351019,-0.05283505049045097,-0.01655933637758065
0862,0.0157115915249946,-0.004587340254415978,0.01824307727683546,0.0006915941360235988,-0.04270849820681381,-0.01370683412756291,-0.0134262136326983,0.028371090969581052,0.028779901350703248,0.00895091399877987,-0.01288705676025371,0.04175976907200242
0863,-0.003151142692725543,0.01870675427089644,0.015389874952605676,0.017247918153910902,0.01951565899750462,0.02483581721058359,-0.005749908956173665,0.07586395217841485,0.03049872738480341,0.005967949653415588,0.01309945813897817,0.006248997149193256
0864,0.028046816271280202,-0.018207764731398228,0.0219805199080825,-0.010696892452136134,0.005068708952618087,0.006927307510467603,-0.02603049413631137,-0.002365297545382861,0.04234169708603894,0.015164820292539752,-0.010365261691464274,0.008213860162489144
0865,0.027186153049476833,0.007863210429428818,0.028571381467193988,-0.003371748411390597,0.019804665050608555,-0.0015821333451079213,-0.0038823419966500954,-0.006159832614457349,0.025297367434123683,0.020778409655511153,0.019149725820460286,0.020424034608658805
0866,0.012379534903110837,0.01679731035809083,0.007571765989101005,0.006144865993379296,0.03267855547764642,0.01980018278029009,0.0270985318960474,0.04759042030385152,0.04229118244620856,0.011185051391662945,0.03494399561002401,-0.030105072135210745
0867,0.009121876971731934,0.03176574305152655,0.017347153650799727,0.04676755820345857,0.023954316466166078,0.053334459392001925,0.022656159729926736,0.006974800790329963,0.048354101923099066,0.01477123134381712,-0.002958209919596612,0.027956513439889908
0868,-0.0008476842699144325,0.010860777652820919,0.030643886095365565,0.02302195340268512,0.025712214754221974,0.021406061205725323,0.0032905615322739727,0.001001013496900553,0.009035326437608652,0.026340455477159463,0.03200593293949132,0.011780920825980859
0869,0.03172537042491531,0.0353389716274658,0.028681073813151076,0.02563340571852294,0.006303897637407676,0.010952499935195568,0.033774823665826494,0.002529380860432387,0.03128147406555585,-0.012546750078142611,0.022331983811222554,0.019041542212799953
0870,0.01613647801923707,0.01617903602244557,0.005527055167558448,0.016158813786377995,0.03750634682619515,0.054912562073489116,0.002936625285327207,0.03273925462201908,0.03282164354420958,0.023082593858830228,0.04062717747019524,0.007530523483933153
0871,0.016396136334527873,0.014639430545821142,0.028680745910139926,0.027821198858339398,0.009737507249616256,0.02354422080283649,0.0018484875521784128,0.02579095090246758,0.03933141877650861,0.03789570662140623,0.00603090814246875,0.009048832975765465
0872,0.018946058347448946,0.02899736351592161,0.05271126695344699,0.03486196859046482,0.01179167632966415,0.026509358533715877,0.031449049631682685,0.03372159717302872,0.016797525307753355,0.009487834348472989,-0.002347030152701124,0.047322497361282106
0873,0.015039175669800857,0.007649681927117946,0.027872409926806403,0.014838867505448243,-0.004888472122264627,-0.0015997249560990969,-0.018881089387686106,0.003020644013987913,0.008906546501661965,0.0017097072416755498,0.011551873656189232,0.015223635051815902
0874,-0.002907154811818798,0.03385743259406039,0.015397507755515074,0.01555035829126494,-0.003634958501546911,-0.020315142746910004,-0.031646285887235726,0.023572766063902895,-0.02336895889574184,-0.019839757857660865,-0.020586572651726157,0.0077664465174346236
0875,0.012510606091947901,0.019842163654233167,0.015688674768576844,-0.004464515687492577,0.00937171411641098,0.011929002883997184,0.0007538547963256724,0.0030880214758802443,-0.04523851074730758,-0.024371564799957363,-0.009386136152040363,-0.017840460768580334
0876,0.01700421175288996,0.002264821438745898,0.03664621252409813,-0.005304824443957369,0.008946858945248774,-0.0031122065914595543,-0.009954102351461281,0.05232315542698146,-0.033813065137038884,-0.002504291542673219,-0.03971417706847579,0.015470443888815886
0877,0.030134542477404706,0.06328518226603289,0.009640675952354108,0.024534319210301945,-0.019091458297931328,-0.005983681912297678,0.008246355974081828,0.04330086218590672,0.0116213907741962,0.005794897456969654,-0.00028094021855426277,0.04407260815542493
0878,0.026276182401717713,0.013453861421713448,0.005775130319997764,-0.009382325355598251,0.03674628083759657,0.010519712432053957,0.059243772158233385,0.0511822017904116,0.043479380392381244,0.015666421106125206,0.03945476621581505,0.006723024310086717
0879,0.030185573030226252,0.013242555650701168,0.01269393404838506,0.02945415900007834,0.015614694512496903,0.04174077643474269,0.020509689853888152,0.03967523450839133,0.014353737981382475,0.011877958842428395,0.02895251117451173,-0.005666262631232052
0880,0.03475450610035805,0.016850130181876623,0.01888946108515976,0.009079147242434369,0.008299615151103366,-0.008603589570299948,0.044790972074114636,-0.016940735995007897,0.013188064129237979,0.00883539725574333,-0.01935549621397411,-0.03826378250087044
0881,0.030180723996116595,-0.006065080835378231,0.002351753628886068,-0.0016795138750579802,0.02603675853096073,0.019416115501284532,0.011718066018110079,-0.003926933627525833,-0.03844790331310867,-0.016544933493919372,0.00476817380845534,-0.050239700519735794
0882,-0.006234655673261071,-0.0005578238120046848,0.004530696583083914,-0.03014701975840761,0.007758283181906591,-0.0022691018469221595,-0.01663769186781044,-0.005421402527116055,-0.009223457265356762,0.03813595619324926,-0.03665322776898343,-0.05005114402891295
0883,0.012623948369579764,0.04633487502551714,-0.007715986909423189,0.019955887876353474,0.004124488122115086,0.034116444750430984,0.03222517991132529,0.02688191540815478,-0.008036631919900459,0.03363778982526511,-0.04896541154270193,0.015862542996859214
0884,0.01809599060054721,0.02216062040575616,0.03019415386557138,0.03491098051641534,0.037299451633615484,0.020842193800750582,-0.006248862914737335,0.010955830735316412,0.007877440222637807,0.0482880539156927,-0.01999313649095637,0.015233939735497283
0885,0.0019173141731182249,0.055029001057275394,0.004473803933863207,0.05076411473538418,0.03898015124595866,0.04006395313054655,0.014208693205047345,0.03167244822006781,-0.00675527814097885,0.042001304016235884,-0.02829671920612686,0.0260023963648437
0886,0.0206251042438693,0.04008113734145469,0.0331160754080721,0.0555940272116003,0.02358172351456703,0.01386235759204958,0.022178601167755642,0.04387715314052472,-0.004081660938232188,0.023930162776282564,0.00317174443532248,0.03338578173167596
0887,0.02065154964444022,0.027408255931598027,0.005363288935416493,0.03378287131133142,0.017944702542980993,0.02249227161664111,0.02433313940900823,0.027024214833899246,-0.002454726218711465,-0.00699877483936692,0.01846712166647566,0.02239344412412711
0888,0.0441074623999567,0.03513981174528178,0.00960699229320991,0.050267883695934344,0.0007061549440691044,0.032719968975317135,0.06159171746357759,-4.529003030685331e-05,0.03321548957977256,-0.012706523688582638,0.01823766173551765,0.03545606099801985
0889,0.0465462219630176,0.020720251739416586,0.013818367046544922,-0.0024145138625169833,-0.014640007145148699,0.011847419081279936,0.019409083720073175,0.016715397244735357,0.033968422283205575,-0.005096140865763053,0.06194249842349874,0.018338382235833124
0890,-0.0031807170622064713,0.013876495350024385,0.013371536219947534,0.007633469394041228,-0.02757295613133051,0.012270009664056145,-0.008410070050579943,-0.019355961552160687,-0.02597321589802583,-0.047238342633466865,-0.014813097936331005,-0.0024633620710213643
0891,0.02144504930876931,-0.022247403561518178,-0.0008367175482450051,-0.03858914843271653,-0.02201451730595206,-0.04924664534705661,-0.021585797921602493,-0.006083910831421138,-0.01670278692627283,-0.026271121458554505,0.020283192437449353,0.0048449188785659875
0892,0.02097283168277202,0.00934874614758099,0.0047150396945908266,-0.007991471740452708,-0.03415077251268359,-0.008342436143032832,-0.04052640808844312,-0.025959142965225203,0.019081531009070174,-0.016139885385517447,-0.011768326060403362,-0.0020515425419435863
0893,0.0022119281514460737,-0.005233509507509925,0.03199027930005839,-0.008773835693900696,-0.03771441935329189,0.0006222434102621814,0.008568238193590545,-0.010484843675760233,0.032341486748384454,0.00643652535782964,0.008380522936251428,-0.008653240794525965
0894,-0.0165330423308103,-0.014777952461462058,-0.006654624472050848,-0.018613311985043672,0.016272854115333985,-0.03385652565988431,-0.004446726399587454,-0.02287129536716073,0.005446995234601433,0.007889765964827445,-0.0016560231771053384,0.00638865091297512
0895,-0.0425819675232298,-0.005270799562836511,-0.009758563552411824,0.027221988797084654,0.05592832414712439,-0.012381129466552149,-0.01943861045938355,0.00652932718504473,0.011567213847295423,0.02402239527240314,0.025274659278367945,-0.016483559029297754
0896,-0.01091664019634347,0.008936951329942225,-0.013256502112683125,-0.016472866357525325,-0.01600355837645835,-0.021231894985200894,-0.035972263456644886,-0.020587871418324733,0.010325223240635912,-0.028494425149557634,-0.003004713278934142,0.02132831846951735
0897,0.016057926194354172,0.019802888040562735,0.012682276576750796,0.01593688980108763,0.02323427721586238,0.019335791952544923,-0.03478643214063036,0.021744299186351575,0.03798809420205515,0.0025538643459465933,0.013194785324448823,0.021108071563480924
0898,0.042860079781002036,0.055002917319505434,0.03769458826835272,0.033162089775522756,0.04095272449210693,0.01839207573855548,0.06326609548980472,0.05207812019019509,0.03189738898083277,0.014971232783368853,0.02580091473627055,0.009411651480710563
0899,0.01571337243427434,-0.020241986814370585,-0.0007086226615407232,0.0008636189400078382,0.0006021925099573348,-0.01948198853421815,-0.031851627620159036,-0.018620401204664034,0.007088282493342992,0.026668114327244807,-0.006268249020785303,0.0009664253927273343
0900,-0.007150322894631674,0.018362320943363243,-0.0035600543831092136,-0.02010473584646063,-0.023776978122544756,-0.03453256063419051,0.01487159181026662,0.005167161780041606,0.017813201924047166,0.015890118968672973,0.01395425073643238,-0.004407238022410006
0901,0.014529789861922647,0.031023090268863615,0.026083740547475188,0.00922782249099472,0.014174606261514532,-0.0010758377928429311,0.006631509792511638,0.03950465320932577,0.017576742946906143,0.022007647702651525,-0.03961270499256376,0.018784764682606342
0902,0.010359172934856877,0.049173977645156665,0.012141406547933848,0.030877570664493245,0.03887819571273646,0.017586709096422966,0.00862513658395535,0.03712452532905968,-0.015763407631098715,-0.0170942468197824,0.014049709862883323,-0.01139965772010722
0903,0.02004790996157445,0.046034238000710694,0.03323875277675595,-0.0026708145256023096,0.042354442563434624,0.0049165799109383065,-0.013857099866525136,0.013965249853028272,0.0036796181931373216,0.01164166424245831,-0.011481237597643138,-0.03284540899376446
0904,0.003287701877063373,-0.013784955072443688,-0.00023680331083128573,-0.03261415567454593,0.06691865787414862,0.02081055181473989,0.03350101968710193,0.02578723025351198,-0.009739069317318855,0.012005077057591546,0.013120157849667313,-0.012008253481716531
0905,0.0018817391590577998,-0.0020680239269749647,-0.011336818259275473,0.008026413219750736,-0.005051662102239042,0.026523896786464905,-0.01720167698950191,0.004905611433501227,-0.022508563834918182,-0.05976374974396537,-0.013363031668179662,-0.030751437024048936
0906,-0.0018486971046224375,0.04503500915920657,-0.017742055304098777,0.014243693557307754,0.021082278014686786,0.03689361894038134,0.004170237447496718,0.01866204934150548,0.034092895693479786,-0.0028410854170238535,0.02431297978415462,-0.016918535667422647
0907,0.04847415792874775,0.053668699397701976,0.05963559440992621,0.04617257492935273,0.01853087187468133,0.034097763545829926,0.006431639149666648,0.029307850292466863,0.04350984743331092,0.017749918644791363,0.04964772920360573,0.020492405543075465
0908,0.018405466682063974,-0.009833507495672661,0.004157230415970064,0.0029640171182531583,-0.047052326461205954,0.02206047505554517,-0.05368142263234456,-0.008480548463007099,0.009900854782373021,0.047149993671195406,-0.038993431149583535,0.040772458108286426
0909,-0.008044955657998305,0.0403487377589787,0.0042203106992984105,0.04497645351693487,-0.01619229323943365,0.020710815619955338,-0.004305135320855169,0.034078762834097054,-0.0011210418367867169,0.02027552860932881,0.01719337295106885,0.032078033385562345
0910,0.03540099554482397,0.03692818052308902,0.03229372275506041,0.024352288603288322,-0.016272215717147896,0.011465981153861722,0.02664897395181783,0.03467539846999993,-0.00011649453068316664,0.016550886058576075,-9.20750103962307e-05,0.03467610539017871
0911,0.011518546760738236,0.0010693843744805595,-0.005467906129010756,0.015809218564909,-0.01800392877813552,-0.0014778748486058905,-0.011248722467846887,0.03451112550936143,-0.004118047685771278,0.010940731340994962,0.03260930244260766,0.04895128203921566
0912,0.0471629583399273,-0.0032240946690149353,0.008302313517439477,0.013254926314893932,0.030415413868273806,0.012643003347628303,0.020119006949628596,-0.003014302403557307,-0.025451984766571317,-0.014778625649714872,-0.005999296147944399,0.0145251260935936
0913,0.009675144771095847,-0.0017318934766068033,0.00901153839277262,-0.009832851328123598,0.010474671284746507,-0.004862106321375569,0.0028666011038191207,-0.03289707985690807,-0.019549748312158947,0.026398957050144757,-0.013640588401609368,0.05304053793793556
0914,0.00038879130525314225,0.003547545693825398,0.0036569195981338873,0.011765954406212987,0.013905596334333954,0.00043477653585939456,-0.0028812973037591785,-0.01599493125230434,-0.028660903775109495,-0.024977888578277097,0.012674005522372259,0.027307580457574407
0915,-0.0038856507758715892,-0.008891658542746796,-0.01056822568818615,-0.003411265602705639,0.002416068484845538,0.007054271805637669,0.00872091740427718,-0.004127663038726933,-0.011561695405205985,-0.014622390035189926,0.017782776904007418,0.0004777894106832322
0916,0.0028412829485807887,-0.017235486919425624,0.02019038811231713,0.006094959584283028,0.008290200226053021,0.01921361864282284,0.012271189359572993,0.01503329956265078,-0.02850066118443326,0.03628115536434637,0.02941395336240164,-0.021712682979297824
0917,0.001475899352049717,0.03205011990549343,-0.0005182454819244311,0.03506071050990029,0.030732836277834533,0.02793643765211646,0.022601074439162726,0.04382161169019443,0.01261912702859669,0.016291784194807403,0.03371317683576769,-0.004635046596806344
0918,0.014234540164972862,0.021460768121097408,0.01051920898210013,0.02637238183842688,0.0025297305284741937,0.05560717537579789,0.0570640462996789,0.040842340239136035,0.026005276831625748,0.023043615513632036,0.055767295077157594,-0.012175770599723069
0919,-0.009071762648430291,0.0008304824830707208,-0.004950746148086002,0.009350706045345188,-0.013127245849547994,-0.006016128078986008,0.002853066587515565,0.02881998656322669,0.004442891704634218,0.007564630533751005,0.007967350153461368,0.0037650091780969536
0920,0.007712092436942862,0.00639888942975039,0.009046428438353906,0.030912532998818004,0.039627711078408234,-0.003967685635236476,0.041105212581819,0.028006169236585617,0.011763735670964809,0.011243831094913607,0.011306107385104167,-0.005836326866721696
0921,0.011598093378322277,0.005177059954755488,0.0021354012291736743,0.007742101646456643,0.00527944259569374,-0.02241990685422213,0.0030054064425314056,0.011316418550828438,0.00635088140447851,-0.010984417325501405,-0.03509810812187608,-0.0034106587323356453
0922,0.005654792630331278,0.012764581534353323,0.010299831478893271,0.016738061361704203,-0.012605942683430392,0.006635155350124598,-0.008392295469860471,-0.048157712042827795,0.04832916465974112,-0.004504948746093804,0.004047289062323054,0.028354437977052692
0923,0.02477166487916072,0.008321330110645644,0.013370039003816699,0.021888026799775678,0.005298248377740428,0.022628283757091677,-0.015000961715125168,0.007762261456710837,0.017975476909153642,0.029579091986077968,0.03402114021159778,0.021664838821223577
0924,0.028498770350624005,0.0279675378520332,0.008653787976869153,0.012599677346997393,0.032054700541945785,0.015281342649964464,-0.0009446098557657379,0.00691565754938593,0.04065956701054919,0.025775902529144197,0.025078054223464163,-0.0097066060718474
0925,-0.013509263229950934,-0.02214063015521199,0.021441846692451964,-0.012999199705772959,-0.029047644833428775,0.02001676345072116,-0.0029593553682720265,0.026844234588734493,0.013814016079960478,0.025103901395101713,0.01914665077267403,0.015315800682844943
0926,0.01605737255940349,0.02255301113686002,0.0069462974692388975,0.004263237935931708,0.03152982702296893,0.01396832565316992,-0.015164416556777815,0.023839410149367565,0.037842710780710664,-0.012075011611830635,0.047357313027787735,-0.021844037379725078
0927,0.012826556745764684,0.03270922080204118,0.007478301872829915,0.0027343675018769603,-0.000545187782951721,-0.0016410958170219962,0.0038657659336274546,0.011076778768947441,-0.006578441834097319,0.005312041054109106,0.02488827932273915,0.022299037863493423
0928,0.00602330059831833,0.009443535543421538,0.014321833251473102,-0.000284578126772878,-0.003806749240333433,0.026523951598733775,-0.01308703979996256,0.021457211983652108,0.018864833913310463,0.007915746713095735,0.021210651453610615,-0.013576008353924826
0929,0.027684594529490802,-0.003236921549517291,-0.016829609133419673,-0.016393233692722716,-0.0012234957042045634,0.018784149921031387,-0.024879354999636533,0.0036482049469205293,0.03388391803679118,0.01273514588278356,-0.020118852829547913,-0.03297678665147969
0930,0.0590133126811039,0.0008657485235306227,0.023087215202800628,0.010642342093270042,-0.0038753653454576733,0.02730802093189159,-0.01090406178954412,0.012959489027940954,0.0341846696004353,-0.00017080824248006892,0.01979741042187339,-0.027589644281605527
0931,0.01612539504789679,-0.03505186749090424,0.023193615471724185,-0.05151619598286445,0.020649365982499054,-0.019582333925672955,0.020767620564275637,0.028848913980857132,0.02827057093743508,0.011849424373848963,-0.0009094286034385901,-0.025329431932006416
0932,0.06708690274627893,0.018792374105504835,0.019054701208339866,0.03350660386338561,0.027346720947269455,0.010591230299350956,0.0010365136493699825,0.05055574735190576,0.025849125405473662,0.014192932189631744,0.04674375271994465,0.052089720948115315
0933,0.058398337080831544,0.036752353652261024,0.02052960460049059,0.005884598056343229,0.021573661471067245,0.025278457690607787,0.018653486004126738,0.038046930260448364,-0.0072007050935111545,0.028329947741263333,0.05496332099097814,0.0456765639312662
0934,-0.005990280128577542,0.037660880146306454,-0.001330513324603972,0.026185906103064073,0.025860913132980716,0.036253205629695105,0.04258756393422401,0.023760057240028387,-0.006309186646334668,0.005237034013614291,0.020052728791354536,0.06727963266060924
0935,-0.002343456502987709,0.05111914648594461,-0.007666469456472816,0.009343507732382931,-0.05168796339102542,0.027665103529383235,-0.01065091657302598,0.03344860490309686,-0.01984100482835969,-0.0014162327178358109,0.016930198252137985,0.012658757555656056
0936,-0.015969717426714696,0.033163117238210776,-0.0076466268862994315,0.02293736555523141,-0.016849587821572847,-0.02739057047328598,0.013365576242865343,-0.017672141338672207,-0.03420733217654485,-0.005634512391789687,0.028810326247867352,-0.006875054970671975
0937,0.030558248153189783,0.06889047572127875,0.04102710933740723,0.06034398707850077,0.021044685587778156,0.034719732308879606,0.05216970619709155,0.015991778838410187,0.02318963554450522,0.032901673229577516,0.014890492650815502,0.00911071656774935
0938,0.003102841644175146,0.01618938075051009,0.013782643050242125,0.021628087922265678,-0.03779576527417109,0.044638056809516435,0.036935480892218674,0.012485249745149002,0.03374656887406833,0.01299970322936889,0.04936105106083508,0.03268637748984148
0939,0.02468824461194559,0.036480708285302456,0.005708788490458363,0.015812906321186843,-0.014158711784229472,0.021535152930656713,0.07571813360222547,0.03901221492105104,0.002974929727734548,-0.01147236245551603,0.028904837111940616,-0.004888707363662535
0940,0.011200379131028441,-0.018644122354696323,-0.010260513409833881,0.0042536988185963185,-0.031754299794813555,0.01982750400086191,0.0034032381528036524,-0.009488840940518268,-0.016284560700373825,-0.040159070226987496,0.0067715020613440475,0.005834618758139964
0941,0.0031403053845833824,0.0035012900837782536,-0.00432771979796605,0.024897427916064845,0.007201706866213715,0.03529789900004808,0.01950168635545736,0.02694965934705889,-0.0024442073761489253,0.013640373997881667,0.029884021088256236,0.04200415974805791
0942,0.031378456730527755,0.0029656089381135983,0.017852715239845628,0.008437028449959628,0.03162959583171916,0.020808597102522145,0.01938504790268987,0.021823751063504655,-0.03248410246234159,-0.02438144942875189,-0.007264774384864688,-0.029043839001583853
0943,0.014539693790280426,-0.020198308469350272,0.032902395716133785,0.015739091818135063,0.011746759763992599,0.007585373017380094,0.02365529417598705,-0.010652497206566717,-0.04131662254599384,-0.008383773733492377,0.0007825004719409106,-0.031150891857027536
0944,0.030786772698087907,-0.008111167594281245,0.01753845010292532,0.01929585392267829,-0.0038898125053323605,0.028870300904772116,0.06635239267094223,0.01330201999460179,0.006463460893509711,-0.002484763490154838,0.04917278934867704,0.019562532502382973
0945,0.05122359539433668,0.008800683197227556,0.03207937431640471,0.040565899074705904,0.043783193786836,0.03543272596180697,0.07434048868208824,0.05818703219482788,-0.016091206558265406,0.01910839980095327,0.02342094486273368,0.05574732390565223
0946,0.07023889582204716,0.03526716862842085,0.027702381629604454,0.052287477153908794,0.059088548541051326,0.06121584878450266,0.03774789148509411,0.05052010632184901,0.005140692843987364,-0.019742622209134288,0.04245592410925963,0.017014417397603804
0947,0.07290807585406738,0.07710363223062154,0.06698276862998559,0.05917563887767685,0.06950400994143016,0.06734406444068126,0.08902391019503757,0.0823915053109281,0.031221683666659214,0.013508605782605234,0.04880036875554707,0.012645744939597789
0948,0.005730062607416394,0.02304123254585601,0.015255288849499584,0.013132006089913315,0.007602253712750834,-0.010804573529662005,0.04162774005030411,-0.01887607827445941,0.0016324265051380058,-0.030498852793473027,0.059163910089919676,-0.02729549471861292
0949,0.03540583139576085,0.05108276259868546,0.033038811055564506,0.03523012873563648,0.030418328877678157,0.04606473360720134,0.03317759129932014,0.004934437208960929,0.02266344824549383,0.01618490562867858,0.026744333660658256,0.0013074910953950057
0950,0.020480918664611242,0.01936477507462189,0.03119858669895483,0.0048273026780498345,-0.008199272189118166,0.04567378814949944,0.011731521141293338,0.0049068608079501155,0.0276259377483939,-0.02416744308229841,0.021148884158736593,0.015502373762058317
0951,0.024955547688823524,0.016298704336249477,0.027899864143934992,0.026342550594577394,-0.015372640332127216,0.02014314303385738,-0.004281280853515014,-0.010051948593485432,0.016947875987600117,-0.016602835754745637,0.026875547922471762,0.010559596384782852
0952,0.033356971406947745,0.041837549221853246,0.037875242936691186,0.040787733568489914,0.0265922778758854,0.03791037835373376,0.022901123952395738,0.018122085636655672,-0.025283536190657378,0.0439249981438994,0.03832470565221653,-0.012083933737648213
0953,0.03814205940786967,0.05922306186618165,0.018626101695175645,0.05668538248830088,0.03948791250827134,0.06751444188588822,0.037593454531033736,0.020610046067529326,0.0008294587431783316,0.07609000602809585,0.03083655135019938,0.0020924696655531786
0954,0.010467748340125602,0.036257978259284764,0.023172608550555435,0.03773494089276797,-0.01995658203656546,0.02730501743124501,0.02563393768436723,0.017444615203844445,-0.05551023404917874,0.048975849941808945,0.04703730166773543,-0.007877499464662178
0955,0.017255320634291135,0.014579267225213757,0.02759631423553839,0.02359944134775867,-0.003973286428989599,0.01759020555629896,-0.020979540043465267,0.008393781823373086,-0.0072784572903582785,-0.014609922320225722,8.16510843940017e-05,-0.002924759420641618
0956,-0.015392569503870383,-0.03506582670282303,-0.0076067209519321026,-0.026042833865010443,-0.03017183075443085,-0.011210731119304346,0.003546526163648986,0.0014607721025133294,0.015642151566561478,0.01351721189726924,-0.0014961725997074487,-0.02025661205435105
0957,0.0035036544315978106,0.019228124678230974,-0.004316728653655258,-0.00285660708690455,0.006881344266514994,-0.006795761396290098,-0.023943240946221137,-0.008101791156268079,-0.022826070444732866,-0.021267858323354333,-0.00332989982969048,0.002392644097278644
0958,-0.014934780072980611,0.0034350693304525705,-0.0316628461879741,-0.012668011278312831,-0.0007367801542890596,0.0006839869317340705,0.03848677460540592,0.004449820624498359,0.0011723357312875286,-0.04098617542045148,0.006377875611890646,-0.0471935666139036
0959,0.05100501920848267,-0.010337105652124472,0.02722872267258922,0.020943738916868827,-0.01767274584084779,0.030046637298061667,0.00896896165021016,0.03782382166881311,0.007022603639444908,-0.009511810119579954,0.0013403141878423409,0.009467135210293525
0960,0.01263526233613172,0.011912691757843116,-0.01747848812874677,0.019631795748310085,0.005836779744762247,-0.019041376804781976,-0.007799053717388115,0.04078615936684111,-0.008258225577283899,-0.0014526355625386052,0.0037904356895377416,0.04646867012900537
0961,0.006550183302314198,0.020837762690639968,-0.014252660200635103,0.02096285628970999,0.022781406736870707,0.06773030278800511,0.02973764562263441,0.034429272530064156,0.00561378495301219,0.021268648984818107,-0.012962842633334082,0.019185964151954026
0962,0.03201386852428751,0.039970320333409935,0.032816692468280034,0.05867597828265858,0.03670128675518014,0.05646383928930137,0.04461361941990162,0.06471216990262031,0.014844800909915403,0.06224527466822643,0.03001621361593282,0.03254196516118603
0963,-0.007147092946151643,-0.005195337158345074,-0.038615028730038914,-0.00733398832801495,-0.013234807071782612,0.0020295756009476784,-0.01221275109511513,-0.02863961101024438,0.02331352021959122,0.04565180026626542,-0.008389944494239333,0.012155402217244333
0964,-0.010860409357770093,0.018464805410220376,-0.018912838049224015,-0.003575461613144298,0.05769938374037729,0.021183494843055213,-0.0029857468416192414,0.029198409600687394,0.025617900097672657,0.019360214091157422,0.007659604762376535,0.019983519246826058
0965,0.0189918298834455,0.008777236450348086,-0.001090857692611617,0.01948584305414136,-0.0001432903955576498,0.006472833200091404,0.000790916080416215,-0.0016044262481689543,0.0160081268826592,-0.019368155940954142,-0.013785529635671768,-0.012090981933195195
0966,-0.005315386913096785,0.03680315134521301,-0.0201229328942158,0.02647455685775797,0.0056009322220794975,0.01983785102872042,0.005553506932707056,0.011133092906127375,0.016564981381193083,0.013725975871718534,-0.002700291654345313,-0.0019008599429883924
