arm,config_id,update,loss,loss_over_initial,objective
adamw,0,1,0.1688045859336853,1.0,mse
adamw,0,50,0.08988618850708008,0.5324866502287549,mse
adamw,0,100,0.05487291142344475,0.3250676580848432,mse
adamw,0,150,0.04804602265357971,0.2846251029723478,mse
adamw,0,200,0.05075765773653984,0.3006888554347684,mse
adamw,0,250,0.05089716613292694,0.30151530452449815,mse
adamw,0,300,0.050210773944854736,0.29744911056255297,mse
adamw,0,350,0.049767546355724335,0.29482342603698847,mse
adamw,0,400,0.049702778458595276,0.2944397403878646,mse
adamw,0,450,0.04916701093316078,0.2912658483844508,mse
adamw,0,500,0.05287100002169609,0.31320831557542167,mse
adamw,0,550,0.05027960613369942,0.2978568731151161,mse
adamw,0,600,0.05038100481033325,0.2984575598563737,mse
adamw,0,650,0.05108635872602463,0.3026360832761608,mse
adamw,0,700,0.05082564800977707,0.30109163047112875,mse
adamw,0,750,0.05073567107319832,0.30055860622844555,mse
adamw,0,800,0.04956212639808655,0.2936065162208151,mse
adamw,0,850,0.05194150656461716,0.30770198734424387,mse
adamw,0,900,0.05061761662364006,0.2998592505272643,mse
adamw,0,950,0.05129736661911011,0.30388609607598116,mse
adamw,0,1000,0.04926266521215439,0.2918325052585193,mse
adamw,0,1050,0.04997573792934418,0.2960567549330508,mse
adamw,0,1100,0.04955793917179108,0.29358171105173564,mse
adamw,0,1150,0.050471462309360504,0.29899343095565045,mse
adamw,0,1200,0.04809603840112686,0.2849213967446438,mse
adamw,0,1250,0.0526985228061676,0.3121865588821749,mse
adamw,0,1300,0.049658842384815216,0.29417946266177647,mse
adamw,0,1350,0.05094894766807556,0.30182205883962654,mse
adamw,0,1400,0.048414792865514755,0.2868097012751446,mse
adamw,0,1450,0.05030493438243866,0.29800691790565986,mse
adamw,0,1500,0.045702531933784485,0.2707422412785555,mse
adamw,0,1550,0.04934033006429672,0.2922925925939004,mse
adamw,0,1600,0.049985259771347046,0.29611316241718516,mse
adamw,0,1650,0.05030755326151848,0.2980224321706624,mse
adamw,0,1700,0.05086776614189148,0.30134113869320367,mse
adamw,0,1750,0.05094610154628754,0.30180519838662234,mse
adamw,0,1800,103.83038330078125,615.0921950756178,mse
adamw,0,1850,0.14651238918304443,0.8679408108059438,mse
adamw,0,1900,0.05722764879465103,0.33901714505038893,mse
adamw,0,1950,0.050885818898677826,0.30144808339903906,mse
adamw,0,2000,0.04638535901904106,0.2747873155369339,mse
adamw,0,2050,0.04964357241988182,0.29408900324179726,mse
adamw,0,2100,0.04872957989573479,0.2886745026872561,mse
adamw,0,2150,0.052110955119132996,0.30870580222035393,mse
adamw,0,2200,0.04924486577510834,0.2917270612212759,mse
adamw,0,2250,0.05181119963526726,0.30693004783425276,mse
adamw,0,2300,0.04992210492491722,0.29573903249600736,mse
adamw,0,2350,0.04767657816410065,0.2824365102428576,mse
adamw,0,2400,0.049540191888809204,0.29347657597567295,mse
adamw,0,2450,0.05190463364124298,0.3074835517894855,mse
adamw,0,2500,0.05080151557922363,0.30094866971908546,mse
adamw,0,2550,0.04815954715013504,0.28529762318811924,mse
adamw,0,2600,0.050005991011857986,0.29623597448651534,mse
adamw,0,2650,0.049173831939697266,0.29130625609315586,mse
adamw,0,2700,0.04999670758843422,0.29618097939634985,mse
adamw,0,2750,0.05041053891181946,0.29863252015927566,mse
adamw,0,2800,0.047688715159893036,0.2825084099233388,mse
adamw,0,2850,0.052365854382514954,0.31021582792239316,mse
adamw,0,2900,0.04868169128894806,0.2883908101174017,mse
adamw,0,2950,0.05005302280187607,0.29651459126554386,mse
adamw,0,3000,0.04993632435798645,0.29582326855506097,mse
adamw,0,3050,0.049294862896203995,0.292023244650293,mse
adamw,0,3100,0.04723968729376793,0.27984836450074874,mse
adamw,0,3150,0.05001310631632805,0.2962781256190258,mse
adamw,0,3200,0.04824717342853546,0.28581672210901493,mse
adamw,0,3250,0.04972081631422043,0.2945465968190769,mse
adamw,0,3300,0.051802538335323334,0.3068787382096,mse
adamw,0,3350,0.049474745988845825,0.29308887383119986,mse
adamw,0,3400,0.05017158016562462,0.2972169262352533,mse
adamw,0,3450,0.047233521938323975,0.2798118408754583,mse
adamw,0,3500,0.04936535283923149,0.2924408277546714,mse
adamw,0,3550,0.04858528822660446,0.2878197174435245,mse
adamw,0,3600,0.05020061135292053,0.2973889072696271,mse
adamw,0,3650,0.05071748048067093,0.30045084498234687,mse
adamw,0,3700,0.05074154585599899,0.30059340849858635,mse
adamw,0,3750,0.050645049661397934,0.3000217641083151,mse
adamw,0,3800,0.047622524201869965,0.28211629404771277,mse
adamw,0,3850,0.04835653305053711,0.2864645695676415,mse
adamw,0,3900,0.049700573086738586,0.2944266757436519,mse
adamw,0,3950,0.05157090723514557,0.30550655333146665,mse
adamw,0,4000,0.04721705615520477,0.2797142974169786,mse
adamw,0,4050,0.049589306116104126,0.29376752913327386,mse
adamw,0,4100,0.04940859228372574,0.2926969786421315,mse
adamw,0,4150,0.046677954494953156,0.2765206539666555,mse
adamw,0,4200,0.048371899873018265,0.2865556027726706,mse
adamw,0,4250,0.0496346540749073,0.29403617087989675,mse
adamw,0,4300,0.04876570776104927,0.2888885245108615,mse
adamw,0,4350,0.04772746190428734,0.28273794601194674,mse
adamw,0,4400,0.05032315105199814,0.2981148336323489,mse
adamw,0,4450,0.04984531179070473,0.2952841092260752,mse
adamw,0,4500,0.049926988780498505,0.2957679645037148,mse
adamw,0,4550,0.04644417762756348,0.27513575754280173,mse
adamw,0,4600,0.047921322286129,0.28388637678928247,mse
adamw,0,4650,0.04682999849319458,0.27742136408303325,mse
adamw,0,4700,0.04764629900455475,0.28225713620880266,mse
adamw,0,4750,0.047687310725450516,0.2825000900401155,mse
adamw,0,4800,0.04599530249834061,0.272476616935098,mse
adamw,0,4850,0.05136850103735924,0.3043074970578068,mse
adamw,0,4900,0.047301653772592545,0.28021545452073765,mse
adamw,0,4950,0.04849923774600029,0.2873099535640173,mse
adamw,0,5000,0.046101853251457214,0.27310782462727806,mse
adamw,1,1,0.2668188512325287,1.0,huber
adamw,1,50,0.025371458381414413,0.0950887025568653,huber
adamw,1,100,0.02410455420613289,0.09034052164899746,huber
adamw,1,150,0.02523162215948105,0.09456461581678899,huber
adamw,1,200,0.025957629084587097,0.09728558894800655,huber
adamw,1,250,0.025807565078139305,0.09672316989195187,huber
adamw,1,300,0.02592664584517479,0.09716946806948097,huber
adamw,1,350,0.023438267409801483,0.0878433712668052,huber
adamw,1,400,0.024915795773267746,0.09338094238159356,huber
adamw,1,450,0.025847433134913445,0.0968725898320722,huber
adamw,1,500,0.02481921762228012,0.09301898088396512,huber
adamw,1,550,0.026444051414728165,0.0991086322895625,huber
adamw,1,600,0.02533252164721489,0.09494277308441738,huber
adamw,1,650,0.024695096537470818,0.09255379229539297,huber
adamw,1,700,0.026161441579461098,0.09804944987437109,huber
adamw,1,750,0.02441847324371338,0.09151704660639978,huber
adamw,1,800,0.02437509223818779,0.09135446062221915,huber
adamw,1,850,0.02531358413398266,0.09487179791476669,huber
adamw,1,900,0.024375688284635544,0.09135669452152949,huber
adamw,1,950,0.024686582386493683,0.09252188243993184,huber
adamw,1,1000,0.02503293752670288,0.0938199734054287,huber
adamw,1,1050,0.025517575442790985,0.09563632901092432,huber
adamw,1,1100,0.023887593299150467,0.0895273823000339,huber
adamw,1,1150,0.025928203016519547,0.09717530413142923,huber
adamw,1,1200,0.024246348068118095,0.09087194535212118,huber
adamw,1,1250,0.025615248829126358,0.0960023952985355,huber
adamw,1,1300,0.024185899645090103,0.09064539305737603,huber
adamw,1,1350,0.025375615805387497,0.09510428400455492,huber
adamw,1,1400,0.02515244297683239,0.09426786323621643,huber
adamw,1,1450,0.024872250854969025,0.09321774207510258,huber
adamw,1,1500,0.02451765164732933,0.09188875348976958,huber
adamw,1,1550,0.0244265329092741,0.09154725311363678,huber
adamw,1,1600,0.025072559714317322,0.09396847186208353,huber
adamw,1,1650,0.024340253323316574,0.0912238892075298,huber
adamw,1,1700,0.02610628679394722,0.0978427373978759,huber
adamw,1,1750,0.024097492918372154,0.09031405692310528,huber
adamw,1,1800,0.024363473057746887,0.09131091354753822,huber
adamw,1,1850,0.02475094050168991,0.09276308771796575,huber
adamw,1,1900,0.0241947490721941,0.09067855948119923,huber
adamw,1,1950,0.024151979014277458,0.09051826324381168,huber
adamw,1,2000,0.02476668916642666,0.09282211152630612,huber
adamw,1,2050,0.02403147518634796,0.09006663163167915,huber
adamw,1,2100,0.025600463151931763,0.0959469806337684,huber
adamw,1,2150,0.025186382234096527,0.09439506285913422,huber
adamw,1,2200,0.02468264475464821,0.09250712474261291,huber
adamw,1,2250,0.024686463177204132,0.09252143566006978,huber
adamw,1,2300,0.024776536971330643,0.09285901973147413,huber
adamw,1,2350,0.024830009788274765,0.09305942842335296,huber
adamw,1,2400,0.02517596445977688,0.09435601848775069,huber
adamw,1,2450,0.024791907519102097,0.09291662640993952,huber
adamw,1,2500,0.02359503135085106,0.08843090074729516,huber
adamw,1,2550,0.02516544982790947,0.09431661110772924,huber
adamw,1,2600,0.02518565207719803,0.09439232633247906,huber
adamw,1,2650,0.02554859220981598,0.09575257554628612,huber
adamw,1,2700,0.026015162467956543,0.09750121607893707,huber
adamw,1,2750,0.025245612487196922,0.09461704962216386,huber
adamw,1,2800,0.024492545053362846,0.09179465746225687,huber
adamw,1,2850,0.024892842397093773,0.09329491631533945,huber
adamw,1,2900,0.0253378227353096,0.0949626408264087,huber
adamw,1,2950,0.02462521567940712,0.09229188854406171,huber
adamw,1,3000,0.024841610342264175,0.09310290568868045,huber
adamw,1,3050,0.02377264015376568,0.0890965538752289,huber
adamw,1,3100,0.023460298776626587,0.08792594177006363,huber
adamw,1,3150,0.025140905752778053,0.09422462332269066,huber
adamw,1,3200,0.025544699281454086,0.09573798539141545,huber
adamw,1,3250,0.1914396584033966,0.7174892535481302,huber
adamw,1,3300,0.03709319978952408,0.13902016149975063,huber
adamw,1,3350,0.030175600200891495,0.11309395892194253,huber
adamw,1,3400,0.028996676206588745,0.10867551551415147,huber
adamw,1,3450,0.02407398819923401,0.09022596449998911,huber
adamw,1,3500,0.026691805571317673,0.10003718046164646,huber
adamw,1,3550,0.025420039892196655,0.09527077931252866,huber
adamw,1,3600,0.025534458458423615,0.09569960420888969,huber
adamw,1,3650,0.02457941137254238,0.09212022036299747,huber
adamw,1,3700,0.024359460920095444,0.0912958766128055,huber
adamw,1,3750,0.027991553768515587,0.10490845620244936,huber
adamw,1,3800,0.02418193593621254,0.09063053762696227,huber
adamw,1,3850,0.025654476135969162,0.09614941379689723,huber
adamw,1,3900,0.02432548627257347,0.09116854435211615,huber
adamw,1,3950,0.025044536218047142,0.09386344368982084,huber
adamw,1,4000,0.024898182600736618,0.09331493065697304,huber
adamw,1,4050,0.024447424337267876,0.09162555128446417,huber
adamw,1,4100,0.026597488671541214,0.09968369381952663,huber
adamw,1,4150,0.026453299447894096,0.09914329263354948,huber
adamw,1,4200,0.025109395384788513,0.0941065268394625,huber
adamw,1,4250,0.025079937651753426,0.09399612334698432,huber
adamw,1,4300,0.024479404091835022,0.09174540696339924,huber
adamw,1,4350,0.02365953102707863,0.08867263657641528,huber
adamw,1,4400,0.025554269552230835,0.0957738534372171,huber
adamw,1,4450,0.025616172701120377,0.09600585784246654,huber
adamw,1,4500,0.024873744696378708,0.09322334078524912,huber
adamw,1,4550,0.024870509281754494,0.09321121490055519,huber
adamw,1,4600,0.023958098143339157,0.08979162466470568,huber
adamw,1,4650,0.026047542691230774,0.09762257265897126,huber
adamw,1,4700,0.024511687457561493,0.0918664005347955,huber
adamw,1,4750,0.02538694255053997,0.09514673507238672,huber
adamw,1,4800,0.025525249540805817,0.09566509046454495,huber
adamw,1,4850,0.0259670689702034,0.09732096832833405,huber
adamw,1,4900,0.026494357734918594,0.09929717339135515,huber
adamw,1,4950,0.025711489841341972,0.09636309324686654,huber
adamw,1,5000,0.025683803483843803,0.09625932862390127,huber
adamw,2,1,0.1375017613172531,1.0,huber
adamw,2,50,0.11684274673461914,0.8497545457983761,huber
adamw,2,100,0.06136351823806763,0.44627441605264734,huber
adamw,2,150,0.0263216532766819,0.19142775353946812,huber
adamw,2,200,0.025223931297659874,0.18344442322787094,huber
adamw,2,250,0.026202300563454628,0.19055974492573194,huber
adamw,2,300,0.025790922343730927,0.18756794165148483,huber
adamw,2,350,0.025240011513233185,0.18356136875219925,huber
adamw,2,400,0.026121094822883606,0.1899691652866562,huber
adamw,2,450,0.024662725627422333,0.17936297972590234,huber
adamw,2,500,0.02422534115612507,0.17618204249930128,huber
adamw,2,550,0.025741998106241226,0.18721213357294816,huber
adamw,2,600,0.02455792762339115,0.17860082218677537,huber
adamw,2,650,0.024798795580863953,0.18035256671110225,huber
adamw,2,700,0.02555495873093605,0.1858518646315662,huber
adamw,2,750,0.024428673088550568,0.17766080124739003,huber
adamw,2,800,0.024776386097073555,0.1801895907348259,huber
adamw,2,850,0.024760033935308456,0.18007066744534622,huber
adamw,2,900,0.02495269849896431,0.18147184632342128,huber
adamw,2,950,0.02450665831565857,0.17822795927039214,huber
adamw,2,1000,0.02504804916679859,0.1821652968430425,huber
adamw,2,1050,0.02491789124906063,0.18121870593038028,huber
adamw,2,1100,0.024951249361038208,0.18146130727350498,huber
adamw,2,1150,0.024131139740347862,0.17549695006939517,huber
adamw,2,1200,0.025254204869270325,0.1836645918374977,huber
adamw,2,1250,0.025060012936592102,0.18225230496336692,huber
adamw,2,1300,0.025058530271053314,0.18224152207939084,huber
adamw,2,1350,0.024348270148038864,0.17707606007941187,huber
adamw,2,1400,0.024954812601208687,0.18148722141552281,huber
adamw,2,1450,0.02518700808286667,0.18317589419639174,huber
adamw,2,1500,0.02401730790734291,0.1746690927974995,huber
adamw,2,1550,0.024792833253741264,0.18030920488747493,huber
adamw,2,1600,0.02525508776307106,0.1836710128010714,huber
adamw,2,1650,0.02467740699648857,0.179469751951404,huber
adamw,2,1700,0.025208529084920883,0.18333240857008445,huber
adamw,2,1750,0.024967793375253677,0.18158162583565995,huber
adamw,2,1800,0.02462482824921608,0.17908736596035346,huber
adamw,2,1850,0.024260252714157104,0.17643594148719485,huber
adamw,2,1900,0.025283167138695717,0.1838752238261205,huber
adamw,2,1950,0.024533674120903015,0.17842443533721222,huber
adamw,2,2000,0.02389061450958252,0.1737476980710125,huber
adamw,2,2050,0.02437223680317402,0.17725036079313042,huber
adamw,2,2100,0.02528802677989006,0.1839105662184491,huber
adamw,2,2150,0.024702899158000946,0.17965514711484162,huber
adamw,2,2200,0.024955686181783676,0.18149357464741325,huber
adamw,2,2250,0.024515053257346153,0.17828901260968874,huber
adamw,2,2300,0.024539338424801826,0.17846562974697502,huber
adamw,2,2350,0.02493487298488617,0.1813422078816488,huber
adamw,2,2400,0.025023382157087326,0.18198590270674228,huber
adamw,2,2450,0.025094525888562202,0.1825033050352167,huber
adamw,2,2500,0.02499738708138466,0.18179685003240825,huber
adamw,2,2550,0.025170329958200455,0.18305460029799772,huber
adamw,2,2600,0.02375204488635063,0.1727399319020238,huber
adamw,2,2650,0.025254683569073677,0.1836680732460176,huber
adamw,2,2700,0.025289898738265038,0.1839241802867857,huber
adamw,2,2750,0.02552935853600502,0.18566568378060266,huber
adamw,2,2800,0.024659067392349243,0.17933637472071517,huber
adamw,2,2850,0.02435929700732231,0.17715625439239965,huber
adamw,2,2900,0.0250119399279356,0.18190268756068081,huber
adamw,2,2950,0.02499154582619667,0.1817543687206634,huber
adamw,2,3000,0.024673689156770706,0.1794427134634439,huber
adamw,2,3050,0.024365389719605446,0.17720056445959273,huber
adamw,2,3100,0.02531401440501213,0.18409956470743652,huber
adamw,2,3150,0.02482478879392147,0.18054160583909964,huber
adamw,2,3200,0.024663304910063744,0.17936719263660153,huber
adamw,2,3250,0.024924732744693756,0.181268461624908,huber
adamw,2,3300,0.024675145745277405,0.17945330669870682,huber
adamw,2,3350,0.0251116044819355,0.18262751139599118,huber
adamw,2,3400,0.02480388432741165,0.1803895753028392,huber
adamw,2,3450,0.02451995760202408,0.178324680114097,huber
adamw,2,3500,0.024487653747200966,0.1780897459975181,huber
adamw,2,3550,0.024337518960237503,0.1769978706242488,huber
adamw,2,3600,0.024931740015745163,0.18131942294339787,huber
adamw,2,3650,0.024374205619096756,0.177264679270973,huber
adamw,2,3700,0.024621939286589622,0.17906635559220413,huber
adamw,2,3750,0.024327382445335388,0.1769241514601813,huber
adamw,2,3800,0.024982918053865433,0.1816916220892851,huber
adamw,2,3850,0.024129215627908707,0.17548295670363226,huber
adamw,2,3900,0.0244777649641037,0.1780178284962255,huber
adamw,2,3950,0.025070980191230774,0.1823320657935818,huber
adamw,2,4000,0.025339970365166664,0.18428833290870084,huber
adamw,2,4050,0.02447156049311161,0.17797270564883322,huber
adamw,2,4100,0.025061607360839844,0.18226390062754216,huber
adamw,2,4150,0.025298450142145157,0.1839863715183612,huber
adamw,2,4200,0.02485291101038456,0.1807461284298918,huber
adamw,2,4250,0.025402765721082687,0.18474502055629494,huber
adamw,2,4300,0.024100037291646004,0.17527075333995767,huber
adamw,2,4350,0.024199599400162697,0.1759948321267521,huber
adamw,2,4400,0.024057045578956604,0.1749580903436619,huber
adamw,2,4450,0.02492908202111721,0.18130009232099356,huber
adamw,2,4500,0.024490905925631523,0.17811339790131483,huber
adamw,2,4550,0.024435853585600853,0.17771302237518866,huber
adamw,2,4600,0.024664245545864105,0.17937403353661147,huber
adamw,2,4650,0.0252479650080204,0.183619211609709,huber
adamw,2,4700,0.024617871269583702,0.1790367703929532,huber
adamw,2,4750,0.02497122436761856,0.18160657818777542,huber
adamw,2,4800,0.02433926612138748,0.1770105770880296,huber
adamw,2,4850,0.02487662062048912,0.1809185597491522,huber
adamw,2,4900,0.025333013385534286,0.1842377373413006,huber
adamw,2,4950,0.02373509295284748,0.17261664669214172,huber
adamw,2,5000,0.024593105539679527,0.17885665830081038,huber
adamw,3,1,0.12941330671310425,1.0,huber
adamw,3,50,0.03207002207636833,0.24781085416095744,huber
adamw,3,100,0.026190323755145073,0.20237736304201143,huber
adamw,3,150,0.02614796720445156,0.20205006632292355,huber
adamw,3,200,0.025296509265899658,0.1954706970124747,huber
adamw,3,250,0.02529405988752842,0.1954517702233102,huber
adamw,3,300,0.025426894426345825,0.1964782067018393,huber
adamw,3,350,0.026676956564188004,0.20613766266963585,huber
adamw,3,400,0.024185746908187866,0.18688763561080418,huber
adamw,3,450,0.024732014164328575,0.19110874138435285,huber
adamw,3,500,0.026043107733130455,0.20123979824474542,huber
adamw,3,550,0.024008922278881073,0.18552127975607902,huber
adamw,3,600,0.02509656362235546,0.19392568090383405,huber
adamw,3,650,0.025381457060575485,0.1961271039680913,huber
adamw,3,700,0.025073997676372528,0.19375130976259616,huber
adamw,3,750,0.024912910535931587,0.1925065603273773,huber
adamw,3,800,0.025617690756917,0.19795252441627767,huber
adamw,3,850,0.02459842711687088,0.19007649013561656,huber
adamw,3,900,0.02396959811449051,0.18521741483376666,huber
adamw,3,950,0.02445531263947487,0.18897061871457885,huber
adamw,3,1000,0.024116557091474533,0.18635299339764508,huber
adamw,3,1050,0.024542387574911118,0.18964346247112765,huber
adamw,3,1100,0.025111911818385124,0.19404427918726785,huber
adamw,3,1150,0.025021469220519066,0.1933454128947423,huber
adamw,3,1200,0.024297259747982025,0.18774931546913107,huber
adamw,3,1250,0.02396806702017784,0.1852055837914144,huber
adamw,3,1300,0.024739623069763184,0.19116753677122506,huber
adamw,3,1350,0.025627397000789642,0.19802752631615309,huber
adamw,3,1400,0.025715840980410576,0.19871094892444022,huber
adamw,3,1450,0.024552736431360245,0.18972342995447208,huber
adamw,3,1500,0.023741943761706352,0.18345828852314047,huber
adamw,3,1550,0.023810289800167084,0.18398641070930985,huber
adamw,3,1600,0.02450205758213997,0.18933182533121162,huber
adamw,3,1650,0.02401258610188961,0.18554959077835018,huber
adamw,3,1700,0.024280812591314316,0.1876222253183155,huber
adamw,3,1750,0.025871314108371735,0.19991231787103417,huber
adamw,3,1800,0.025146042928099632,0.19430801643795237,huber
adamw,3,1850,0.02423725090920925,0.18728561633109878,huber
adamw,3,1900,0.023599978536367416,0.18236129758036473,huber
adamw,3,1950,0.024045556783676147,0.18580436119279936,huber
adamw,3,2000,0.023931821808218956,0.1849255104907666,huber
adamw,3,2050,0.02418937347829342,0.1869156587731641,huber
adamw,3,2100,0.024133242666721344,0.18648192585189263,huber
adamw,3,2150,0.02384405955672264,0.18424735571885528,huber
adamw,3,2200,0.024014484137296677,0.1855642572408282,huber
adamw,3,2250,0.02344532497227192,0.18116626155181823,huber
adamw,3,2300,0.022963210940361023,0.17744087933142808,huber
adamw,3,2350,0.023263704031705856,0.17976284373352003,huber
adamw,3,2400,0.024143163114786148,0.1865585829462577,huber
adamw,3,2450,0.02407963201403618,0.18606766665361701,huber
adamw,3,2500,0.024660348892211914,0.19055497088009138,huber
adamw,3,2550,0.023532070219516754,0.18183655774815252,huber
adamw,3,2600,0.023875772953033447,0.1844924108612999,huber
adamw,3,2650,0.02329874038696289,0.18003357598004785,huber
adamw,3,2700,0.02330942079424858,0.1801161054166024,huber
adamw,3,2750,0.02171005681157112,0.16775753099099805,huber
adamw,3,2800,0.02298884280025959,0.1776389413433616,huber
adamw,3,2850,0.023361733183264732,0.18052033269697101,huber
adamw,3,2900,0.023432709276676178,0.18106877779287442,huber
adamw,3,2950,0.023384705185890198,0.1806978415112415,huber
adamw,3,3000,0.0223587304353714,0.17276994926756925,huber
adamw,3,3050,0.022341739386320114,0.17263865636204948,huber
adamw,3,3100,0.02266736514866352,0.17515482545326422,huber
adamw,3,3150,0.023386582732200623,0.18071234965076835,huber
adamw,3,3200,0.02339184284210205,0.18075299547023643,huber
adamw,3,3250,0.02288881316781044,0.17686599430267663,huber
adamw,3,3300,0.022706225514411926,0.17545510651968155,huber
adamw,3,3350,0.021764133125543594,0.16817538843816424,huber
adamw,3,3400,0.023104943335056305,0.17853607114975853,huber
adamw,3,3450,0.022399015724658966,0.17308124097559177,huber
adamw,3,3500,0.02188282087445259,0.16909251011539728,huber
adamw,3,3550,0.02260086126625538,0.174640937939706,huber
adamw,3,3600,0.02163701504468918,0.16719312406301598,huber
adamw,3,3650,0.021347053349018097,0.16495253765783358,huber
adamw,3,3700,0.021051276475191116,0.16266701632050554,huber
adamw,3,3750,0.021519728004932404,0.16628682591844585,huber
adamw,3,3800,0.021915972232818604,0.169348676650416,huber
adamw,3,3850,0.02102179452776909,0.16243920398674463,huber
adamw,3,3900,0.021008716896176338,0.16233815076490135,huber
adamw,3,3950,0.02184429205954075,0.16879479100219003,huber
adamw,3,4000,0.020570091903209686,0.15894881620490098,huber
adamw,3,4050,0.021245796233415604,0.16417010563307302,huber
adamw,3,4100,0.020788876339793205,0.16063940307065924,huber
adamw,3,4150,0.021205270662903786,0.16385695722862295,huber
adamw,3,4200,0.021046169102191925,0.16262755072667356,huber
adamw,3,4250,0.021802708506584167,0.16847346737626054,huber
adamw,3,4300,0.020807236433029175,0.16078127482791735,huber
adamw,3,4350,0.0199119932949543,0.1538635693707843,huber
adamw,3,4400,0.020374853163957596,0.15744017119604642,huber
adamw,3,4450,0.020618315786123276,0.15932145086001026,huber
adamw,3,4500,0.020483560860157013,0.15828017520305637,huber
adamw,3,4550,0.020680654793977737,0.15980315563549105,huber
adamw,3,4600,0.02059164084494114,0.15911532877056184,huber
adamw,3,4650,0.02067306637763977,0.15974451857157004,huber
adamw,3,4700,0.02007286436855793,0.1551066492185179,huber
adamw,3,4750,0.019823409616947174,0.15317906728782998,huber
adamw,3,4800,0.020236272364854813,0.15636933232620745,huber
adamw,3,4850,0.019590362906455994,0.1513782732550508,huber
adamw,3,4900,0.020175734534859657,0.15590154557743546,huber
adamw,3,4950,0.02030199021100998,0.15687714599563835,huber
adamw,3,5000,0.019709134474396706,0.15229604261708415,huber
adamw,4,1,0.22760933637619019,1.0,huber
adamw,4,50,0.02601863071322441,0.11431266892418292,huber
adamw,4,100,0.027953024953603745,0.12281141625668332,huber
adamw,4,150,0.025647638365626335,0.11268271668450455,huber
adamw,4,200,0.02557412162423134,0.11235972140423411,huber
adamw,4,250,0.02731318399310112,0.12000027954898208,huber
adamw,4,300,0.024423757568001747,0.10730560510766761,huber
adamw,4,350,0.024487784132361412,0.10758690536265293,huber
adamw,4,400,0.026521632447838783,0.11652260346651212,huber
adamw,4,450,0.024202710017561913,0.10633443426749394,huber
adamw,4,500,0.026795588433742523,0.11772622714146959,huber
adamw,4,550,0.027511542662978172,0.12087176695382741,huber
adamw,4,600,0.02779623679816723,0.12212256861127137,huber
adamw,4,650,0.024286404252052307,0.10670214429126935,huber
adamw,4,700,0.023234833031892776,0.10208207361709672,huber
adamw,4,750,0.024851389229297638,0.10918440176910642,huber
adamw,4,800,0.024449124932289124,0.10741705644218338,huber
adamw,4,850,0.0236874558031559,0.10407066854237268,huber
adamw,4,900,0.025784512981772423,0.11328407433672258,huber
adamw,4,950,0.02542726695537567,0.11171451646144148,huber
adamw,4,1000,0.027354741469025612,0.12018286202378799,huber
adamw,4,1050,0.02708795852959156,0.11901075307746112,huber
adamw,4,1100,0.024960771203041077,0.1096649706925299,huber
adamw,4,1150,0.02562316134572029,0.11257517707169365,huber
adamw,4,1200,0.0262669175863266,0.11540351553467441,huber
adamw,4,1250,0.023828990757465363,0.10469250135715466,huber
adamw,4,1300,0.0248793326318264,0.10930717090930803,huber
adamw,4,1350,0.025027267634868622,0.10995712229266304,huber
adamw,4,1400,0.025886252522468567,0.11373106628492627,huber
adamw,4,1450,0.022998187690973282,0.10104237399542404,huber
adamw,4,1500,0.026387663558125496,0.11593401210270328,huber
adamw,4,1550,0.023899372667074203,0.10500172377627597,huber
adamw,4,1600,0.023857543244957924,0.10481794650781126,huber
adamw,4,1650,0.02573220431804657,0.11305425659480271,huber
adamw,4,1700,0.02374875359237194,0.10433997994317888,huber
adamw,4,1750,0.02463291585445404,0.10822454055110038,huber
adamw,4,1800,0.026074284687638283,0.11455718426480975,huber
adamw,4,1850,0.025282960385084152,0.11108050657156153,huber
adamw,4,1900,0.025688091292977333,0.11286044633301132,huber
adamw,4,1950,0.024780606850981712,0.10887341989356975,huber
adamw,4,2000,0.025307368487119675,0.11118774339419864,huber
adamw,4,2050,0.024271834641695023,0.10663813281182281,huber
adamw,4,2100,0.02532842382788658,0.11128024988405591,huber
adamw,4,2150,0.027465611696243286,0.12066996957826207,huber
adamw,4,2200,0.02705105021595955,0.11884859666410992,huber
adamw,4,2250,0.02394251897931099,0.10519128679211585,huber
adamw,4,2300,0.023776818066835403,0.1044632810120642,huber
adamw,4,2350,0.025083640590310097,0.11020479647131932,huber
adamw,4,2400,0.024303719401359558,0.10677821827655892,huber
adamw,4,2450,0.026580728590488434,0.11678224194879291,huber
adamw,4,2500,0.025148862972855568,0.11049135054499612,huber
adamw,4,2550,0.025234688073396683,0.11086842251360493,huber
adamw,4,2600,0.02507525123655796,0.11016793790529693,huber
adamw,4,2650,0.025676418095827103,0.1128091602243829,huber
adamw,4,2700,0.02452583983540535,0.10775410282322213,huber
adamw,4,2750,0.02416873350739479,0.10618515871180687,huber
adamw,4,2800,0.026355011388659477,0.11579055502846423,huber
adamw,4,2850,0.025706693530082703,0.1129421751293847,huber
adamw,4,2900,0.025150731205940247,0.11049955861376178,huber
adamw,4,2950,0.026249662041664124,0.1153277034219676,huber
adamw,4,3000,0.02673366479575634,0.11745416607854449,huber
adamw,4,3050,0.02560281753540039,0.11248579668579296,huber
adamw,4,3100,0.025179563090205193,0.11062623129215003,huber
adamw,4,3150,0.02381674200296402,0.10463868654139905,huber
adamw,4,3200,0.02442297153174877,0.10730215166298256,huber
adamw,4,3250,0.024796485900878906,0.10894318438631863,huber
adamw,4,3300,0.02314799651503563,0.10170055799809932,huber
adamw,4,3350,0.024187179282307625,0.10626620009265052,huber
adamw,4,3400,0.02521800622344017,0.11079513092450712,huber
adamw,4,3450,0.024674158543348312,0.1084057400113286,huber
adamw,4,3500,0.024425461888313293,0.10731309302683067,huber
adamw,4,3550,0.024975501000881195,0.10972968595454259,huber
adamw,4,3600,0.02460852637887001,0.10811738556364538,huber
adamw,4,3650,0.024188902229070663,0.1062737698469957,huber
adamw,4,3700,0.02346624620258808,0.10309878573611467,huber
adamw,4,3750,0.024000784382224083,0.10544727542527453,huber
adamw,4,3800,0.02505602315068245,0.11008345944680464,huber
adamw,4,3850,0.02321632020175457,0.10200073762959747,huber
adamw,4,3900,0.02462255209684372,0.1081790074557743,huber
adamw,4,3950,0.023241814225912094,0.1021127454433516,huber
adamw,4,4000,0.021991180256009102,0.09661809399444987,huber
adamw,4,4050,0.023514147847890854,0.10330924127394726,huber
adamw,4,4100,0.024704953655600548,0.10854103811791127,huber
adamw,4,4150,0.02366393432021141,0.10396732707440402,huber
adamw,4,4200,0.026768524199724197,0.11760732062186359,huber
adamw,4,4250,0.02497655712068081,0.10973432600936824,huber
adamw,4,4300,0.024664968252182007,0.10836536253247547,huber
adamw,4,4350,0.024638785049319267,0.10825032681698328,huber
adamw,4,4400,0.026482049375772476,0.1163486955210099,huber
adamw,4,4450,0.0246490016579628,0.10829521341437068,huber
adamw,4,4500,0.02446293830871582,0.10747774541323625,huber
adamw,4,4550,0.024604089558124542,0.10809789242326676,huber
adamw,4,4600,0.02500941790640354,0.1098786996376469,huber
adamw,4,4650,0.02270854264497757,0.09976982054657521,huber
adamw,4,4700,0.024744804948568344,0.10871612449003588,huber
adamw,4,4750,0.02561267651617527,0.11252911204768386,huber
adamw,4,4800,0.026945387944579124,0.11838437022655383,huber
adamw,4,4850,0.025806734338402748,0.11338170370897994,huber
adamw,4,4900,0.02522520162165165,0.11082674385535625,huber
adamw,4,4950,0.02511628344655037,0.1103482126279673,huber
adamw,4,5000,0.023961562663316727,0.10527495508230525,huber
adamw,5,1,0.44817787408828735,1.0,mse
adamw,5,50,0.19287565350532532,0.4303551439206711,mse
adamw,5,100,0.12496459484100342,0.2788281217478987,mse
adamw,5,150,0.09418445080518723,0.21014971119844633,mse
adamw,5,200,0.07218347489833832,0.16105988062257345,mse
adamw,5,250,0.06610081344842911,0.14748789993904918,mse
adamw,5,300,0.06102938577532768,0.13617224165623446,mse
adamw,5,350,0.062272071838378906,0.13894499358107942,mse
adamw,5,400,0.05838237702846527,0.13026608497179945,mse
adamw,5,450,0.058867331594228745,0.13134814322099347,mse
adamw,5,500,0.054944999516010284,0.12259641247971687,mse
adamw,5,550,0.0552060604095459,0.12317890641489089,mse
adamw,5,600,0.055972903966903687,0.1248899314379752,mse
adamw,5,650,0.05312646925449371,0.11853880418029793,mse
adamw,5,700,0.05104254186153412,0.11388902668470233,mse
adamw,5,750,0.05752570554614067,0.12835463076610645,mse
adamw,5,800,0.05318502336740494,0.11866945345215307,mse
adamw,5,850,0.05314548313617706,0.11858122903610328,mse
adamw,5,900,0.05264958366751671,0.11747474989616549,mse
adamw,5,950,0.05606061965227127,0.12508564767128105,mse
adamw,5,1000,0.05260734260082245,0.11738049922218881,mse
adamw,5,1050,0.052872441709041595,0.11797200345197353,mse
adamw,5,1100,0.05577118322253227,0.12443984062351504,mse
adamw,5,1150,0.0537138432264328,0.11984938644215982,mse
adamw,5,1200,0.05188456177711487,0.11576778948015189,mse
adamw,5,1250,0.049450334161520004,0.11033640217539765,mse
adamw,5,1300,0.05156814679503441,0.1150617863497561,mse
adamw,5,1350,0.051475074142217636,0.11485411734555524,mse
adamw,5,1400,0.05109390616416931,0.11400363364235208,mse
adamw,5,1450,0.05317075550556183,0.11863761818613926,mse
adamw,5,1500,0.048933010548353195,0.10918212026395974,mse
adamw,5,1550,0.049977537244558334,0.11151272772272816,mse
adamw,5,1600,0.053452592343091965,0.11926646859091095,mse
adamw,5,1650,0.05171212926506996,0.11538304823785901,mse
adamw,5,1700,0.05519964173436165,0.12316458470122461,mse
adamw,5,1750,0.047929659485816956,0.10694338622431683,mse
adamw,5,1800,0.05272286385297775,0.11763825681986206,mse
adamw,5,1850,0.05294337868690491,0.11813028207741352,mse
adamw,5,1900,0.04907871037721634,0.10950721402089617,mse
adamw,5,1950,0.053028374910354614,0.11831993049239298,mse
adamw,5,2000,0.05210448056459427,0.11625848480491947,mse
adamw,5,2050,0.051011811941862106,0.11382046033761407,mse
adamw,5,2100,0.05092613026499748,0.11362928249993318,mse
adamw,5,2150,0.04912170022726059,0.1096031354229326,mse
adamw,5,2200,0.04870453476905823,0.10867233209166376,mse
adamw,5,2250,0.05190665274858475,0.11581708011395396,mse
adamw,5,2300,0.055223654955625534,0.12321816436825467,mse
adamw,5,2350,0.0493137389421463,0.1100316231417348,mse
adamw,5,2400,0.047760024666786194,0.10656488735402823,mse
adamw,5,2450,0.04893577843904495,0.10918829613932482,mse
adamw,5,2500,0.053643010556697845,0.11969134055495702,mse
adamw,5,2550,0.049141839146614075,0.10964807052686751,mse
adamw,5,2600,0.05151844769716263,0.11495089489182127,mse
adamw,5,2650,0.05116432160139084,0.11416074857660619,mse
adamw,5,2700,0.050243064761161804,0.11210518784170129,mse
adamw,5,2750,0.04757627472281456,0.10615489401300168,mse
adamw,5,2800,0.05154679715633392,0.11501414981985396,mse
adamw,5,2850,0.0501474104821682,0.1118917585661303,mse
adamw,5,2900,0.04880843684077263,0.1089041643121315,mse
adamw,5,2950,0.05185066908597946,0.11569216617722923,mse
adamw,5,3000,0.04826332628726959,0.10768788259672568,mse
adamw,5,3050,0.050512973219156265,0.11270742296663584,mse
adamw,5,3100,0.049408383667469025,0.11024279984365311,mse
adamw,5,3150,0.05166397988796234,0.11527561460516224,mse
adamw,5,3200,0.05162958428263664,0.11519886917145321,mse
adamw,5,3250,0.0519380047917366,0.11588703457838537,mse
adamw,5,3300,0.05024518817663193,0.11210992572724382,mse
adamw,5,3350,0.04875444248318672,0.10878368902607294,mse
adamw,5,3400,0.05096781253814697,0.11372228636192498,mse
adamw,5,3450,0.050814300775527954,0.11337976217344,mse
adamw,5,3500,0.052393361926078796,0.11690305335278049,mse
adamw,5,3550,0.051777951419353485,0.11552991437759744,mse
adamw,5,3600,0.05069199949502945,0.11310687659035025,mse
adamw,5,3650,0.04847361519932747,0.10815709119495391,mse
adamw,5,3700,0.050398360937833786,0.11245169351645798,mse
adamw,5,3750,0.051797978579998016,0.11557460011913538,mse
adamw,5,3800,0.04804634302854538,0.10720373719091864,mse
adamw,5,3850,0.04945928230881691,0.11035636779131545,mse
adamw,5,3900,0.04885398596525192,0.10900579611305865,mse
adamw,5,3950,0.05267775058746338,0.11753759753228311,mse
adamw,5,4000,0.04967879876494408,0.11084616541145394,mse
adamw,5,4050,0.04983101785182953,0.11118580530821391,mse
adamw,5,4100,0.047971926629543304,0.10703769508285282,mse
adamw,5,4150,0.05045608803629875,0.11258049750657552,mse
adamw,5,4200,0.050014249980449677,0.11159464327013448,mse
adamw,5,4250,0.048591893166303635,0.10842099973175255,mse
adamw,5,4300,0.049424149096012115,0.11027797656578639,mse
adamw,5,4350,0.047279976308345795,0.10549377611406142,mse
adamw,5,4400,0.04802611470222473,0.10715860259706614,mse
adamw,5,4450,0.05335581302642822,0.11905052906721042,mse
adamw,5,4500,0.051202744245529175,0.11424647936868623,mse
adamw,5,4550,0.047338634729385376,0.10562465812415375,mse
adamw,5,4600,0.05175206810235977,0.11547216204645801,mse
adamw,5,4650,0.05135316401720047,0.1145821045308549,mse
adamw,5,4700,0.049673743546009064,0.11083488591903076,mse
adamw,5,4750,0.05316770076751709,0.11863080228062194,mse
adamw,5,4800,0.04941653087735176,0.11026097836239258,mse
adamw,5,4850,0.053178079426288605,0.11865395973522103,mse
adamw,5,4900,0.05158775672316551,0.11510554113834533,mse
adamw,5,4950,0.05294400453567505,0.11813167850683659,mse
adamw,5,5000,0.04636185243725777,0.10344520583835172,mse
adamw,6,1,0.2706574499607086,1.0,huber
adamw,6,50,0.05200296640396118,0.1921357288022571,huber
adamw,6,100,0.03482561185956001,0.12867043513716564,huber
adamw,6,150,0.02953144535422325,0.10911004060117442,huber
adamw,6,200,0.026782354339957237,0.09895295453291693,huber
adamw,6,250,0.026430770754814148,0.0976539561672923,huber
adamw,6,300,0.026288416236639023,0.09712799791934534,huber
adamw,6,350,0.02728528529405594,0.1008111370960487,huber
adamw,6,400,0.024460121989250183,0.0903729861963935,huber
adamw,6,450,0.025147125124931335,0.0929112615543446,huber
adamw,6,500,0.02654304914176464,0.09806879191988951,huber
adamw,6,550,0.024152908474206924,0.08923792224346015,huber
adamw,6,600,0.02536063827574253,0.0937001301069826,huber
adamw,6,650,0.025201227515935898,0.09311115404210882,huber
adamw,6,700,0.02519003301858902,0.09306979365336465,huber
adamw,6,750,0.02479696273803711,0.09161751409996986,huber
adamw,6,800,0.025200124830007553,0.09310707994058859,huber
adamw,6,850,0.02462180331349373,0.09097035133179626,huber
adamw,6,900,0.02383415400981903,0.08806021786312934,huber
adamw,6,950,0.024490052834153175,0.09048357190134024,huber
adamw,6,1000,0.02397753857076168,0.08858998181739502,huber
adamw,6,1050,0.02468280866742134,0.09119574824563133,huber
adamw,6,1100,0.024763323366642,0.09149322647589007,huber
adamw,6,1150,0.024506542831659317,0.09054449761208101,huber
adamw,6,1200,0.024202896282076836,0.08942261255173421,huber
adamw,6,1250,0.023936893790960312,0.08843981126119098,huber
adamw,6,1300,0.024340633302927017,0.08993151049956523,huber
adamw,6,1350,0.024860741570591927,0.09185315820495968,huber
adamw,6,1400,0.02476436272263527,0.09149706659185002,huber
adamw,6,1450,0.024496162310242653,0.0905061446259793,huber
adamw,6,1500,0.02347346767783165,0.08672758751417815,huber
adamw,6,1550,0.023525740951299667,0.08692072194840712,huber
adamw,6,1600,0.024046100676059723,0.08884329871411446,huber
adamw,6,1650,0.023576023057103157,0.08710649960134366,huber
adamw,6,1700,0.02392568066716194,0.08839838205316439,huber
adamw,6,1750,0.025504089891910553,0.09423014181066505,huber
adamw,6,1800,0.024417893961071968,0.09021696600118237,huber
adamw,6,1850,0.023520587012171745,0.08690167965295702,huber
adamw,6,1900,0.023085972294211388,0.08529590557201652,huber
adamw,6,1950,0.02356458455324173,0.08706423767999959,huber
adamw,6,2000,0.023624742403626442,0.0872865033164838,huber
adamw,6,2050,0.02389639988541603,0.08829019814117467,huber
adamw,6,2100,0.023463640362024307,0.08669127846076481,huber
adamw,6,2150,0.02306262217462063,0.08520963371955449,huber
adamw,6,2200,0.02329958602786064,0.08608514574877967,huber
adamw,6,2250,0.022784605622291565,0.08418244399183991,huber
adamw,6,2300,0.022203441709280014,0.08203521356054781,huber
adamw,6,2350,0.02268528938293457,0.08381549957789004,huber
adamw,6,2400,0.02329123578965664,0.08605429406446352,huber
adamw,6,2450,0.023443609476089478,0.08661727020443291,huber
adamw,6,2500,0.023181965574622154,0.08565057262597975,huber
adamw,6,2550,0.022734714671969414,0.08399811154383452,huber
adamw,6,2600,0.022502729669213295,0.08314099490880454,huber
adamw,6,2650,0.022315531969070435,0.08244935423839242,huber
adamw,6,2700,0.021504443138837814,0.07945261858470778,huber
adamw,6,2750,0.02080463618040085,0.07686703685201002,huber
adamw,6,2800,0.021342631429433823,0.07885477171432796,huber
adamw,6,2850,0.021544966846704483,0.07960234181557599,huber
adamw,6,2900,0.021906062960624695,0.08093648618874079,huber
adamw,6,2950,0.021332070231437683,0.07881575118118664,huber
adamw,6,3000,0.02040599286556244,0.07539416656931032,huber
adamw,6,3050,0.020466120913624763,0.07561632209494264,huber
adamw,6,3100,0.020549874752759933,0.07592576799841705,huber
adamw,6,3150,0.021672692149877548,0.08007424939909755,huber
adamw,6,3200,0.020905181765556335,0.07723852333860066,huber
adamw,6,3250,0.0200834721326828,0.0742025469300709,huber
adamw,6,3300,0.019699260592460632,0.07278299782740279,huber
adamw,6,3350,0.01873990148305893,0.06923844692166946,huber
adamw,6,3400,0.02018304169178009,0.0745704272862619,huber
adamw,6,3450,0.020094681531190872,0.07424396237424102,huber
adamw,6,3500,0.018712744116783142,0.06913810840787746,huber
adamw,6,3550,0.019156645983457565,0.07077819578304066,huber
adamw,6,3600,0.01856202818453312,0.0685812571840449,huber
adamw,6,3650,0.018032241612672806,0.0666238509794966,huber
adamw,6,3700,0.017732694745063782,0.06551711304321399,huber
adamw,6,3750,0.01746632531285286,0.06453295601280677,huber
adamw,6,3800,0.01794636994600296,0.06630658032360918,huber
adamw,6,3850,0.0176471509039402,0.06520105360669746,huber
adamw,6,3900,0.017009155824780464,0.06284384866276427,huber
adamw,6,3950,0.017403343692421913,0.06430025737310523,huber
adamw,6,4000,0.01637582667171955,0.06050388294908133,huber
adamw,6,4050,0.0177142396569252,0.0654489268981762,huber
adamw,6,4100,0.016322465613484383,0.060306729468758084,huber
adamw,6,4150,0.01659582182765007,0.06131670061200713,huber
adamw,6,4200,0.016949066892266273,0.06262183765762507,huber
adamw,6,4250,0.016286153346300125,0.0601725662776487,huber
adamw,6,4300,0.015796061605215073,0.05836182084590019,huber
adamw,6,4350,0.01594816893339157,0.058923812870130744,huber
adamw,6,4400,0.01640355959534645,0.0606063479787006,huber
adamw,6,4450,0.015119645744562149,0.055862662368085826,huber
adamw,6,4500,0.01571420393884182,0.058059380745377795,huber
adamw,6,4550,0.015819450840353966,0.05844823721885534,huber
adamw,6,4600,0.015203224495053291,0.05617146137030533,huber
adamw,6,4650,0.014721458777785301,0.05439147815780581,huber
adamw,6,4700,0.014839734882116318,0.05482847371934748,huber
adamw,6,4750,0.014624286442995071,0.05403245484326436,huber
adamw,6,4800,0.01494944654405117,0.05523382617482498,huber
adamw,6,4850,0.014177518896758556,0.05238177962149835,huber
adamw,6,4900,0.015229284763336182,0.056267746428361826,huber
adamw,6,4950,0.014201906509697437,0.05247188470799208,huber
adamw,6,5000,0.013977497816085815,0.05164276031609302,huber
adamw,7,1,0.27536720037460327,1.0,mse
adamw,7,50,0.053830064833164215,0.1954846646947604,mse
adamw,7,100,0.05129044130444527,0.18626198485030504,mse
adamw,7,150,0.05126524716615677,0.18617049197005558,mse
adamw,7,200,0.051513463258743286,0.18707189232655722,mse
adamw,7,250,0.05092440918087959,0.1849327338608345,mse
adamw,7,300,0.049688130617141724,0.1804431702452112,mse
adamw,7,350,0.050492145121097565,0.1833629606300576,mse
adamw,7,400,0.048858366906642914,0.17742987124166243,mse
adamw,7,450,0.049396783113479614,0.1793851375410047,mse
adamw,7,500,0.047980502247810364,0.17424189294345435,mse
adamw,7,550,0.048110902309417725,0.17471544266698702,mse
adamw,7,600,0.050315503031015396,0.18272148230641605,mse
adamw,7,650,0.04974614083766937,0.1806538352062114,mse
adamw,7,700,0.05007573962211609,0.18185077799387214,mse
adamw,7,750,0.047066472470760345,0.17092258049154796,mse
adamw,7,800,0.046883467584848404,0.17025799558215068,mse
adamw,7,850,0.05245304852724075,0.19048400991797432,mse
adamw,7,900,0.04539027437567711,0.16483544268863254,mse
adamw,7,950,0.050559088587760925,0.18360606680454858,mse
adamw,7,1000,0.05029034614562988,0.18263012471062653,mse
adamw,7,1050,0.04758499562740326,0.17280560488928862,mse
adamw,7,1100,0.04866185784339905,0.17671624571554115,mse
adamw,7,1150,0.04333261400461197,0.1573630190729443,mse
adamw,7,1200,0.043861616402864456,0.15928409898926274,mse
adamw,7,1250,0.0472111776471138,0.17144807944769308,mse
adamw,7,1300,0.04634648188948631,0.16830792420606963,mse
adamw,7,1350,0.042896024882793427,0.15577753931636976,mse
adamw,7,1400,0.04270900785923004,0.15509838427063818,mse
adamw,7,1450,0.035387709736824036,0.12851098347473264,mse
adamw,7,1500,0.042759813368320465,0.15528288521708827,mse
adamw,7,1550,0.040489181876182556,0.14703705387243649,mse
adamw,7,1600,0.03812718391418457,0.1384594238613648,mse
adamw,7,1650,0.036566659808158875,0.13279235783497245,mse
adamw,7,1700,0.03987667337059975,0.144812720310743,mse
adamw,7,1750,0.029647190123796463,0.10766420286608246,mse
adamw,7,1800,0.03792518377304077,0.13772585740585014,mse
adamw,7,1850,0.035012274980545044,0.12714758668757623,mse
adamw,7,1900,0.03296402841806412,0.11970934945491185,mse
adamw,7,1950,0.03221447020769119,0.11698731789358849,mse
adamw,7,2000,0.031667377799749374,0.11500054384352891,mse
adamw,7,2050,0.03400421142578125,0.12348678920191909,mse
adamw,7,2100,0.03005688637495041,0.10915202077103484,mse
adamw,7,2150,0.030731987208127975,0.1116036592822997,mse
adamw,7,2200,0.028303250670433044,0.10278366716126665,mse
adamw,7,2250,0.03223413601517677,0.11705873455998458,mse
adamw,7,2300,0.030773313716053963,0.11175373709792105,mse
adamw,7,2350,0.030026201158761978,0.10904058696139197,mse
adamw,7,2400,0.034158047288656235,0.1240454463791926,mse
adamw,7,2450,0.029972802847623825,0.1088466702165309,mse
adamw,7,2500,0.02915104478597641,0.10586244384342068,mse
adamw,7,2550,0.03791932389140129,0.13770457716030343,mse
adamw,7,2600,0.025201987475156784,0.09152138468514977,mse
adamw,7,2650,0.025322042405605316,0.09195736591416039,mse
adamw,7,2700,0.027415089309215546,0.09955829623833443,mse
adamw,7,2750,0.019321879372000694,0.07016768644092561,mse
adamw,7,2800,0.020998306572437286,0.0762556562432696,mse
adamw,7,2850,0.027977539226412773,0.1016008413069994,mse
adamw,7,2900,0.02396792732179165,0.0870398772591152,mse
adamw,7,2950,0.02619173377752304,0.09511566280186022,mse
adamw,7,3000,0.025079630315303802,0.0910770428765156,mse
adamw,7,3050,0.024224650114774704,0.08797216982204141,mse
adamw,7,3100,0.02403414249420166,0.08728033862241458,mse
adamw,7,3150,0.020215459167957306,0.0734127344885544,mse
adamw,7,3200,0.019877327606081963,0.07218480479534709,mse
adamw,7,3250,0.02516764961183071,0.09139668623421095,mse
adamw,7,3300,0.02075202390551567,0.07536127715023826,mse
adamw,7,3350,0.019720301032066345,0.07161456050408072,mse
adamw,7,3400,0.020234564319252968,0.07348211512382857,mse
adamw,7,3450,0.013099449686706066,0.0475708423838637,mse
adamw,7,3500,0.01712365821003914,0.06218481426525928,mse
adamw,7,3550,0.017161324620246887,0.06232160038269268,mse
adamw,7,3600,0.022093361243605614,0.08023236323552808,mse
adamw,7,3650,0.02273557521402836,0.08256457262556834,mse
adamw,7,3700,0.016828563064336777,0.061113171944384016,mse
adamw,7,3750,0.014960797503590584,0.05433035409895679,mse
adamw,7,3800,0.014028913341462612,0.05094620318751833,mse
adamw,7,3850,0.010753964073956013,0.0390531772096552,mse
adamw,7,3900,0.012153426185250282,0.044135344255659494,mse
adamw,7,3950,0.01210713293403387,0.04396722963941821,mse
adamw,7,4000,0.012381237000226974,0.044962642549235425,mse
adamw,7,4050,0.011528676375746727,0.04186655622043358,mse
adamw,7,4100,0.011673573404550552,0.04239275189154732,mse
adamw,7,4150,0.009310776367783546,0.03381222002881018,mse
adamw,7,4200,0.014789531007409096,0.05370839732288288,mse
adamw,7,4250,0.014471858739852905,0.05255476585506814,mse
adamw,7,4300,0.016960907727479935,0.06159378351672495,mse
adamw,7,4350,0.013125920668244362,0.047666972138977186,mse
adamw,7,4400,0.010707545094192028,0.03888460600836166,mse
adamw,7,4450,0.015076760202646255,0.0547514743300443,mse
adamw,7,4500,0.008940335363149643,0.03246695812350714,mse
adamw,7,4550,0.011282636784017086,0.040973059858503275,mse
adamw,7,4600,0.015623623505234718,0.056737416380675317,mse
adamw,7,4650,0.009940320625901222,0.03609841917402885,mse
adamw,7,4700,0.014274151995778084,0.05183679093356018,mse
adamw,7,4750,0.0140812573954463,0.05113629138216345,mse
adamw,7,4800,0.018786631524562836,0.0682239260849002,mse
adamw,7,4850,0.008431369438767433,0.030618640953961076,mse
adamw,7,4900,0.011021198704838753,0.04002364366506165,mse
adamw,7,4950,0.011754085309803486,0.04268513204845565,mse
adamw,7,5000,0.014287764206528664,0.05188622387521794,mse
adamw,8,1,0.4788229465484619,1.0,mse
adamw,8,50,0.049841441214084625,0.10409158870384284,mse
adamw,8,100,0.050899967551231384,0.10630227293436484,mse
adamw,8,150,0.04791177064180374,0.10006155926145567,mse
adamw,8,200,0.05001171678304672,0.1044472015043352,mse
adamw,8,250,0.048682793974876404,0.10167180651178169,mse
adamw,8,300,0.049949921667575836,0.10431814520927597,mse
adamw,8,350,0.05003547668457031,0.10449682298069689,mse
adamw,8,400,0.052140459418296814,0.10889298391847152,mse
adamw,8,450,0.04974893480539322,0.10389839326624273,mse
adamw,8,500,0.04993477463722229,0.1042865113235929,mse
adamw,8,550,0.05071120709180832,0.10590805527879148,mse
adamw,8,600,0.0490780770778656,0.10249733733865318,mse
adamw,8,650,0.050608210265636444,0.1056929510802264,mse
adamw,8,700,0.05181634798645973,0.10821609189779165,mse
adamw,8,750,0.050480931997299194,0.1054271361913312,mse
adamw,8,800,0.05190112441778183,0.1083931436283597,mse
adamw,8,850,0.05044831335544586,0.10535901363770578,mse
adamw,8,900,0.048242904245853424,0.10075311677021045,mse
adamw,8,950,0.05114609748125076,0.10681630412646534,mse
adamw,8,1000,0.0494600310921669,0.10329503096853156,mse
adamw,8,1050,0.04838009178638458,0.1010396267245058,mse
adamw,8,1100,0.04894283413887024,0.10221488859644012,mse
adamw,8,1150,0.05126182734966278,0.10705800070605961,mse
adamw,8,1200,0.050119224935770035,0.10467172740372718,mse
adamw,8,1250,0.04762338101863861,0.09945927061751336,mse
adamw,8,1300,0.047841206192970276,0.09991418861152729,mse
adamw,8,1350,0.05006980895996094,0.10456852438021857,mse
adamw,8,1400,0.04968853294849396,0.10377224672849916,mse
adamw,8,1450,0.050449736416339874,0.10536198563581962,mse
adamw,8,1500,0.04857317730784416,0.10144287707591734,mse
adamw,8,1550,0.048064373433589935,0.10038026326861785,mse
adamw,8,1600,0.049089159816503525,0.10252048313548229,mse
adamw,8,1650,0.04691114276647568,0.09797179334162878,mse
adamw,8,1700,0.04718498885631561,0.09854370847605148,mse
adamw,8,1750,0.05036665499210358,0.10518847385064897,mse
adamw,8,1800,0.0478469617664814,0.09992620886567888,mse
adamw,8,1850,0.04961785301566124,0.10362463489547778,mse
adamw,8,1900,0.04841683804988861,0.10111636962868135,mse
adamw,8,1950,0.04778195545077324,0.09979044612461405,mse
adamw,8,2000,0.05008292943239212,0.10459592589162434,mse
adamw,8,2050,0.051817722618579865,0.10821896275460843,mse
adamw,8,2100,0.047162555158138275,0.09849685671520951,mse
adamw,8,2150,0.04797942936420441,0.10020286143355994,mse
adamw,8,2200,0.0495152547955513,0.10341036316758857,mse
adamw,8,2250,0.04665905609726906,0.09744532176998888,mse
adamw,8,2300,0.04812398552894592,0.10050476042520921,mse
adamw,8,2350,0.048251476138830185,0.10077101877979155,mse
adamw,8,2400,0.04918228089809418,0.10271496228954519,mse
adamw,8,2450,0.04867224395275116,0.10164977326922033,mse
adamw,8,2500,0.048459406942129135,0.10120527282880444,mse
adamw,8,2550,0.04629507660865784,0.09668516712152242,mse
adamw,8,2600,0.04648737236857414,0.09708676809178178,mse
adamw,8,2650,0.049566224217414856,0.10351681049270314,mse
adamw,8,2700,0.0469491071999073,0.0980510803384306,mse
adamw,8,2750,0.05047202855348587,0.10540854175287018,mse
adamw,8,2800,0.04646007716655731,0.0970297633007341,mse
adamw,8,2850,0.04823177307844162,0.10072986983208429,mse
adamw,8,2900,0.04772906005382538,0.09967997648791607,mse
adamw,8,2950,0.047327034175395966,0.09884036368045275,mse
adamw,8,3000,0.04426701366901398,0.09244964968389144,mse
adamw,8,3050,0.048220835626125336,0.10070702745914638,mse
adamw,8,3100,0.04803752899169922,0.10032419986964287,mse
adamw,8,3150,0.04626050218939781,0.09661296001551539,mse
adamw,8,3200,0.047156207263469696,0.09848359942519377,mse
adamw,8,3250,0.046636857092380524,0.0973989601554327,mse
adamw,8,3300,0.046815983951091766,0.09777305847298924,mse
adamw,8,3350,0.04562339186668396,0.09528238401178293,mse
adamw,8,3400,0.045872800052165985,0.09580326169168497,mse
adamw,8,3450,0.046075038611888885,0.09622562774824245,mse
adamw,8,3500,0.04649583250284195,0.09710443669836964,mse
adamw,8,3550,0.04583365470170975,0.09572150840325465,mse
adamw,8,3600,0.04740200936794281,0.09899694596851412,mse
adamw,8,3650,0.04866370931267738,0.10163194906063698,mse
adamw,8,3700,0.04854457080364227,0.10138313368974904,mse
adamw,8,3750,0.04706205427646637,0.09828696518349334,mse
adamw,8,3800,0.04785355180501938,0.09993997186217995,mse
adamw,8,3850,0.04745282232761383,0.09910306652943815,mse
adamw,8,3900,0.04709763824939728,0.09836128069653927,mse
adamw,8,3950,0.0457276850938797,0.09550019568506952,mse
adamw,8,4000,0.045983973890542984,0.09603544320925506,mse
adamw,8,4050,0.04595362767577171,0.09597206651649207,mse
adamw,8,4100,0.04754510521888733,0.0992957951610518,mse
adamw,8,4150,0.046136289834976196,0.09635354814873459,mse
adamw,8,4200,0.0486588217318058,0.10162174156973285,mse
adamw,8,4250,0.04758966341614723,0.09938885293445446,mse
adamw,8,4300,0.046883560717105865,0.09791418948289847,mse
adamw,8,4350,0.04534129053354263,0.09469322817625997,mse
adamw,8,4400,0.04537569731473923,0.09476508517777715,mse
adamw,8,4450,0.046069249510765076,0.09621353747319289,mse
adamw,8,4500,0.04892530292272568,0.10217827544690138,mse
adamw,8,4550,0.04646477475762367,0.09703957400654972,mse
adamw,8,4600,0.04763486236333847,0.09948324888501835,mse
adamw,8,4650,0.048417672514915466,0.10111811237103084,mse
adamw,8,4700,0.04839509725570679,0.10107096496639743,mse
adamw,8,4750,0.04562384635210037,0.09528333318395542,mse
adamw,8,4800,0.0441858172416687,0.09228007462920666,mse
adamw,8,4850,0.04808003455400467,0.1004129708080698,mse
adamw,8,4900,0.045418184250593185,0.0948538172157052,mse
adamw,8,4950,0.04573749005794525,0.09552067290767598,mse
adamw,8,5000,0.046574220061302185,0.09726814555782444,mse
adamw,9,1,0.1215786263346672,1.0,huber
adamw,9,50,0.026084836572408676,0.21455117037270544,huber
adamw,9,100,0.02540060132741928,0.2089232465704911,huber
adamw,9,150,0.025964397937059402,0.21356054694669516,huber
adamw,9,200,0.02531130611896515,0.20818878187759082,huber
adamw,9,250,0.025821905583143234,0.21238852881972659,huber
adamw,9,300,0.024730104953050613,0.2034083267644143,huber
adamw,9,350,0.025043899193406105,0.20598932516697657,huber
adamw,9,400,0.02451237477362156,0.20161746774590794,huber
adamw,9,450,0.02416544035077095,0.19876388703595974,huber
adamw,9,500,0.02408740296959877,0.19812201943533914,huber
adamw,9,550,0.024066118523478508,0.19794695210021665,huber
adamw,9,600,0.025448383763432503,0.20931626331573458,huber
adamw,9,650,0.025373036041855812,0.20869651851479168,huber
adamw,9,700,0.024776699021458626,0.20379156903168383,huber
adamw,9,750,0.02387763001024723,0.1963966095859623,huber
adamw,9,800,0.024389352649450302,0.2006055947886283,huber
adamw,9,850,0.02540365606546402,0.2089483721878536,huber
adamw,9,900,0.024525344371795654,0.20172414437620967,huber
adamw,9,950,0.02482452057301998,0.20418490750739351,huber
adamw,9,1000,0.025367291644215584,0.20864927009775153,huber
adamw,9,1050,0.02504698559641838,0.2060147112328117,huber
adamw,9,1100,0.02449391782283783,0.20146565692734414,huber
adamw,9,1150,0.025050083175301552,0.20604018922163717,huber
adamw,9,1200,0.024443060159683228,0.2010473460392559,huber
adamw,9,1250,0.024910295382142067,0.20489041645833342,huber
adamw,9,1300,0.02494388073682785,0.205166660364835,huber
adamw,9,1350,0.02481042966246605,0.20406900793705995,huber
adamw,9,1400,0.02448507957160473,0.2013929611624753,huber
adamw,9,1450,0.024847134947776794,0.2043709136783677,huber
adamw,9,1500,0.025025155395269394,0.20583515499166044,huber
adamw,9,1550,0.024453531950712204,0.2011334778812143,huber
adamw,9,1600,0.0243501178920269,0.20028288381050455,huber
adamw,9,1650,0.025450563058257103,0.20933418829885292,huber
adamw,9,1700,0.024347763508558273,0.20026351870053738,huber
adamw,9,1750,0.024954553693532944,0.2052544468206197,huber
adamw,9,1800,0.02319893054664135,0.19081421830496825,huber
adamw,9,1850,0.024345222860574722,0.20024262154073105,huber
adamw,9,1900,0.024883296340703964,0.20466834583414506,huber
adamw,9,1950,0.024993155151605606,0.20557194882929025,huber
adamw,9,2000,0.024783670902252197,0.20384891365716415,huber
adamw,9,2050,0.02528543770313263,0.20797601079592623,huber
adamw,9,2100,0.024870768189430237,0.20456530016196217,huber
adamw,9,2150,0.02363734319806099,0.1944202193319319,huber
adamw,9,2200,0.02454467862844467,0.20188317114951598,huber
adamw,9,2250,0.024581771343946457,0.2021882635544892,huber
adamw,9,2300,0.024067291989922523,0.19795660401420345,huber
adamw,9,2350,0.02420572191476822,0.1990952081341796,huber
adamw,9,2400,0.02459220588207245,0.20227408898647978,huber
adamw,9,2450,0.023956188932061195,0.1970427669261326,huber
adamw,9,2500,0.024518726393580437,0.2016697106454238,huber
adamw,9,2550,0.025056131184101105,0.20608993487991517,huber
adamw,9,2600,0.02402549982070923,0.19761285799178785,huber
adamw,9,2650,0.02421315386891365,0.1991563369227627,huber
adamw,9,2700,0.023699725046753883,0.19493331814356987,huber
adamw,9,2750,0.024434924125671387,0.20098042610228076,huber
adamw,9,2800,0.02340523898601532,0.19251113202733644,huber
adamw,9,2850,0.025783181190490723,0.21207001565816216,huber
adamw,9,2900,0.02454681135714054,0.20190071312017455,huber
adamw,9,2950,0.02412409894168377,0.19842384857415493,huber
adamw,9,3000,0.023343060165643692,0.19199970315002315,huber
adamw,9,3050,0.02399139665067196,0.19733235498673338,huber
adamw,9,3100,0.02371663972735405,0.1950724435894653,huber
adamw,9,3150,0.022873476147651672,0.18813731358247365,huber
adamw,9,3200,0.023927442729473114,0.19680632567445278,huber
adamw,9,3250,0.024078067392110825,0.19804523309739971,huber
adamw,9,3300,0.024035759270191193,0.1976972432969296,huber
adamw,9,3350,0.023497365415096283,0.19326888387779217,huber
adamw,9,3400,0.023263122886419296,0.19134220864104298,huber
adamw,9,3450,0.024447128176689148,0.20108080600774347,huber
adamw,9,3500,0.023436717689037323,0.19277004845015694,huber
adamw,9,3550,0.024431541562080383,0.20095260407720134,huber
adamw,9,3600,0.024704651907086372,0.2031989721538911,huber
adamw,9,3650,0.02374403364956379,0.19529776215931272,huber
adamw,9,3700,0.023117709904909134,0.19014616797259618,huber
adamw,9,3750,0.023751456290483475,0.19535881434540384,huber
adamw,9,3800,0.02462812140583992,0.20256949883646944,huber
adamw,9,3850,0.022997695952653885,0.18915903762021918,huber
adamw,9,3900,0.0235690176486969,0.19385823280992587,huber
adamw,9,3950,0.022312769666314125,0.18352542991310153,huber
adamw,9,4000,0.023404251784086227,0.1925030121631888,huber
adamw,9,4050,0.023993367329239845,0.19734856407403184,huber
adamw,9,4100,0.02252912148833275,0.185304951762798,huber
adamw,9,4150,0.023368678987026215,0.19221042128490323,huber
adamw,9,4200,0.023340951651334763,0.1919823603458437,huber
adamw,9,4250,0.023760326206684113,0.1954317705587453,huber
adamw,9,4300,0.02353839762508869,0.19360637913686396,huber
adamw,9,4350,0.022343439981341362,0.18377769723962,huber
adamw,9,4400,0.02334452047944069,0.1920117144207623,huber
adamw,9,4450,0.02350926212966442,0.19336673590102027,huber
adamw,9,4500,0.02345992624759674,0.19296094186011808,huber
adamw,9,4550,0.023409631103277206,0.19254725776254417,huber
adamw,9,4600,0.023920997977256775,0.19675331675001734,huber
adamw,9,4650,0.02359979972243309,0.19411141936634788,huber
adamw,9,4700,0.022459037601947784,0.18472850269031016,huber
adamw,9,4750,0.022665556520223618,0.1864271476289966,huber
adamw,9,4800,0.023791830986738205,0.19569090146854332,huber
adamw,9,4850,0.022590070962905884,0.1858062691111727,huber
adamw,9,4900,0.022832509130239487,0.1878003545408456,huber
adamw,9,4950,0.022588657215237617,0.18579464085289338,huber
adamw,9,5000,0.022707920521497726,0.18677559704441848,huber
adamw,10,1,0.2877712845802307,1.0,mse
adamw,10,50,0.04690682888031006,0.16300038048873644,mse
adamw,10,100,0.05125556141138077,0.17811214724272012,mse
adamw,10,150,0.05242419242858887,0.18217311885395218,mse
adamw,10,200,0.04783695563673973,0.16623255411504678,mse
adamw,10,250,0.05000291019678116,0.17375920696785274,mse
adamw,10,300,0.049802348017692566,0.17306225702935854,mse
adamw,10,350,0.051476508378982544,0.17887993395196067,mse
adamw,10,400,0.05164381489157677,0.1794613210519219,mse
adamw,10,450,0.050678402185440063,0.17610652938969978,mse
adamw,10,500,0.048909805715084076,0.1699606886991117,mse
adamw,10,550,0.05056092143058777,0.17569828589513548,mse
adamw,10,600,0.05276886746287346,0.18337085835317765,mse
adamw,10,650,0.04932162165641785,0.17139174163385634,mse
adamw,10,700,0.04718133062124252,0.16395426906498156,mse
adamw,10,750,0.0521937794983387,0.1813724380960153,mse
adamw,10,800,0.04993388429284096,0.17351934320229015,mse
adamw,10,850,0.04950032755732536,0.17201274140166914,mse
adamw,10,900,0.05197729542851448,0.18062015987569183,mse
adamw,10,950,0.05347980558872223,0.18584135545953698,mse
adamw,10,1000,0.04954851418733597,0.17218018906789787,mse
adamw,10,1050,0.05043812841176987,0.1752715823795397,mse
adamw,10,1100,0.05239471420645714,0.18207068256613865,mse
adamw,10,1150,0.052169084548950195,0.18128662359431988,mse
adamw,10,1200,0.052392520010471344,0.18206305777484305,mse
adamw,10,1250,0.048273563385009766,0.1677497581297104,mse
adamw,10,1300,0.049669742584228516,0.1726014555506513,mse
adamw,10,1350,0.049584902822971344,0.17230663891743186,mse
adamw,10,1400,0.05056438595056534,0.17571032503928644,mse
adamw,10,1450,0.051262687891721725,0.1781369116327855,mse
adamw,10,1500,0.046778447926044464,0.1625542589987036,mse
adamw,10,1550,0.04811730235815048,0.16720675389255304,mse
adamw,10,1600,0.05220646411180496,0.18141651689798738,mse
adamw,10,1650,0.051026005297899246,0.17731444390753026,mse
adamw,10,1700,0.05444681644439697,0.18920170066244807,mse
adamw,10,1750,0.045948825776576996,0.15967133706061784,mse
adamw,10,1800,0.050459686666727066,0.1753464969249178,mse
adamw,10,1850,0.052432410418987274,0.18220167622169092,mse
adamw,10,1900,0.04772370308637619,0.16583900355447317,mse
adamw,10,1950,0.05275493860244751,0.18332245581556425,mse
adamw,10,2000,0.05058777332305908,0.1757915957349636,mse
adamw,10,2050,0.049353666603565216,0.17150309724459462,mse
adamw,10,2100,0.04957762733101845,0.17228135671471484,mse
adamw,10,2150,0.04742808640003204,0.16481174092548861,mse
adamw,10,2200,0.047917090356349945,0.1665110208137902,mse
adamw,10,2250,0.05005691573023796,0.17394687521812857,mse
adamw,10,2300,0.053447846323251724,0.1857302975910734,mse
adamw,10,2350,0.046445272862911224,0.16139648169086956,mse
adamw,10,2400,0.046141453087329865,0.16034071347541146,mse
adamw,10,2450,0.04787440598011017,0.16636269337972381,mse
adamw,10,2500,0.05207318067550659,0.18095335937171514,mse
adamw,10,2550,0.0484180673956871,0.16825190694865225,mse
adamw,10,2600,0.04948979616165161,0.17197614499251346,mse
adamw,10,2650,0.04967310279607773,0.1726131322259461,mse
adamw,10,2700,0.04845502972602844,0.1683803503768951,mse
adamw,10,2750,0.047366246581077576,0.16459684867505206,mse
adamw,10,2800,0.050730567425489426,0.1762878026537277,mse
adamw,10,2850,0.048939332365989685,0.17006329327603703,mse
adamw,10,2900,0.0469149574637413,0.1630286271688842,mse
adamw,10,2950,0.050723087042570114,0.17626180845861467,mse
adamw,10,3000,0.047657985240221024,0.1656106352297773,mse
adamw,10,3050,0.04971766471862793,0.17276798409942334,mse
adamw,10,3100,0.048785775899887085,0.16952968733850718,mse
adamw,10,3150,0.04938575252890587,0.1716145952538121,mse
adamw,10,3200,0.04967223480343819,0.1726101159672502,mse
adamw,10,3250,0.051344726234674454,0.17842199338815382,mse
adamw,10,3300,0.048445526510477066,0.16834732687503587,mse
adamw,10,3350,0.047760121524333954,0.1659655569665375,mse
adamw,10,3400,0.04980672150850296,0.1730774548306846,mse
adamw,10,3450,0.04905019700527191,0.17044854588886788,mse
adamw,10,3500,0.051374390721321106,0.1785250769417819,mse
adamw,10,3550,0.04951586574316025,0.1720667363159204,mse
adamw,10,3600,0.048446714878082275,0.1683514564309328,mse
adamw,10,3650,0.047137875109910965,0.16380326195044284,mse
adamw,10,3700,0.048104457557201385,0.16716211844198045,mse
adamw,10,3750,0.05090947449207306,0.17690950146862025,mse
adamw,10,3800,0.04705049842596054,0.163499629556829,mse
adamw,10,3850,0.048199839890003204,0.1674935703203044,mse
adamw,10,3900,0.04725227877497673,0.1642008126137505,mse
adamw,10,3950,0.050558146089315414,0.17568864163449843,mse
adamw,10,4000,0.04719600826501846,0.1640052736111695,mse
adamw,10,4050,0.047944702208042145,0.16660697149814177,mse
adamw,10,4100,0.04605680704116821,0.1600465699986392,mse
adamw,10,4150,0.04722437262535095,0.1641038392494119,mse
adamw,10,4200,0.047702156007289886,0.16576412784504393,mse
adamw,10,4250,0.04734201729297638,0.16451265233789306,mse
adamw,10,4300,0.04768402874469757,0.1657011359359702,mse
adamw,10,4350,0.045100100338459015,0.15672203154059,mse
adamw,10,4400,0.04589802771806717,0.15949481472766885,mse
adamw,10,4450,0.05122346803545952,0.17800062334287006,mse
adamw,10,4500,0.04870960861444473,0.16926500740161404,mse
adamw,10,4550,0.04462908208370209,0.15508525163934309,mse
adamw,10,4600,0.049384064972400665,0.1716087310255321,mse
adamw,10,4650,0.050834089517593384,0.17664754004814828,mse
adamw,10,4700,0.04664202779531479,0.16208020151611402,mse
adamw,10,4750,0.050172194838523865,0.1743474680307647,mse
adamw,10,4800,0.047714293003082275,0.16580630368552118,mse
adamw,10,4850,0.04957737773656845,0.17228048937852333,mse
adamw,10,4900,0.04947805404663086,0.1719353413555631,mse
adamw,10,4950,0.05071476846933365,0.17623290156733604,mse
adamw,10,5000,0.04461878538131714,0.15504947078511375,mse
adamw,11,1,0.7034487128257751,1.0,mse
adamw,11,50,0.06285513192415237,0.08935282811402323,mse
adamw,11,100,0.05358964204788208,0.07618130656975806,mse
adamw,11,150,0.0535200759768486,0.07608241368707153,mse
adamw,11,200,0.048252880573272705,0.06859473859784233,mse
adamw,11,250,0.05153737962245941,0.07326387650271214,mse
adamw,11,300,0.050424374639987946,0.07168166452026287,mse
adamw,11,350,0.05134674161672592,0.07299287166290273,mse
adamw,11,400,0.051797062158584595,0.07363303281985434,mse
adamw,11,450,0.051278501749038696,0.07289586406811575,mse
adamw,11,500,0.04856708645820618,0.06904140354896762,mse
adamw,11,550,0.05023837834596634,0.0714172581881019,mse
adamw,11,600,0.0521039143204689,0.07406924395549161,mse
adamw,11,650,0.05014429986476898,0.07128351925378865,mse
adamw,11,700,0.047659628093242645,0.06775139000794024,mse
adamw,11,750,0.05198275297880173,0.0738970049003081,mse
adamw,11,800,0.04948002099990845,0.07033920184620948,mse
adamw,11,850,0.04973194748163223,0.07069733240659076,mse
adamw,11,900,0.05198536068201065,0.0739007119270769,mse
adamw,11,950,0.053097669035196304,0.07548193360380366,mse
adamw,11,1000,0.049240581691265106,0.06999882264829822,mse
adamw,11,1050,0.050045356154441833,0.0711428640666753,mse
adamw,11,1100,0.05240977182984352,0.07450404112520422,mse
adamw,11,1150,0.052366189658641815,0.07444208611639251,mse
adamw,11,1200,0.05307628959417343,0.07545154128005202,mse
adamw,11,1250,0.04751671105623245,0.06754822375799988,mse
adamw,11,1300,0.050571322441101074,0.0718905607744373,mse
adamw,11,1350,0.05161355435848236,0.07337216405038133,mse
adamw,11,1400,0.05100709944963455,0.07251004731352406,mse
adamw,11,1450,0.05179852619767189,0.0736351140505974,mse
adamw,11,1500,0.04823014885187149,0.06856242391592345,mse
adamw,11,1550,0.04803185909986496,0.06828054160042386,mse
adamw,11,1600,0.05256734788417816,0.07472804616133777,mse
adamw,11,1650,0.051126956939697266,0.07268043285532318,mse
adamw,11,1700,0.05335775017738342,0.07585165656646622,mse
adamw,11,1750,0.04633058235049248,0.0658620614492009,mse
adamw,11,1800,0.052435748279094696,0.07454096840757399,mse
adamw,11,1850,0.05177268385887146,0.07359837741531859,mse
adamw,11,1900,0.04809200018644333,0.06836603622921746,mse
adamw,11,1950,0.052092038094997406,0.074052361096436,mse
adamw,11,2000,0.05090980976819992,0.07237174344053264,mse
adamw,11,2050,0.04887448996305466,0.06947839845597886,mse
adamw,11,2100,0.05044872686266899,0.07171628285453094,mse
adamw,11,2150,0.04876348003745079,0.06932059032643104,mse
adamw,11,2200,0.047831181436777115,0.06799526470755457,mse
adamw,11,2250,0.05065300315618515,0.07200667544434118,mse
adamw,11,2300,0.05332771688699722,0.0758089622095947,mse
adamw,11,2350,0.048230692744255066,0.06856319709579237,mse
adamw,11,2400,0.046702876687049866,0.06639130306947748,mse
adamw,11,2450,0.0479026734828949,0.0680968954942975,mse
adamw,11,2500,0.0525999441742897,0.07477438399594777,mse
adamw,11,2550,0.04833473265171051,0.06871109687236245,mse
adamw,11,2600,0.05047689005732536,0.07175631874363397,mse
adamw,11,2650,0.04978134483098984,0.0707675540850969,mse
adamw,11,2700,0.049265146255493164,0.07003374284046032,mse
adamw,11,2750,0.04741504043340683,0.06740369208003687,mse
adamw,11,2800,0.050285402685403824,0.07148410647224844,mse
adamw,11,2850,0.0487724244594574,0.06933330542824802,mse
adamw,11,2900,0.04803363233804703,0.06828306237862665,mse
adamw,11,2950,0.05139338970184326,0.07305918507604404,mse
adamw,11,3000,0.05000200867652893,0.07108124269027279,mse
adamw,11,3050,0.050042327493429184,0.07113855861987096,mse
adamw,11,3100,0.04888324439525604,0.06949084347441699,mse
adamw,11,3150,0.050051428377628326,0.07115149614329408,mse
adamw,11,3200,0.05058784782886505,0.07191405273264644,mse
adamw,11,3250,0.05125736817717552,0.07286582126403088,mse
adamw,11,3300,0.04902007430791855,0.06968535646472847,mse
adamw,11,3350,0.04908457025885582,0.06977704182822596,mse
adamw,11,3400,0.05061238631606102,0.07194893585454085,mse
adamw,11,3450,0.04993739724159241,0.07098939315844696,mse
adamw,11,3500,0.05159522593021393,0.0733461089479492,mse
adamw,11,3550,0.050305649638175964,0.07151288888723191,mse
adamw,11,3600,0.04950544983148575,0.07037535065295782,mse
adamw,11,3650,0.04701697453856468,0.06683781444377948,mse
adamw,11,3700,0.049254149198532104,0.07001810977900104,mse
adamw,11,3750,0.05104847252368927,0.07256886194108733,mse
adamw,11,3800,0.047098297625780106,0.0669534207214408,mse
adamw,11,3850,0.04876631498336792,0.06932462039410398,mse
adamw,11,3900,0.04841543734073639,0.06882582405510429,mse
adamw,11,3950,0.05140317603945732,0.07307309701793209,mse
adamw,11,4000,0.04821503162384033,0.06854093375216946,mse
adamw,11,4050,0.04782974720001221,0.06799322584283173,mse
adamw,11,4100,0.046644020825624466,0.06630763547530565,mse
adamw,11,4150,0.049046218395233154,0.06972252205596195,mse
adamw,11,4200,0.04903814196586609,0.06971104086448372,mse
adamw,11,4250,0.047936782240867615,0.06814538340443341,mse
adamw,11,4300,0.047837913036346436,0.0680048341323706,mse
adamw,11,4350,0.04600317031145096,0.06539662305536789,mse
adamw,11,4400,0.04707686975598335,0.06692295955290631,mse
adamw,11,4450,0.05141965299844742,0.0730965201313584,mse
adamw,11,4500,0.0502329021692276,0.07140947343188743,mse
adamw,11,4550,0.045732852071523666,0.06501234736476152,mse
adamw,11,4600,0.05013847351074219,0.07127523669683664,mse
adamw,11,4650,0.05094683915376663,0.0724243832206496,mse
adamw,11,4700,0.04629004746675491,0.06580443836595616,mse
adamw,11,4750,0.051190346479415894,0.07277054538032018,mse
adamw,11,4800,0.04787328466773033,0.06805511730261311,mse
adamw,11,4850,0.050720736384391785,0.07210296281678451,mse
adamw,11,4900,0.049943648278713226,0.07099827943118703,mse
adamw,11,4950,0.05095906928181648,0.07244176917619528,mse
adamw,11,5000,0.044457145035266876,0.06319884339070173,mse
adamw,12,1,0.23753641545772552,1.0,mse
adamw,12,50,0.05780797824263573,0.24336469897148819,mse
adamw,12,100,0.05299502611160278,0.2231027440970807,mse
adamw,12,150,0.04820811003446579,0.20295039790665448,mse
adamw,12,200,0.05046374723315239,0.21244636169115488,mse
adamw,12,250,0.04987867549061775,0.20998327938267083,mse
adamw,12,300,0.05055145174264908,0.2128155872237019,mse
adamw,12,350,0.050389040261507034,0.21213185424394349,mse
adamw,12,400,0.05165746808052063,0.21747178419350247,mse
adamw,12,450,0.05037304759025574,0.21206452700394754,mse
adamw,12,500,0.050179094076156616,0.2112480058245512,mse
adamw,12,550,0.05057729035615921,0.2129243647071894,mse
adamw,12,600,0.048840515315532684,0.20561274877125044,mse
adamw,12,650,0.05034083500504494,0.21192891585923643,mse
adamw,12,700,0.051351673901081085,0.2161844271419519,mse
adamw,12,750,0.050868742167949677,0.21415134210022974,mse
adamw,12,800,0.05176486074924469,0.21792389453000444,mse
adamw,12,850,0.05079343542456627,0.21383430968548064,mse
adamw,12,900,0.04740903526544571,0.19958638836108528,mse
adamw,12,950,0.05016346275806427,0.21118219983828915,mse
adamw,12,1000,0.04954642057418823,0.208584525781926,mse
adamw,12,1050,0.04762604087591171,0.20049995611888713,mse
adamw,12,1100,0.048441626131534576,0.20393347284536992,mse
adamw,12,1150,0.050274234265089035,0.21164853468135442,mse
adamw,12,1200,0.04975050687789917,0.2094437047979841,mse
adamw,12,1250,0.04744342714548111,0.19973117407728433,mse
adamw,12,1300,0.047554247081279755,0.200197712799716,mse
adamw,12,1350,0.049702055752277374,0.20923973133341686,mse
adamw,12,1400,0.04827394336462021,0.20322754838073048,mse
adamw,12,1450,0.04833168536424637,0.2034706353175898,mse
adamw,12,1500,0.048275068402290344,0.20323228465524218,mse
adamw,12,1550,0.04728228971362114,0.199052804693165,mse
adamw,12,1600,0.04837372153997421,0.20364760260762338,mse
adamw,12,1650,0.04634961113333702,0.1951263390247879,mse
adamw,12,1700,0.04555734246969223,0.19179098237171174,mse
adamw,12,1750,0.04915297031402588,0.2069281470771948,mse
adamw,12,1800,0.04632175713777542,0.19500907702305262,mse
adamw,12,1850,0.04845917969942093,0.20400737127417515,mse
adamw,12,1900,0.04752108454704285,0.20005810248281783,mse
adamw,12,1950,0.045780397951602936,0.19273001936728518,mse
adamw,12,2000,0.049754709005355835,0.20946139525377616,mse
adamw,12,2050,0.05140504613518715,0.21640911788675085,mse
adamw,12,2100,0.04587434232234955,0.19312551397204117,mse
adamw,12,2150,0.04590374976396561,0.1932493157965294,mse
adamw,12,2200,0.048263005912303925,0.20318150300998086,mse
adamw,12,2250,0.0437115877866745,0.18402057512926423,mse
adamw,12,2300,0.04747242480516434,0.19985325076867225,mse
adamw,12,2350,0.04668924957513809,0.1965561763873944,mse
adamw,12,2400,0.0479855015873909,0.2020132428744632,mse
adamw,12,2450,0.04604201763868332,0.19383140707062424,mse
adamw,12,2500,0.046087171882390976,0.19402150105524824,mse
adamw,12,2550,0.04429168254137039,0.1864627049120938,mse
adamw,12,2600,0.04511381313204765,0.18992377671909672,mse
adamw,12,2650,0.047872744500637054,0.2015385489773756,mse
adamw,12,2700,0.04512243717908859,0.18996008292934374,mse
adamw,12,2750,0.04721446335315704,0.19876726379901033,mse
adamw,12,2800,0.04364148527383804,0.18372545190488884,mse
adamw,12,2850,0.045889418572187424,0.19318898318710373,mse
adamw,12,2900,0.045430753380060196,0.1912580573909752,mse
adamw,12,2950,0.044806040823459625,0.1886280919795802,mse
adamw,12,3000,0.04087228327989578,0.17206744153790535,mse
adamw,12,3050,0.046081312000751495,0.19399683165191406,mse
adamw,12,3100,0.04366309195756912,0.18381641346835878,mse
adamw,12,3150,0.04169667139649391,0.17553801725998802,mse
adamw,12,3200,0.043591953814029694,0.18351693036214808,mse
adamw,12,3250,0.04452573508024216,0.1874480382068678,mse
adamw,12,3300,0.04465431720018387,0.18798935360768304,mse
adamw,12,3350,0.04304245114326477,0.1812035896067694,mse
adamw,12,3400,0.04104095697402954,0.17277753768804185,mse
adamw,12,3450,0.04339877888560295,0.18270368693564232,mse
adamw,12,3500,0.04205036163330078,0.17702701100490634,mse
adamw,12,3550,0.04360523819923401,0.18357285604065393,mse
adamw,12,3600,0.04384878650307655,0.18459816537427012,mse
adamw,12,3650,0.04557532072067261,0.19186666866573,mse
adamw,12,3700,0.04456990584731102,0.18763399187205107,mse
adamw,12,3750,0.04325422644615173,0.18209513839300026,mse
adamw,12,3800,0.04507894068956375,0.18977696789226187,mse
adamw,12,3850,0.043830662965774536,0.18452186744215268,mse
adamw,12,3900,0.04338400065898895,0.1826414723628345,mse
adamw,12,3950,0.04235830530524254,0.17832341716371933,mse
adamw,12,4000,0.042283304035663605,0.17800767075728136,mse
adamw,12,4050,0.04153946414589882,0.17487619347060332,mse
adamw,12,4100,0.04423603415489197,0.18622843183707416,mse
adamw,12,4150,0.042073216289281845,0.17712322638281808,mse
adamw,12,4200,0.04494457691907883,0.18921131243170433,mse
adamw,12,4250,0.044005267322063446,0.18525693097315887,mse
adamw,12,4300,0.04369169473648071,0.18393682775875914,mse
adamw,12,4350,0.04321008548140526,0.18190931019204246,mse
adamw,12,4400,0.03980240970849991,0.1675634013075505,mse
adamw,12,4450,0.04213870316743851,0.1773989183352729,mse
adamw,12,4500,0.04582684487104416,0.19292555536268916,mse
adamw,12,4550,0.04064956307411194,0.1711298160148685,mse
adamw,12,4600,0.04454213008284569,0.18751705921390766,mse
adamw,12,4650,0.04551864042878151,0.19162805139190325,mse
adamw,12,4700,0.04436898231506348,0.1867881277469216,mse
adamw,12,4750,0.041913606226444244,0.17645128704025437,mse
adamw,12,4800,0.03853433206677437,0.16222494556264086,mse
adamw,12,4850,0.04384532570838928,0.18458359584108677,mse
adamw,12,4900,0.04193316400051117,0.17653362293822286,mse
adamw,12,4950,0.04131394624710083,0.17392678999339994,mse
adamw,12,5000,0.0415663868188858,0.1749895347152925,mse
adamw,13,1,0.14666089415550232,1.0,huber
adamw,13,50,0.1253822147846222,0.8549123848357377,huber
adamw,13,100,0.07252590358257294,0.49451426026132655,huber
adamw,13,150,0.026383137330412865,0.17989210745189665,huber
adamw,13,200,0.02560844086110592,0.1746098781721164,huber
adamw,13,250,0.02570933662354946,0.1752978309016052,huber
adamw,13,300,0.025518251582980156,0.17399492707254016,huber
adamw,13,350,0.026823770254850388,0.18289654109438028,huber
adamw,13,400,0.024594934657216072,0.16769933661483363,huber
adamw,13,450,0.024800816550850868,0.16910313204933103,huber
adamw,13,500,0.026102891191840172,0.17798126311819476,huber
adamw,13,550,0.02405994012951851,0.1640515030817153,huber
adamw,13,600,0.025196952745318413,0.17180416695538803,huber
adamw,13,650,0.025461619719862938,0.1736087855353341,huber
adamw,13,700,0.02514662966132164,0.17146104151430477,huber
adamw,13,750,0.024933049455285072,0.1700047555202339,huber
adamw,13,800,0.025522997602820396,0.17402728757236915,huber
adamw,13,850,0.024564700201153755,0.16749318448248499,huber
adamw,13,900,0.02413693442940712,0.16457648487956916,huber
adamw,13,950,0.024419432505965233,0.1665026839402307,huber
adamw,13,1000,0.02429279312491417,0.16563919962984058,huber
adamw,13,1050,0.02466401644051075,0.16817036731250165,huber
adamw,13,1100,0.025211501866579056,0.17190336941385126,huber
adamw,13,1150,0.025057239457964897,0.17085153886623033,huber
adamw,13,1200,0.024227656424045563,0.16519506828014663,huber
adamw,13,1250,0.024255018681287766,0.16538163646793627,huber
adamw,13,1300,0.024828091263771057,0.16928910332052258,huber
adamw,13,1350,0.025404345244169235,0.17321826237629093,huber
adamw,13,1400,0.02539922669529915,0.17318336180583171,huber
adamw,13,1450,0.02499094046652317,0.17039948249617007,huber
adamw,13,1500,0.024020977318286896,0.1637858370945006,huber
adamw,13,1550,0.02409038320183754,0.16425907765361686,huber
adamw,13,1600,0.0247885063290596,0.1690191954153554,huber
adamw,13,1650,0.02425384894013405,0.16537366064615738,huber
adamw,13,1700,0.024612249806523323,0.16781739909772628,huber
adamw,13,1750,0.02652849443256855,0.18088321761110218,huber
adamw,13,1800,0.025440338999032974,0.1734636840005828,huber
adamw,13,1850,0.024711720645427704,0.16849563605705445,huber
adamw,13,1900,0.024107158184051514,0.16437345703409567,huber
adamw,13,1950,0.024509791284799576,0.16711879077194372,huber
adamw,13,2000,0.02486257627606392,0.16952423765876204,huber
adamw,13,2050,0.02522614225745201,0.1720031941896189,huber
adamw,13,2100,0.024942578747868538,0.17006973052695493,huber
adamw,13,2150,0.02473708614706993,0.16866858946626614,huber
adamw,13,2200,0.024692215025424957,0.16836263795885614,huber
adamw,13,2250,0.02424645610153675,0.16532325294450068,huber
adamw,13,2300,0.023960962891578674,0.16337663171597214,huber
adamw,13,2350,0.02454938367009163,0.1673887494785235,huber
adamw,13,2400,0.02556992508471012,0.17434726026965797,huber
adamw,13,2450,0.02578052133321762,0.17578320029798078,huber
adamw,13,2500,0.025354009121656418,0.17287504803273562,huber
adamw,13,2550,0.025074079632759094,0.17096636275906943,huber
adamw,13,2600,0.02550419420003891,0.1738990775073088,huber
adamw,13,2650,0.025091134011745453,0.1710826471925209,huber
adamw,13,2700,0.024397391825914383,0.16635240066139376,huber
adamw,13,2750,0.023549415171146393,0.16057051408794293,huber
adamw,13,2800,0.024975202977657318,0.17029217721239645,huber
adamw,13,2850,0.024853721261024475,0.16946386017988171,huber
adamw,13,2900,0.02521222084760666,0.1719082717501676,huber
adamw,13,2950,0.02539386972784996,0.17314683559016916,huber
adamw,13,3000,0.024321630597114563,0.16583582649732592,huber
adamw,13,3050,0.024367131292819977,0.16614607072410098,huber
adamw,13,3100,0.02490173652768135,0.16979124988341077,huber
adamw,13,3150,0.02512414939701557,0.17130776095212413,huber
adamw,13,3200,0.0249783918261528,0.17031392021699113,huber
adamw,13,3250,0.025271665304899216,0.1723135908206318,huber
adamw,13,3300,0.025063199922442436,0.17089217999631384,huber
adamw,13,3350,0.024047603830695152,0.16396738864279556,huber
adamw,13,3400,0.025565434247255325,0.17431663971821065,huber
adamw,13,3450,0.02506737969815731,0.17092067958878493,huber
adamw,13,3500,0.0244315005838871,0.16658496952829668,huber
adamw,13,3550,0.0249317679554224,0.16999601767726594,huber
adamw,13,3600,0.02431114949285984,0.16576436161014468,huber
adamw,13,3650,0.024246521294116974,0.16532369745686096,huber
adamw,13,3700,0.024011962115764618,0.16372436738524926,huber
adamw,13,3750,0.024433236569166183,0.1665968062574335,huber
adamw,13,3800,0.025164328515529633,0.1715817202699465,huber
adamw,13,3850,0.02405761182308197,0.1640356276402764,huber
adamw,13,3900,0.024255922064185143,0.16538779613921456,huber
adamw,13,3950,0.025349538773298264,0.17284456718517296,huber
adamw,13,4000,0.02388005517423153,0.16282496647614783,huber
adamw,13,4050,0.02476915717124939,0.16888726414682176,huber
adamw,13,4100,0.024236364290118217,0.16525444243112802,huber
adamw,13,4150,0.024702632799744606,0.16843367103403023,huber
adamw,13,4200,0.025406301021575928,0.1732315977470996,huber
adamw,13,4250,0.024980543181300163,0.17032858912488064,huber
adamw,13,4300,0.024785345420241356,0.16899764291605798,huber
adamw,13,4350,0.023576069623231888,0.16075225614153518,huber
adamw,13,4400,0.024366986006498337,0.1661450800965552,huber
adamw,13,4450,0.02468378283083439,0.1683051434601411,huber
adamw,13,4500,0.02402372471988201,0.16380457011539845,huber
adamw,13,4550,0.024929456412792206,0.16998025653900542,huber
adamw,13,4600,0.024467872455716133,0.1668329693242782,huber
adamw,13,4650,0.024839945137500763,0.16936992836797618,huber
adamw,13,4700,0.024403464049100876,0.16639380381266633,huber
adamw,13,4750,0.024009913206100464,0.16371039699678305,huber
adamw,13,4800,0.024763144552707672,0.16884626740685002,huber
adamw,13,4850,0.024179119616746902,0.16486412247773527,huber
adamw,13,4900,0.02548004873096943,0.17373444282941108,huber
adamw,13,4950,0.025108449161052704,0.1712007096754135,huber
adamw,13,5000,0.024669494479894638,0.16820771905111903,huber
adamw,14,1,0.14353595674037933,1.0,huber
adamw,14,50,0.02635802887380123,0.1836336307109188,huber
adamw,14,100,0.025129210203886032,0.17507257954422176,huber
adamw,14,150,0.025464246049523354,0.17740673924361552,huber
adamw,14,200,0.025437239557504654,0.17721858783798866,huber
adamw,14,250,0.027194244787096977,0.1894594595296046,huber
adamw,14,300,0.02413184568285942,0.1681240452279696,huber
adamw,14,350,0.024674709886312485,0.17190612336212638,huber
adamw,14,400,0.025978337973356247,0.1809883639145874,huber
adamw,14,450,0.0240803062915802,0.1677649756787803,huber
adamw,14,500,0.025240609422326088,0.17584868624925837,huber
adamw,14,550,0.027009304612874985,0.18817100067635362,huber
adamw,14,600,0.025846358388662338,0.18006887595010038,huber
adamw,14,650,0.024000434204936028,0.16720851520394164,huber
adamw,14,700,0.02255275472998619,0.15712268369645166,huber
adamw,14,750,0.02473166212439537,0.1723029036489356,huber
adamw,14,800,0.024199454113841057,0.16859506609630798,huber
adamw,14,850,0.02353152632713318,0.16394168305643322,huber
adamw,14,900,0.025273926556110382,0.17608080323611594,huber
adamw,14,950,0.02467498555779457,0.17190804393651307,huber
adamw,14,1000,0.026435771957039833,0.18417525864167636,huber
adamw,14,1050,0.026033073663711548,0.18136970174517922,huber
adamw,14,1100,0.02463768795132637,0.17164819541273404,huber
adamw,14,1150,0.025149159133434296,0.1752115616501783,huber
adamw,14,1200,0.025855937972664833,0.1801356159100382,huber
adamw,14,1250,0.02370576001703739,0.16515555095309803,huber
adamw,14,1300,0.024658508598804474,0.1717932506863458,huber
adamw,14,1350,0.024845637381076813,0.17309695734300473,huber
adamw,14,1400,0.025295332074165344,0.17622993324187247,huber
adamw,14,1450,0.02261991612613201,0.15759059011983864,huber
adamw,14,1500,0.02537369355559349,0.17677586948814616,huber
adamw,14,1550,0.02342938259243965,0.16323005833874468,huber
adamw,14,1600,0.02304154634475708,0.16052804376002786,huber
adamw,14,1650,0.025287624448537827,0.17617623502016863,huber
adamw,14,1700,0.024254372343420982,0.16897767565858832,huber
adamw,14,1750,0.024674635380506516,0.1719056042879678,huber
adamw,14,1800,0.02521577849984169,0.17567569180906167,huber
adamw,14,1850,0.02553161047399044,0.1778760601440846,huber
adamw,14,1900,0.02551736682653427,0.17777682614182042,huber
adamw,14,1950,0.02391211688518524,0.16659321767322932,huber
adamw,14,2000,0.024834688752889633,0.1730206793954032,huber
adamw,14,2050,0.02372180111706257,0.16526730761943767,huber
adamw,14,2100,0.024556506425142288,0.17108261220955853,huber
adamw,14,2150,0.026420723646879196,0.18407041863849963,huber
adamw,14,2200,0.026261532679200172,0.18296135181444967,huber
adamw,14,2250,0.022735901176929474,0.15839864583933513,huber
adamw,14,2300,0.023405108600854874,0.1630609439778833,huber
adamw,14,2350,0.024067146703600883,0.16767329420552327,huber
adamw,14,2400,0.02326463907957077,0.16208230751302746,huber
adamw,14,2450,0.025220738723874092,0.17571024917116834,huber
adamw,14,2500,0.024388089776039124,0.16990927102782394,huber
adamw,14,2550,0.02404738962650299,0.16753564871552504,huber
adamw,14,2600,0.024118976667523384,0.16803438814393096,huber
adamw,14,2650,0.024146590381860733,0.16822677000395014,huber
adamw,14,2700,0.02286362275481224,0.15928846871566,huber
adamw,14,2750,0.024111956357955933,0.1679854783813399,huber
adamw,14,2800,0.02474808692932129,0.17241733354719188,huber
adamw,14,2850,0.024265654385089874,0.16905627646304944,huber
adamw,14,2900,0.023450251668691635,0.16337545101055953,huber
adamw,14,2950,0.02460719272494316,0.17143573835963222,huber
adamw,14,3000,0.024373523890972137,0.16980779202982393,huber
adamw,14,3050,0.02583763375878334,0.18000809236613208,huber
adamw,14,3100,0.023901650682091713,0.1665203007308045,huber
adamw,14,3150,0.021493885666131973,0.14974565366230178,huber
adamw,14,3200,0.02236667275428772,0.15582627003172062,huber
adamw,14,3250,0.023744527250528336,0.1654256382146548,huber
adamw,14,3300,0.021610448136925697,0.15055773220652716,huber
adamw,14,3350,0.021515246480703354,0.14989447222356317,huber
adamw,14,3400,0.02275150828063488,0.15850737889870112,huber
adamw,14,3450,0.02305232360959053,0.1606031278370647,huber
adamw,14,3500,0.022187018766999245,0.15457463949002,huber
adamw,14,3550,0.02294660359621048,0.1598665875597649,huber
adamw,14,3600,0.021951494738459587,0.1529337682136634,huber
adamw,14,3650,0.022493820637464523,0.15671209603702452,huber
adamw,14,3700,0.021865807473659515,0.1523367940007485,huber
adamw,14,3750,0.021797139197587967,0.15185838930250448,huber
adamw,14,3800,0.021401233971118927,0.14910015899241477,huber
adamw,14,3850,0.020501036196947098,0.14282857524005882,huber
adamw,14,3900,0.02175455167889595,0.15156168651346713,huber
adamw,14,3950,0.021165285259485245,0.14745632899335429,huber
adamw,14,4000,0.019126487895846367,0.13325224097291108,huber
adamw,14,4050,0.020308874547481537,0.14148980512398865,huber
adamw,14,4100,0.02086433582007885,0.14535964572150528,huber
adamw,14,4150,0.020924244076013565,0.1457770202755557,huber
adamw,14,4200,0.023791633546352386,0.1657538228514093,huber
adamw,14,4250,0.021526765078306198,0.14997472108847776,huber
adamw,14,4300,0.020444631576538086,0.14243561014831507,huber
adamw,14,4350,0.020314393565058708,0.14152825554228457,huber
adamw,14,4400,0.024641182273626328,0.17167253999077087,huber
adamw,14,4450,0.02090916410088539,0.14567195966586158,huber
adamw,14,4500,0.02102503553032875,0.14647922379726624,huber
adamw,14,4550,0.021417230367660522,0.14921160421425927,huber
adamw,14,4600,0.019949499517679214,0.13898607687384473,huber
adamw,14,4650,0.019581647589802742,0.13642329096130976,huber
adamw,14,4700,0.0228736512362957,0.15935833609740324,huber
adamw,14,4750,0.021872960031032562,0.152386625119971,huber
adamw,14,4800,0.022594254463911057,0.15741180800277393,huber
adamw,14,4850,0.020642489194869995,0.14381406348380774,huber
adamw,14,4900,0.020336678251624107,0.14168351062311219,huber
adamw,14,4950,0.02018255554139614,0.1406097538186988,huber
adamw,14,5000,0.020157858729362488,0.14043769371198755,huber
adamw,15,1,1.3103647232055664,1.0,mse
adamw,15,50,0.10753771662712097,0.08206701136157704,mse
adamw,15,100,0.06969718635082245,0.053189150407163814,mse
adamw,15,150,0.058607302606105804,0.0447259465767163,mse
adamw,15,200,0.05822182446718216,0.04443177035837257,mse
adamw,15,250,0.05621995031833649,0.04290404749358996,mse
adamw,15,300,0.054752469062805176,0.04178414459209748,mse
adamw,15,350,0.053494177758693695,0.040823884229598324,mse
adamw,15,400,0.053237803280353546,0.04062823299311435,mse
adamw,15,450,0.05188282951712608,0.03959418976894027,mse
adamw,15,500,0.05352248251438141,0.040845484899386254,mse
adamw,15,550,0.05187105014920235,0.03958520038780452,mse
adamw,15,600,0.053488392382860184,0.04081946914139345,mse
adamw,15,650,0.05299007147550583,0.040439177380993105,mse
adamw,15,700,0.05197703838348389,0.03966608491743552,mse
adamw,15,750,0.05189937353134155,0.039606815272300123,mse
adamw,15,800,0.051020994782447815,0.03893648377349043,mse
adamw,15,850,0.05350382626056671,0.04083124744817568,mse
adamw,15,900,0.049921244382858276,0.0380972133168658,mse
adamw,15,950,0.0528852753341198,0.04035920259265351,mse
adamw,15,1000,0.0500485822558403,0.03819439074443766,mse
adamw,15,1050,0.0508255809545517,0.03878735443229596,mse
adamw,15,1100,0.04945196956396103,0.037739087971618984,mse
adamw,15,1150,0.052153851836919785,0.03980101945154245,mse
adamw,15,1200,0.04808056354522705,0.03669250453233111,mse
adamw,15,1250,0.0523914135992527,0.039982313833271346,mse
adamw,15,1300,0.05131467431783676,0.039160604226512484,mse
adamw,15,1350,0.05263450741767883,0.040167829983180706,mse
adamw,15,1400,0.04988718405365944,0.038071220302405284,mse
adamw,15,1450,0.05017852410674095,0.03829355538814294,mse
adamw,15,1500,0.04681176319718361,0.03572422423175987,mse
adamw,15,1550,0.04939744621515274,0.03769747867930309,mse
adamw,15,1600,0.05047435685992241,0.038519319061372605,mse
adamw,15,1650,0.05010958015918732,0.03824094106914252,mse
adamw,15,1700,0.05159228667616844,0.03937246307269124,mse
adamw,15,1750,0.048796385526657104,0.037238781434290845,mse
adamw,15,1800,0.05129995197057724,0.03914936892156356,mse
adamw,15,1850,0.05154826119542122,0.03933886518962284,mse
adamw,15,1900,0.049514349550008774,0.03778669302763357,mse
adamw,15,1950,0.04927878826856613,0.03760692530550932,mse
adamw,15,2000,0.0471530482172966,0.03598467463466609,mse
adamw,15,2050,0.04966256767511368,0.037899805142512795,mse
adamw,15,2100,0.049436312168836594,0.037727139088344616,mse
adamw,15,2150,0.05261658877134323,0.04015415543439419,mse
adamw,15,2200,0.04970094561576843,0.03792909312621314,mse
adamw,15,2250,0.052800461649894714,0.04029447734271119,mse
adamw,15,2300,0.049981050193309784,0.03814285390027925,mse
adamw,15,2350,0.048465825617313385,0.03698651586006578,mse
adamw,15,2400,0.050531402230262756,0.03856285302510813,mse
adamw,15,2450,0.05126595497131348,0.03912342423710915,mse
adamw,15,2500,0.05154930800199509,0.03933966405619436,mse
adamw,15,2550,0.04873746633529663,0.03719381747096288,mse
adamw,15,2600,0.05045940726995468,0.038507910336990005,mse
adamw,15,2650,0.05000825226306915,0.03816361305937263,mse
adamw,15,2700,0.050986677408218384,0.03891029459606395,mse
adamw,15,2750,0.05128525570034981,0.03913815351720539,mse
adamw,15,2800,0.04893305152654648,0.037343077587467986,mse
adamw,15,2850,0.05353902280330658,0.040858107559804575,mse
adamw,15,2900,0.04963845759630203,0.03788140562489402,mse
adamw,15,2950,0.05172611027956009,0.039474590061476675,mse
adamw,15,3000,0.05014128237962723,0.03826513450161097,mse
adamw,15,3050,0.04988950490951538,0.038072991454982,mse
adamw,15,3100,0.0477292537689209,0.03642440377375244,mse
adamw,15,3150,0.05074164271354675,0.03872329727361452,mse
adamw,15,3200,0.04960574954748154,0.03785644459821094,mse
adamw,15,3250,0.050279319286346436,0.03837047685727324,mse
adamw,15,3300,0.05249810963869095,0.04006373852179412,mse
adamw,15,3350,0.050811704248189926,0.03877676447507564,mse
adamw,15,3400,0.0513879768550396,0.03921654478710962,mse
adamw,15,3450,0.04874289035797119,0.0371979567938388,mse
adamw,15,3500,0.049684248864650726,0.037916351062250324,mse
adamw,15,3550,0.05008561909198761,0.03822265526918517,mse
adamw,15,3600,0.05117464438080788,0.03905374089712864,mse
adamw,15,3650,0.05194631218910217,0.03964263633564941,mse
adamw,15,3700,0.051835399121046066,0.03955799343730827,mse
adamw,15,3750,0.05176083743572235,0.03950109196247208,mse
adamw,15,3800,0.04869559407234192,0.03716186280810208,mse
adamw,15,3850,0.04950910806655884,0.037782693008892906,mse
adamw,15,3900,0.05045997351408005,0.03850834246410343,mse
adamw,15,3950,0.05311102792620659,0.040531484849714375,mse
adamw,15,4000,0.04868057742714882,0.037150402910771846,mse
adamw,15,4050,0.05113161727786064,0.03902090492239179,mse
adamw,15,4100,0.050509802997112274,0.038546369650084386,mse
adamw,15,4150,0.04833265021443367,0.036884883543107545,mse
adamw,15,4200,0.04958261176943779,0.03783878708833297,mse
adamw,15,4250,0.05089621990919113,0.0388412622896951,mse
adamw,15,4300,0.05040755867958069,0.038468342276696724,mse
adamw,15,4350,0.049707360565662384,0.03793398867153754,mse
adamw,15,4400,0.05215492844581604,0.039801841061646255,mse
adamw,15,4450,0.051543112844228745,0.039334936244420554,mse
adamw,15,4500,0.05113639682531357,0.03902455241638204,mse
adamw,15,4550,0.04838881641626358,0.03692774657264066,mse
adamw,15,4600,0.049015842378139496,0.037406259120156445,mse
adamw,15,4650,0.0478932149708271,0.03654953015956135,mse
adamw,15,4700,0.04886167496442795,0.03728860682764478,mse
adamw,15,4750,0.048942603170871735,0.03735036688956541,mse
adamw,15,4800,0.04664740338921547,0.03559879365120665,mse
adamw,15,4850,0.05291996896266937,0.04038567890717509,mse
adamw,15,4900,0.049420587718486786,0.0377151390321226,mse
adamw,15,4950,0.04969828575849533,0.03792706326595668,mse
adamw,15,5000,0.04699298366904259,0.035862521965703484,mse
adamw,16,1,1.0587952136993408,1.0,mse
adamw,16,50,0.08894051611423492,0.08400162275335973,mse
adamw,16,100,0.06083999574184418,0.05746153265018491,mse
adamw,16,150,0.05638788640499115,0.05325665027137462,mse
adamw,16,200,0.05188480764627457,0.04900362881788391,mse
adamw,16,250,0.05349990352988243,0.050529037945834965,mse
adamw,16,300,0.051695600152015686,0.0488249280721582,mse
adamw,16,350,0.051010966300964355,0.048178312142851835,mse
adamw,16,400,0.05213109403848648,0.04923623885335187,mse
adamw,16,450,0.04972551390528679,0.04696424130172449,mse
adamw,16,500,0.048581939190626144,0.04588416963171279,mse
adamw,16,550,0.05140271782875061,0.04854830959157236,mse
adamw,16,600,0.0494355633854866,0.04669039182068356,mse
adamw,16,650,0.04984720051288605,0.04707917061574556,mse
adamw,16,700,0.05114348977804184,0.04830347655176001,mse
adamw,16,750,0.04906688630580902,0.046342187489092884,mse
adamw,16,800,0.04915644973516464,0.046426777434529734,mse
adamw,16,850,0.04934090003371239,0.04660098515303961,mse
adamw,16,900,0.049972034990787506,0.047197072997893,mse
adamw,16,950,0.04873662441968918,0.04603026514391535,mse
adamw,16,1000,0.049826767295598984,0.047059872061102806,mse
adamw,16,1050,0.04949650913476944,0.04674795323434909,mse
adamw,16,1100,0.04962855949997902,0.04687267080343236,mse
adamw,16,1150,0.04781821370124817,0.0451628540463225,mse
adamw,16,1200,0.04989682510495186,0.04712603953942763,mse
adamw,16,1250,0.049615632742643356,0.046860461872783254,mse
adamw,16,1300,0.049884527921676636,0.04711442522240379,mse
adamw,16,1350,0.04830530658364296,0.04562289851582187,mse
adamw,16,1400,0.04953724890947342,0.04678643071722478,mse
adamw,16,1450,0.04975451901555061,0.046991635749572894,mse
adamw,16,1500,0.04737572371959686,0.04474493566519827,mse
adamw,16,1550,0.04892178624868393,0.04620514488137451,mse
adamw,16,1600,0.049897924065589905,0.04712707747445399,mse
adamw,16,1650,0.04877210780978203,0.046063778130783585,mse
adamw,16,1700,0.04975733160972595,0.046994292159555626,mse
adamw,16,1750,0.0494084507226944,0.0466647847321348,mse
adamw,16,1800,0.04846309870481491,0.04577192839348881,mse
adamw,16,1850,0.047753289341926575,0.04510153495601914,mse
adamw,16,1900,0.04999066889286041,0.04721467215383157,mse
adamw,16,1950,0.048284098505973816,0.045602868129024934,mse
adamw,16,2000,0.04723265767097473,0.04460981411688463,mse
adamw,16,2050,0.04805506765842438,0.045386555432682815,mse
adamw,16,2100,0.049531880766153336,0.046781360668502775,mse
adamw,16,2150,0.04858933389186859,0.04589115370299189,mse
adamw,16,2200,0.04899667575955391,0.04627587575539152,mse
adamw,16,2250,0.048177797347307205,0.045502469905372975,mse
adamw,16,2300,0.04799612611532211,0.04533088693103146,mse
adamw,16,2350,0.04962007328867912,0.04686465583397453,mse
adamw,16,2400,0.04872952401638031,0.046023559028117896,mse
adamw,16,2450,0.04883384332060814,0.046122085450298576,mse
adamw,16,2500,0.04836452379822731,0.04567882738083577,mse
adamw,16,2550,0.04859005659818649,0.04589183627721261,mse
adamw,16,2600,0.045924969017505646,0.043374741803986525,mse
adamw,16,2650,0.04852885752916336,0.04583403561072744,mse
adamw,16,2700,0.04954029619693756,0.04678930878790806,mse
adamw,16,2750,0.0490335077047348,0.046310662411681934,mse
adamw,16,2800,0.04751543700695038,0.04487689063207555,mse
adamw,16,2850,0.04655196890234947,0.04396692419840172,mse
adamw,16,2900,0.04819401353597641,0.04551778560425354,mse
adamw,16,2950,0.04737414792180061,0.04474344737192318,mse
adamw,16,3000,0.04716669023036957,0.04454750986791218,mse
adamw,16,3050,0.046734053641557693,0.044138897717787055,mse
adamw,16,3100,0.04849657416343689,0.045803544949919034,mse
adamw,16,3150,0.046874821186065674,0.04427184839860488,mse
adamw,16,3200,0.04651106148958206,0.04392828838645421,mse
adamw,16,3250,0.04691747575998306,0.04431213435132312,mse
adamw,16,3300,0.04589216038584709,0.043343755045419756,mse
adamw,16,3350,0.04692370817065239,0.04431802067437095,mse
adamw,16,3400,0.046137671917676926,0.043575633248733536,mse
adamw,16,3450,0.04529751464724541,0.04278213016186551,mse
adamw,16,3500,0.04533609747886658,0.04281857047735047,mse
adamw,16,3550,0.044861990958452225,0.042370791233281295,mse
adamw,16,3600,0.045399583876132965,0.04287853145606001,mse
adamw,16,3650,0.043557170778512955,0.0411384281067232,mse
adamw,16,3700,0.0443953275680542,0.04193004180000086,mse
adamw,16,3750,0.04364078491926193,0.041217399129322395,mse
adamw,16,3800,0.04415596276521683,0.041703968995987085,mse
adamw,16,3850,0.04211229085922241,0.03977378279987273,mse
adamw,16,3900,0.04271823167800903,0.040346075544443714,mse
adamw,16,3950,0.04354635626077652,0.041128214122379,mse
adamw,16,4000,0.0434659942984581,0.04105231468377307,mse
adamw,16,4050,0.041672781109809875,0.039358679157803056,mse
adamw,16,4100,0.04242508485913277,0.04006920725576678,mse
adamw,16,4150,0.04213755205273628,0.03979764123178385,mse
adamw,16,4200,0.042785465717315674,0.04040957605751435,mse
adamw,16,4250,0.04137294366955757,0.03907549177994865,mse
adamw,16,4300,0.039676420390605927,0.03747317694417967,mse
adamw,16,4350,0.03960806876420975,0.03740862090396358,mse
adamw,16,4400,0.03920954093337059,0.037032223442317776,mse
adamw,16,4450,0.0391126312315464,0.03694069516511147,mse
adamw,16,4500,0.03871604800224304,0.03656613432069876,mse
adamw,16,4550,0.03822450712323189,0.036101888853160465,mse
adamw,16,4600,0.03747569024562836,0.035394653999890564,mse
adamw,16,4650,0.03912855684757233,0.03695573642693421,mse
adamw,16,4700,0.03754608333110809,0.03546113813635902,mse
adamw,16,4750,0.03787854313850403,0.03577513635158928,mse
adamw,16,4800,0.03555258363485336,0.03357833807222801,mse
adamw,16,4850,0.037458740174770355,0.035378645171517814,mse
adamw,16,4900,0.03643600642681122,0.034412704133320454,mse
adamw,16,4950,0.03351454809308052,0.031653475251350566,mse
adamw,16,5000,0.034812234342098236,0.03287910059629684,mse
adamw,17,1,0.14996233582496643,1.0,huber
adamw,17,50,0.03201286494731903,0.2134727014700806,huber
adamw,17,100,0.025500435382127762,0.17004560006248134,huber
adamw,17,150,0.0261172354221344,0.17415863308916452,huber
adamw,17,200,0.023585649207234383,0.1572771528096439,huber
adamw,17,250,0.024719521403312683,0.1648381993206941,huber
adamw,17,300,0.02439282275736332,0.16265966132879006,huber
adamw,17,350,0.02535119280219078,0.1690503996402155,huber
adamw,17,400,0.02544238604605198,0.169658507291777,huber
adamw,17,450,0.025113970041275024,0.1674685173655046,huber
adamw,17,500,0.024172745645046234,0.16119211208646592,huber
adamw,17,550,0.025029432028532028,0.1669047890648087,huber
adamw,17,600,0.0259675495326519,0.17316047652765823,huber
adamw,17,650,0.02457549050450325,0.16387775216563283,huber
adamw,17,700,0.023324964568018913,0.15553881872874684,huber
adamw,17,750,0.025826431810855865,0.17221945543046258,huber
adamw,17,800,0.024675382301211357,0.16454386473422272,huber
adamw,17,850,0.024510059505701065,0.16344143595034957,huber
adamw,17,900,0.025552023202180862,0.17038960524064364,huber
adamw,17,950,0.02649601921439171,0.1766844926003115,huber
adamw,17,1000,0.024284757673740387,0.1619390464955491,huber
adamw,17,1050,0.024599231779575348,0.16403606708478566,huber
adamw,17,1100,0.025838516652584076,0.17230004127664675,huber
adamw,17,1150,0.02584945410490036,0.17237297593891454,huber
adamw,17,1200,0.025819286704063416,0.17217180942152877,huber
adamw,17,1250,0.02364744432270527,0.1576892237148545,huber
adamw,17,1300,0.024354614317417145,0.16240487442022408,huber
adamw,17,1350,0.024666327983140945,0.16448348745335015,huber
adamw,17,1400,0.0248090997338295,0.16543553817930837,huber
adamw,17,1450,0.025266889482736588,0.1684882363544116,huber
adamw,17,1500,0.023021861910820007,0.15351762683725295,huber
adamw,17,1550,0.02343200147151947,0.15625257730627054,huber
adamw,17,1600,0.025645578280091286,0.1710134624071499,huber
adamw,17,1650,0.025079507380723953,0.16723870859144485,huber
adamw,17,1700,0.02613591030240059,0.1742831635598554,huber
adamw,17,1750,0.022552087903022766,0.15038501353663358,huber
adamw,17,1800,0.02493339404463768,0.1662643750344055,huber
adamw,17,1850,0.025378122925758362,0.16922997888869434,huber
adamw,17,1900,0.0230738315731287,0.153864178269803,huber
adamw,17,1950,0.0252542607486248,0.168404023648319,huber
adamw,17,2000,0.024673055857419968,0.16452835121358708,huber
adamw,17,2050,0.02399032562971115,0.15997567320978692,huber
adamw,17,2100,0.023943111300468445,0.15966083195992925,huber
adamw,17,2150,0.022647416219115257,0.1510206952601015,huber
adamw,17,2200,0.022760378196835518,0.15177396425327128,huber
adamw,17,2250,0.02368059754371643,0.1579103006994772,huber
adamw,17,2300,0.025464719161391258,0.1698074321215779,huber
adamw,17,2350,0.022074468433856964,0.14720008402391063,huber
adamw,17,2400,0.02342299558222294,0.15619252296497885,huber
adamw,17,2450,0.0230182483792305,0.15349353057621762,huber
adamw,17,2500,0.025122705847024918,0.1675267706975952,huber
adamw,17,2550,0.023123688995838165,0.15419664456832516,huber
adamw,17,2600,0.022919494658708572,0.15283500708777856,huber
adamw,17,2650,0.023508567363023758,0.15676314478365136,huber
adamw,17,2700,0.022974243387579918,0.15320009028397022,huber
adamw,17,2750,0.02151012048125267,0.14343681940483327,huber
adamw,17,2800,0.023090509697794914,0.1539753936931589,huber
adamw,17,2850,0.022577043622732162,0.15055142678681477,huber
adamw,17,2900,0.02054901048541069,0.13702781016558155,huber
adamw,17,2950,0.022693108767271042,0.15132538875466747,huber
adamw,17,3000,0.022959550842642784,0.15310211538343063,huber
adamw,17,3050,0.022285096347332,0.14860462278570266,huber
adamw,17,3100,0.021496299654245377,0.14334465741674965,huber
adamw,17,3150,0.022659145295619965,0.15109890874244147,huber
adamw,17,3200,0.021918468177318573,0.14615982110935807,huber
adamw,17,3250,0.022636419162154198,0.15094736313373414,huber
adamw,17,3300,0.021574463695287704,0.1438658819002997,huber
adamw,17,3350,0.019709013402462006,0.13142642313511335,huber
adamw,17,3400,0.021240893751382828,0.14164152375016917,huber
adamw,17,3450,0.021230876445770264,0.1415747249399382,huber
adamw,17,3500,0.022158551961183548,0.14776078166084747,huber
adamw,17,3550,0.020600121468305588,0.13736863563094742,huber
adamw,17,3600,0.019636668264865875,0.13094400108428206,huber
adamw,17,3650,0.020461710169911385,0.13644566188802204,huber
adamw,17,3700,0.020000822842121124,0.13337230800049524,huber
adamw,17,3750,0.020608093589544296,0.1374217964542625,huber
adamw,17,3800,0.018674984574317932,0.12453116625307215,huber
adamw,17,3850,0.01965947076678276,0.13109605594386695,huber
adamw,17,3900,0.018476149067282677,0.12320526327922589,huber
adamw,17,3950,0.019596204161643982,0.13067417264369868,huber
adamw,17,4000,0.019328441470861435,0.1288886397009798,huber
adamw,17,4050,0.018460476770997047,0.12310075506254992,huber
adamw,17,4100,0.018660474568605423,0.12443440858633745,huber
adamw,17,4150,0.018528379499912262,0.12355355361721147,huber
adamw,17,4200,0.020678918808698654,0.13789408317055524,huber
adamw,17,4250,0.018779048696160316,0.12522510130863068,huber
adamw,17,4300,0.017869118601083755,0.11915737710260993,huber
adamw,17,4350,0.018550092354416847,0.12369834233622641,huber
adamw,17,4400,0.017122779041528702,0.11418053038006909,huber
adamw,17,4450,0.018760522827506065,0.12510156449818866,huber
adamw,17,4500,0.018204864114522934,0.12139624269237412,huber
adamw,17,4550,0.016367124393582344,0.10914156747122013,huber
adamw,17,4600,0.0182766355574131,0.12187483915124721,huber
adamw,17,4650,0.01980719342827797,0.13208112103159422,huber
adamw,17,4700,0.018493056297302246,0.12331800645521444,huber
adamw,17,4750,0.017360929399728775,0.11576859818982925,huber
adamw,17,4800,0.016582271084189415,0.11057623898005943,huber
adamw,17,4850,0.017517808824777603,0.11681472369985021,huber
adamw,17,4900,0.016988445073366165,0.11328474566570368,huber
adamw,17,4950,0.01598687656223774,0.1066059452481279,huber
adamw,17,5000,0.01675182208418846,0.11170686287349453,huber
adamw,18,1,0.0779409408569336,1.0,huber
adamw,18,50,0.05049675703048706,0.6478848789261811,huber
adamw,18,100,0.03603430837392807,0.46232837296731805,huber
adamw,18,150,0.02891542762517929,0.37099151366745386,huber
adamw,18,200,0.0285489484667778,0.3662895027041247,huber
adamw,18,250,0.027325769886374474,0.350595843287714,huber
adamw,18,300,0.027076825499534607,0.34740183017852116,huber
adamw,18,350,0.02628852054476738,0.3372876982973803,huber
adamw,18,400,0.026698727160692215,0.3425507424871829,huber
adamw,18,450,0.026073642075061798,0.3345307586538109,huber
adamw,18,500,0.025751246139407158,0.3303943454656968,huber
adamw,18,550,0.025930706411600113,0.3326968615787928,huber
adamw,18,600,0.024996615946292877,0.3207122684363797,huber
adamw,18,650,0.025740625336766243,0.3302580781519571,huber
adamw,18,700,0.026535548269748688,0.3404571201989551,huber
adamw,18,750,0.025604363530874252,0.32850980818762465,huber
adamw,18,800,0.026719480752944946,0.3428170157964932,huber
adamw,18,850,0.026378527283668518,0.33844250523082947,huber
adamw,18,900,0.024675622582435608,0.3165938505634613,huber
adamw,18,950,0.025531109422445297,0.3275699413137641,huber
adamw,18,1000,0.025290850549936295,0.3244873653290834,huber
adamw,18,1050,0.024801434949040413,0.31820805184486156,huber
adamw,18,1100,0.02498030662536621,0.32050301613909726,huber
adamw,18,1150,0.025921722874045372,0.33258160074852866,huber
adamw,18,1200,0.025552738457918167,0.32784744675872113,huber
adamw,18,1250,0.0243110079318285,0.31191576165924356,huber
adamw,18,1300,0.02419326826930046,0.3104051350074027,huber
adamw,18,1350,0.02555352821946144,0.3278575795789641,huber
adamw,18,1400,0.025207947939634323,0.3234237059814994,huber
adamw,18,1450,0.024650586768984795,0.31627263538212586,huber
adamw,18,1500,0.024714399129152298,0.3170913624781284,huber
adamw,18,1550,0.024458523839712143,0.31380842431203887,huber
adamw,18,1600,0.024908388033509254,0.3195802842466382,huber
adamw,18,1650,0.02392592653632164,0.306975079762502,huber
adamw,18,1700,0.024320390075445175,0.31203613669595115,huber
adamw,18,1750,0.025449838489294052,0.3265272167551727,huber
adamw,18,1800,0.024325376376509666,0.31210011207281557,huber
adamw,18,1850,0.024811049923300743,0.3183314141516879,huber
adamw,18,1900,0.024466149508953094,0.3139062633829701,huber
adamw,18,1950,0.02480371668934822,0.3182373270920259,huber
adamw,18,2000,0.025488942861557007,0.3270289347461671,huber
adamw,18,2050,0.02615482360124588,0.33557233610067666,huber
adamw,18,2100,0.024383965879678726,0.312851828725513,huber
adamw,18,2150,0.024499155580997467,0.31432973879501264,huber
adamw,18,2200,0.025545179843902588,0.32775046802158403,huber
adamw,18,2250,0.023666512221097946,0.3036467350906065,huber
adamw,18,2300,0.02455216832458973,0.3150099043538243,huber
adamw,18,2350,0.024656228721141815,0.31634502291164485,huber
adamw,18,2400,0.025093398988246918,0.32195401687936664,huber
adamw,18,2450,0.025162596255540848,0.32284183355867707,huber
adamw,18,2500,0.025286942720413208,0.3244372269874093,huber
adamw,18,2550,0.02353755012154579,0.301992122019039,huber
adamw,18,2600,0.024330798536539078,0.31216967961934244,huber
adamw,18,2650,0.02527131885290146,0.32423676921335665,huber
adamw,18,2700,0.02395571395754814,0.30735725915242207,huber
adamw,18,2750,0.02594955638051033,0.3329387109676117,huber
adamw,18,2800,0.023961514234542847,0.3074316780256219,huber
adamw,18,2850,0.025199901312589645,0.3233204659261933,huber
adamw,18,2900,0.024714898318052292,0.3170977671852631,huber
adamw,18,2950,0.024476632475852966,0.3140407622327994,huber
adamw,18,3000,0.023256748914718628,0.2983893786631101,huber
adamw,18,3050,0.02473575435578823,0.31736535489342566,huber
adamw,18,3100,0.02493695542216301,0.31994681034113576,huber
adamw,18,3150,0.024343207478523254,0.31232888916759455,huber
adamw,18,3200,0.024818725883960724,0.3184298984729649,huber
adamw,18,3250,0.02432907372713089,0.3121475499223023,huber
adamw,18,3300,0.02401457168161869,0.30811241714029636,huber
adamw,18,3350,0.023394379764795303,0.30015521377574117,huber
adamw,18,3400,0.024160705506801605,0.30998734735766637,huber
adamw,18,3450,0.024090860038995743,0.3090912141183452,huber
adamw,18,3500,0.024769775569438934,0.31780185480318623,huber
adamw,18,3550,0.02359686978161335,0.302753206750829,huber
adamw,18,3600,0.024479884654283524,0.31408248842181896,huber
adamw,18,3650,0.0249716155230999,0.3203915073201023,huber
adamw,18,3700,0.02504756674170494,0.32136597873101913,huber
adamw,18,3750,0.024260183796286583,0.3112636764395487,huber
adamw,18,3800,0.024391334503889084,0.3129463698502331,huber
adamw,18,3850,0.024205103516578674,0.31055698392208203,huber
adamw,18,3900,0.024380428716540337,0.312806446117868,huber
adamw,18,3950,0.02319743111729622,0.29762831782948107,huber
adamw,18,4000,0.02352837845683098,0.3018744474745188,huber
adamw,18,4050,0.024197550490498543,0.31046007687942784,huber
adamw,18,4100,0.023983905091881752,0.30771895781840763,huber
adamw,18,4150,0.023981988430023193,0.3076943666107896,huber
adamw,18,4200,0.024709656834602356,0.31703051776034846,huber
adamw,18,4250,0.024163836613297462,0.31002752016622415,huber
adamw,18,4300,0.0236428901553154,0.30334365861343254,huber
adamw,18,4350,0.02322373352944851,0.29796578376026284,huber
adamw,18,4400,0.022948667407035828,0.2944366228419005,huber
adamw,18,4450,0.023403974249958992,0.30027831320279713,huber
adamw,18,4500,0.024404756724834442,0.31311857999804227,huber
adamw,18,4550,0.02363697811961174,0.3032678058505757,huber
adamw,18,4600,0.024035083130002022,0.30837558368868306,huber
adamw,18,4650,0.024266984313726425,0.31135092862517894,huber
adamw,18,4700,0.02394397184252739,0.30720660514579023,huber
adamw,18,4750,0.022066060453653336,0.2831125748681586,huber
adamw,18,4800,0.021461408585309982,0.2753547538604133,huber
adamw,18,4850,0.02391546219587326,0.3068408198942822,huber
adamw,18,4900,0.02259061112999916,0.28984267936238944,huber
adamw,18,4950,0.02247490920126438,0.2883581972986284,huber
adamw,18,5000,0.022943813353776932,0.2943743442344635,huber
adamw,19,1,0.13104888796806335,1.0,huber
adamw,19,50,0.03400544077157974,0.2594866793518071,huber
adamw,19,100,0.026108011603355408,0.1992234501808053,huber
adamw,19,150,0.025718126446008682,0.19624833788956833,huber
adamw,19,200,0.026168910786509514,0.1996881560176755,huber
adamw,19,250,0.025895699858665466,0.1976033544441541,huber
adamw,19,300,0.025306496769189835,0.19310729882238326,huber
adamw,19,350,0.024288225919008255,0.18533713864803875,huber
adamw,19,400,0.025036044418811798,0.19104354723645642,huber
adamw,19,450,0.02598286047577858,0.19826845445732136,huber
adamw,19,500,0.024599894881248474,0.18771540348547996,huber
adamw,19,550,0.02602357417345047,0.19857913010137423,huber
adamw,19,600,0.025312509387731552,0.19315317955159006,huber
adamw,19,650,0.02504204586148262,0.19108934268549743,huber
adamw,19,700,0.026195373386144638,0.1998900852369572,huber
adamw,19,750,0.024527406319975853,0.18716226211666281,huber
adamw,19,800,0.024296939373016357,0.1854036287506501,huber
adamw,19,850,0.02513466775417328,0.19179611627302479,huber
adamw,19,900,0.02419186756014824,0.18460185305840826,huber
adamw,19,950,0.02414841204881668,0.18427025534700955,huber
adamw,19,1000,0.02492612786591053,0.1902048025923351,huber
adamw,19,1050,0.02557557448744774,0.1951605609479152,huber
adamw,19,1100,0.023029668256640434,0.1757334122686548,huber
adamw,19,1150,0.025705989450216293,0.19615572362949657,huber
adamw,19,1200,0.023611687123775482,0.18017464695716956,huber
adamw,19,1250,0.025616876780986786,0.19547572801403415,huber
adamw,19,1300,0.024259191006422043,0.18511558077725934,huber
adamw,19,1350,0.024882514029741287,0.18987199674525404,huber
adamw,19,1400,0.02479010447859764,0.18916684348087712,huber
adamw,19,1450,0.024732328951358795,0.18872597345035136,huber
adamw,19,1500,0.024193529039621353,0.1846145313763923,huber
adamw,19,1550,0.024437863379716873,0.18647898321481665,huber
adamw,19,1600,0.024793218821287155,0.1891906082204167,huber
adamw,19,1650,0.024044159799814224,0.1834747335335939,huber
adamw,19,1700,0.025774754583835602,0.1966804524897374,huber
adamw,19,1750,0.024188708513975143,0.18457774719820544,huber
adamw,19,1800,0.023548182100057602,0.17969005662830423,huber
adamw,19,1850,0.024454550817608833,0.18660632071573482,huber
adamw,19,1900,0.02370818518102169,0.1809109985488727,huber
adamw,19,1950,0.02370470203459263,0.1808844195638613,huber
adamw,19,2000,0.024212492629885674,0.1847592376044142,huber
adamw,19,2050,0.023594718426465988,0.18004516323874512,huber
adamw,19,2100,0.02495686709880829,0.19043936568840084,huber
adamw,19,2150,0.024704420939087868,0.188513014662958,huber
adamw,19,2200,0.024451501667499542,0.18658305344382914,huber
adamw,19,2250,0.024746190756559372,0.1888317492826801,huber
adamw,19,2300,0.024160832166671753,0.18436503003794855,huber
adamw,19,2350,0.024170292541384697,0.18443721969830834,huber
adamw,19,2400,0.024470938369631767,0.18673136986553707,huber
adamw,19,2450,0.023888910189270973,0.18229006411021745,huber
adamw,19,2500,0.023081500083208084,0.1761289274643296,huber
adamw,19,2550,0.02411280944943428,0.18399858116545467,huber
adamw,19,2600,0.024094263091683388,0.18385705873028976,huber
adamw,19,2650,0.024987107142806053,0.19067011960372696,huber
adamw,19,2700,0.02507813647389412,0.1913647407676261,huber
adamw,19,2750,0.02470809780061245,0.18854107183751012,huber
adamw,19,2800,0.023694530129432678,0.18080680039961147,huber
adamw,19,2850,0.024143431335687637,0.18423224881977937,huber
adamw,19,2900,0.024556290358304977,0.18738266870520376,huber
adamw,19,2950,0.024056382477283478,0.18356800160827022,huber
adamw,19,3000,0.02418632060289383,0.1845595256694436,huber
adamw,19,3050,0.023167867213487625,0.17678797258572418,huber
adamw,19,3100,0.022861121222376823,0.17444727366132312,huber
adamw,19,3150,0.024989977478981018,0.19069202239297964,huber
adamw,19,3200,0.023955434560775757,0.182797694297213,huber
adamw,19,3250,0.024034200236201286,0.1833987346924945,huber
adamw,19,3300,0.023069605231285095,0.17603816094118374,huber
adamw,19,3350,0.024790877476334572,0.1891727420256791,huber
adamw,19,3400,0.023373225703835487,0.1783550098458794,huber
adamw,19,3450,0.023405078798532486,0.17859807253180437,huber
adamw,19,3500,0.02528127282857895,0.1929148214881457,huber
adamw,19,3550,0.024955660104751587,0.19043015543049313,huber
adamw,19,3600,0.02439049631357193,0.18611753744538373,huber
adamw,19,3650,0.023411473259329796,0.17864686700000978,huber
adamw,19,3700,0.023547155782580376,0.17968222506641052,huber
adamw,19,3750,0.02440129965543747,0.18619997493900195,huber
adamw,19,3800,0.023111380636692047,0.17635693820098874,huber
adamw,19,3850,0.024461546912789345,0.18665970609953308,huber
adamw,19,3900,0.023587577044963837,0.1799906692127913,huber
adamw,19,3950,0.024235572665929794,0.1849353553601768,huber
adamw,19,4000,0.023848339915275574,0.18198048289495916,huber
adamw,19,4050,0.023573337122797966,0.17988200806818594,huber
adamw,19,4100,0.023809131234884262,0.181681291646569,huber
adamw,19,4150,0.022677510976791382,0.1730461916038379,huber
adamw,19,4200,0.023666134104132652,0.18059011771164435,huber
adamw,19,4250,0.023965032771229744,0.18287093574628446,huber
adamw,19,4300,0.023247115314006805,0.1773926942414966,huber
adamw,19,4350,0.02294313721358776,0.17507311637149495,huber
adamw,19,4400,0.024299385026097298,0.18542229089360196,huber
adamw,19,4450,0.023907175287604332,0.18242944032787609,huber
adamw,19,4500,0.02379465475678444,0.1815708254051206,huber
adamw,19,4550,0.023881815373897552,0.18223592541828784,huber
adamw,19,4600,0.02234429493546486,0.1705035066067113,huber
adamw,19,4650,0.025031764060258865,0.19101088493295046,huber
adamw,19,4700,0.023605648428201675,0.1801285672409092,huber
adamw,19,4750,0.02344665303826332,0.17891531474862477,huber
adamw,19,4800,0.02398664690554142,0.18303586758696475,huber
adamw,19,4850,0.02477261796593666,0.18903340844810337,huber
adamw,19,4900,0.02506262995302677,0.19124641453756205,huber
adamw,19,4950,0.024455726146697998,0.18661528934650604,huber
adamw,19,5000,0.024865129962563515,0.1897393434473336,huber
adamw,20,1,0.3347233533859253,1.0,mse
adamw,20,50,0.1683235764503479,0.5028737157047904,mse
adamw,20,100,0.10193540155887604,0.3045362701100445,mse
adamw,20,150,0.08179429173469543,0.24436386319418005,mse
adamw,20,200,0.06148320809006691,0.18368365238973555,mse
adamw,20,250,0.05787091702222824,0.17289178193522975,mse
adamw,20,300,0.055054616183042526,0.16447796553820468,mse
adamw,20,350,0.055512670427560806,0.16584642172712843,mse
adamw,20,400,0.05245175585150719,0.1567018115734279,mse
adamw,20,450,0.05269814282655716,0.15743790295324236,mse
adamw,20,500,0.05030602961778641,0.150291364820862,mse
adamw,20,550,0.051671352237463,0.15437032317816077,mse
adamw,20,600,0.05347374081611633,0.15975503434462437,mse
adamw,20,650,0.05020448565483093,0.14998799798993043,mse
adamw,20,700,0.047266244888305664,0.14120988096641468,mse
adamw,20,750,0.05266297236084938,0.15733282971783166,mse
adamw,20,800,0.05038909614086151,0.15053952952832814,mse
adamw,20,850,0.05007362365722656,0.149597042305839,mse
adamw,20,900,0.05173565447330475,0.15456242879371251,mse
adamw,20,950,0.05309521406888962,0.15862416987580946,mse
adamw,20,1000,0.0496697798371315,0.14839054202430815,mse
adamw,20,1050,0.05053701251745224,0.15098143588202131,mse
adamw,20,1100,0.052501216530799866,0.1568495774188413,mse
adamw,20,1150,0.05247336998581886,0.15676638470253002,mse
adamw,20,1200,0.051313914358615875,0.15330246258453492,mse
adamw,20,1250,0.048093151301145554,0.1436802984155566,mse
adamw,20,1300,0.04978037625551224,0.14872095344395364,mse
adamw,20,1350,0.05061667785048485,0.1512194393921641,mse
adamw,20,1400,0.0502515509724617,0.150128607592322,mse
adamw,20,1450,0.051987238228321075,0.15531404577075164,mse
adamw,20,1500,0.04788874089717865,0.14306961379525995,mse
adamw,20,1550,0.04810580238699913,0.14371809406299382,mse
adamw,20,1600,0.052760589867830276,0.15762446609752684,mse
adamw,20,1650,0.050451867282390594,0.15072706093566532,mse
adamw,20,1700,0.05393785983324051,0.1611416092950404,mse
adamw,20,1750,0.046574562788009644,0.13914345179946458,mse
adamw,20,1800,0.051074378192424774,0.1525868382823521,mse
adamw,20,1850,0.05156432092189789,0.1540505626520952,mse
adamw,20,1900,0.04860573261976242,0.14521165651600523,mse
adamw,20,1950,0.052163220942020416,0.15583980147891832,mse
adamw,20,2000,0.05128902569413185,0.15322810665976225,mse
adamw,20,2050,0.04991167038679123,0.14911320014544868,mse
adamw,20,2100,0.05070415884256363,0.15148079251017588,mse
adamw,20,2150,0.048441603779792786,0.14472131475075528,mse
adamw,20,2200,0.0478145107626915,0.1428478481678059,mse
adamw,20,2250,0.050775788724422455,0.1516947897742874,mse
adamw,20,2300,0.05406869202852249,0.1615324759434488,mse
adamw,20,2350,0.04777646064758301,0.14273417185952447,mse
adamw,20,2400,0.046881575137376785,0.1400606640174396,mse
adamw,20,2450,0.04822618514299393,0.1440777425750473,mse
adamw,20,2500,0.053483087569475174,0.15978295816070798,mse
adamw,20,2550,0.04809069260954857,0.14367295297170837,mse
adamw,20,2600,0.05021118000149727,0.15000799763022626,mse
adamw,20,2650,0.05065656453371048,0.15133860252441092,mse
adamw,20,2700,0.04940599948167801,0.1476024871939977,mse
adamw,20,2750,0.04732925072312355,0.14139811352975554,mse
adamw,20,2800,0.05048525705933571,0.15082681428901623,mse
adamw,20,2850,0.048862095922231674,0.14597755259070688,mse
adamw,20,2900,0.047580450773239136,0.14214858417237594,mse
adamw,20,2950,0.05213146656751633,0.15574493395867248,mse
adamw,20,3000,0.047963324934244156,0.14329243672144973,mse
adamw,20,3050,0.05023781955242157,0.1500875844013757,mse
adamw,20,3100,0.049143921583890915,0.14681951852707914,mse
adamw,20,3150,0.05127397179603577,0.15318313251038246,mse
adamw,20,3200,0.05126509070396423,0.15315659987684585,mse
adamw,20,3250,0.05125389248132706,0.1531231447189553,mse
adamw,20,3300,0.04994519054889679,0.1492133430299128,mse
adamw,20,3350,0.04825983941555023,0.14417828612008493,mse
adamw,20,3400,0.05069420114159584,0.15145104346259058,mse
adamw,20,3450,0.05038397014141083,0.15052421539085062,mse
adamw,20,3500,0.052509620785713196,0.15687468548144978,mse
adamw,20,3550,0.050943780690431595,0.15219667278994736,mse
adamw,20,3600,0.050437793135643005,0.15068501383436442,mse
adamw,20,3650,0.04753439500927925,0.14201099065374628,mse
adamw,20,3700,0.049208708107471466,0.1470130709724798,mse
adamw,20,3750,0.05122886598110199,0.1530483770041487,mse
adamw,20,3800,0.047801800072193146,0.14280987444900267,mse
adamw,20,3850,0.04944276809692383,0.14771233496790975,mse
adamw,20,3900,0.04880836233496666,0.14581702125424212,mse
adamw,20,3950,0.05210006237030029,0.155651112607702,mse
adamw,20,4000,0.04964641109108925,0.14832072691936893,mse
adamw,20,4050,0.049285195767879486,0.14724158105292173,mse
adamw,20,4100,0.04680090397596359,0.13981965555299528,mse
adamw,20,4150,0.049197759479284286,0.14698036148843444,mse
adamw,20,4200,0.049283724278211594,0.14723718491607318,mse
adamw,20,4250,0.04871128499507904,0.14552699864630148,mse
adamw,20,4300,0.048575032502412796,0.14511993863304584,mse
adamw,20,4350,0.0459422767162323,0.1372544707487509,mse
adamw,20,4400,0.047983624041080475,0.14335308115103906,mse
adamw,20,4450,0.05216057598590851,0.1558318995620513,mse
adamw,20,4500,0.05053219571709633,0.150967045489755,mse
adamw,20,4550,0.04644206166267395,0.13874759915280768,mse
adamw,20,4600,0.050872690975666046,0.15198428929759036,mse
adamw,20,4650,0.05091430991888046,0.15210862762891209,mse
adamw,20,4700,0.04865091294050217,0.1453466346114465,mse
adamw,20,4750,0.05222027003765106,0.15601023803511782,mse
adamw,20,4800,0.04871976375579834,0.14555232929811746,mse
adamw,20,4850,0.05194971337914467,0.15520193871638324,mse
adamw,20,4900,0.050923269242048264,0.1521353939811166,mse
adamw,20,4950,0.05212327837944031,0.15572047140476583,mse
adamw,20,5000,0.04544215649366379,0.13576034069326032,mse
adamw,21,1,0.12012702226638794,1.0,huber
adamw,21,50,0.030090631917119026,0.25049011745576677,huber
adamw,21,100,0.025324763730168343,0.21081654445749398,huber
adamw,21,150,0.025672003626823425,0.21370715050186143,huber
adamw,21,200,0.025587160140275955,0.2130008690595451,huber
adamw,21,250,0.025593817234039307,0.21305628618083683,huber
adamw,21,300,0.025353459641337395,0.21105542419185896,huber
adamw,21,350,0.02392616495490074,0.19917387864524955,huber
adamw,21,400,0.024937117472290993,0.207589574783529,huber
adamw,21,450,0.025893649086356163,0.21555224293278197,huber
adamw,21,500,0.024695154279470444,0.2055753469415703,huber
adamw,21,550,0.025996938347816467,0.21641207662807874,huber
adamw,21,600,0.02523890882730484,0.21010184345813754,huber
adamw,21,650,0.024796437472105026,0.206418481073456,huber
adamw,21,700,0.026080504059791565,0.21710772120827806,huber
adamw,21,750,0.024282533675432205,0.20214047778179683,huber
adamw,21,800,0.02427072823047638,0.20204220309943896,huber
adamw,21,850,0.025175713002681732,0.20957576844661374,huber
adamw,21,900,0.02423962391912937,0.20178327458560275,huber
adamw,21,950,0.0244827251881361,0.2038069763674353,huber
adamw,21,1000,0.024960950016975403,0.2077879693182038,huber
adamw,21,1050,0.025458281859755516,0.21192801902057015,huber
adamw,21,1100,0.022935407236218452,0.19092629454643428,huber
adamw,21,1150,0.02577050030231476,0.2145270882114045,huber
adamw,21,1200,0.023731986060738564,0.1975574322329546,huber
adamw,21,1250,0.02555622160434723,0.2127433205467707,huber
adamw,21,1300,0.02407844178378582,0.2004415104071307,huber
adamw,21,1350,0.024831410497426987,0.20670961478061145,huber
adamw,21,1400,0.024975469335913658,0.20790883570333785,huber
adamw,21,1450,0.024769330397248268,0.20619282764140265,huber
adamw,21,1500,0.024441590532660484,0.20346455003654368,huber
adamw,21,1550,0.02401316724717617,0.1998981311126294,huber
adamw,21,1600,0.024880634620785713,0.20711938206219419,huber
adamw,21,1650,0.024114035069942474,0.20073780748904557,huber
adamw,21,1700,0.025778505951166153,0.21459373140874974,huber
adamw,21,1750,0.024011608213186264,0.1998851529003963,huber
adamw,21,1800,0.023887095972895622,0.19884864805792607,huber
adamw,21,1850,0.024478929117321968,0.2037753758936825,huber
adamw,21,1900,0.02372586727142334,0.1975064962387063,huber
adamw,21,1950,0.023448806256055832,0.19520009581238834,huber
adamw,21,2000,0.02413974702358246,0.2009518472042977,huber
adamw,21,2050,0.02339410036802292,0.1947446954619859,huber
adamw,21,2100,0.02502090111374855,0.20828703352242758,huber
adamw,21,2150,0.024859391152858734,0.20694254035309173,huber
adamw,21,2200,0.02399630658328533,0.19975777415070084,huber
adamw,21,2250,0.024099456146359444,0.20061644492375447,huber
adamw,21,2300,0.024195481091737747,0.20141580666240944,huber
adamw,21,2350,0.023729616776108742,0.19753770907171142,huber
adamw,21,2400,0.02444268763065338,0.20347368285255957,huber
adamw,21,2450,0.024016600102186203,0.19992670798855014,huber
adamw,21,2500,0.023353327065706253,0.19440527722329645,huber
adamw,21,2550,0.0239238403737545,0.19915452761912417,huber
adamw,21,2600,0.024371076375246048,0.20287755340511077,huber
adamw,21,2650,0.024312932044267654,0.2023935296618979,huber
adamw,21,2700,0.02487962692975998,0.20711099351641388,huber
adamw,21,2750,0.024649053812026978,0.20519158260134357,huber
adamw,21,2800,0.023275021463632584,0.19375342054195774,huber
adamw,21,2850,0.024148646742105484,0.20102593310399886,huber
adamw,21,2900,0.023844223469495773,0.1984917549743301,huber
adamw,21,2950,0.02339417114853859,0.19474528467592242,huber
adamw,21,3000,0.023456983268260956,0.1952681655276851,huber
adamw,21,3050,0.02271478995680809,0.18908976122322302,huber
adamw,21,3100,0.022362802177667618,0.1861596313282197,huber
adamw,21,3150,0.02409110777080059,0.20054694869050613,huber
adamw,21,3200,0.02362826094031334,0.19669397022025933,huber
adamw,21,3250,0.02297772467136383,0.1912785669523176,huber
adamw,21,3300,0.022458259016275406,0.18695426384975267,huber
adamw,21,3350,0.023657750338315964,0.1969394553529652,huber
adamw,21,3400,0.0227181576192379,0.18911779540209694,huber
adamw,21,3450,0.02219589799642563,0.1847702338546698,huber
adamw,21,3500,0.024967476725578308,0.20784230104540197,huber
adamw,21,3550,0.02341260388493538,0.1948987283894935,huber
adamw,21,3600,0.0231629665941,0.1928206173523132,huber
adamw,21,3650,0.02241991087794304,0.18663503394120365,huber
adamw,21,3700,0.022650228813290596,0.18855232058497656,huber
adamw,21,3750,0.0235100407153368,0.19570984339561884,huber
adamw,21,3800,0.021843543276190758,0.1818370493505746,huber
adamw,21,3850,0.023245977237820625,0.19351164125479992,huber
adamw,21,3900,0.02259562350809574,0.18809775753858918,huber
adamw,21,3950,0.022986071184277534,0.19134804767993602,huber
adamw,21,4000,0.02221863344311714,0.18495949557332872,huber
adamw,21,4050,0.02284151315689087,0.19014467124839424,huber
adamw,21,4100,0.022692304104566574,0.1889025772589718,huber
adamw,21,4150,0.021494124084711075,0.17892830171921462,huber
adamw,21,4200,0.023096634075045586,0.1922684308600241,huber
adamw,21,4250,0.02266378328204155,0.18866515505381817,huber
adamw,21,4300,0.02220771461725235,0.18486860157080715,huber
adamw,21,4350,0.02200370840728283,0.1831703474551168,huber
adamw,21,4400,0.023190032690763474,0.19304592966050857,huber
adamw,21,4450,0.02273867093026638,0.18928855890427543,huber
adamw,21,4500,0.02302549034357071,0.19167619332568223,huber
adamw,21,4550,0.022161751985549927,0.18448598464719357,huber
adamw,21,4600,0.021016022190451622,0.17494833214002006,huber
adamw,21,4650,0.02351072058081627,0.1957155029505353,huber
adamw,21,4700,0.02247094362974167,0.1870598571894272,huber
adamw,21,4750,0.022344984114170074,0.18601130447251832,huber
adamw,21,4800,0.02297697216272354,0.19127230267783468,huber
adamw,21,4850,0.023760313168168068,0.19779324185259778,huber
adamw,21,4900,0.024285167455673218,0.20216240274248695,huber
adamw,21,4950,0.02341269701719284,0.1948995036709889,huber
adamw,21,5000,0.023450536653399467,0.195214500542573,huber
adamw,22,1,0.31588733196258545,1.0,mse
adamw,22,50,0.1846952736377716,0.584687180996696,mse
adamw,22,100,0.05329484865069389,0.16871473863664238,mse
adamw,22,150,0.04811069369316101,0.15230333357862977,mse
adamw,22,200,0.05033504217863083,0.159344921703263,mse
adamw,22,250,0.048883698880672455,0.15475042502325598,mse
adamw,22,300,0.05075426027178764,0.16067203441320374,mse
adamw,22,350,0.050005048513412476,0.15830026548622472,mse
adamw,22,400,0.05125072970986366,0.16224370059871202,mse
adamw,22,450,0.04990386962890625,0.15797996494147792,mse
adamw,22,500,0.04996829479932785,0.15818391478024268,mse
adamw,22,550,0.050343967974185944,0.15937317796634157,mse
adamw,22,600,0.049111053347587585,0.15547015780108722,mse
adamw,22,650,0.05094761401414871,0.1612841315845584,mse
adamw,22,700,0.05175140127539635,0.16382866939889162,mse
adamw,22,750,0.05098368972539902,0.16139833594668387,mse
adamw,22,800,0.05233757570385933,0.1656843133869589,mse
adamw,22,850,0.05172396078705788,0.1637418014381919,mse
adamw,22,900,0.04830697551369667,0.15292470012510118,mse
adamw,22,950,0.050681501626968384,0.16044170341396038,mse
adamw,22,1000,0.050077881664037704,0.15853083234743034,mse
adamw,22,1050,0.04890123009681702,0.15480592334297538,mse
adamw,22,1100,0.04948423057794571,0.15665151961145043,mse
adamw,22,1150,0.051402777433395386,0.16272503589819065,mse
adamw,22,1200,0.05030457675457001,0.15924847774689557,mse
adamw,22,1250,0.04797806963324547,0.15188348749271186,mse
adamw,22,1300,0.047950588166713715,0.1517964898079329,mse
adamw,22,1350,0.05063680559396744,0.16030020982280163,mse
adamw,22,1400,0.05017834156751633,0.15884885682424132,mse
adamw,22,1450,0.048858288675546646,0.1546699843010278,mse
adamw,22,1500,0.04952320456504822,0.15677489900390776,mse
adamw,22,1550,0.048442989587783813,0.15335527793030185,mse
adamw,22,1600,0.04953191801905632,0.15680248306039388,mse
adamw,22,1650,0.047524068504571915,0.15044626262569083,mse
adamw,22,1700,0.04823407903313637,0.15269393278122764,mse
adamw,22,1750,0.051546625792980194,0.1631804145887228,mse
adamw,22,1800,0.04858286678791046,0.1537980851782456,mse
adamw,22,1850,0.04957975447177887,0.15695391823326182,mse
adamw,22,1900,0.04890371859073639,0.1548138011325148,mse
adamw,22,1950,0.049126267433166504,0.15551832081378036,mse
adamw,22,2000,0.05086167901754379,0.16101208839728967,mse
adamw,22,2050,0.05234538018703461,0.16570901992750547,mse
adamw,22,2100,0.04840242117643356,0.1532268510918522,mse
adamw,22,2150,0.049267325550317764,0.15596486647382593,mse
adamw,22,2200,0.050961028784513474,0.161326598530863,mse
adamw,22,2250,0.0475272461771965,0.15045632213838114,mse
adamw,22,2300,0.048916783183813095,0.1548551595275968,mse
adamw,22,2350,0.04933592677116394,0.15618203637557526,mse
adamw,22,2400,0.050232745707035065,0.15902108322908234,mse
adamw,22,2450,0.04988769441843033,0.15792875930947164,mse
adamw,22,2500,0.0503702312707901,0.1594563193080376,mse
adamw,22,2550,0.04719529673457146,0.14940547454483358,mse
adamw,22,2600,0.048419274389743805,0.15328020306771503,mse
adamw,22,2650,0.05067996680736542,0.16043684465753785,mse
adamw,22,2700,0.04785144329071045,0.15148262829475576,mse
adamw,22,2750,0.051886435598134995,0.1642561456192886,mse
adamw,22,2800,0.04856867715716362,0.15375316526753352,mse
adamw,22,2850,0.05035362392663956,0.15940374567665022,mse
adamw,22,2900,0.04883807152509689,0.154605983157569,mse
adamw,22,2950,0.048931896686553955,0.1549030041266409,mse
adamw,22,3000,0.04673861712217331,0.14795977044026937,mse
adamw,22,3050,0.04952952265739441,0.15679490009830727,mse
adamw,22,3100,0.05002988129854202,0.1583788782782454,mse
adamw,22,3150,0.04900596663355827,0.15513748629642,mse
adamw,22,3200,0.049727633595466614,0.1574220570559521,mse
adamw,22,3250,0.04827060550451279,0.1528095641082248,mse
adamw,22,3300,0.04843178018927574,0.1533197924980801,mse
adamw,22,3350,0.046950362622737885,0.1486300901370075,mse
adamw,22,3400,0.04841730743646622,0.15327397631191142,mse
adamw,22,3450,0.04855839163064957,0.15372060452364375,mse
adamw,22,3500,0.049843356013298035,0.15778839785573173,mse
adamw,22,3550,0.047119349241256714,0.14916504865360558,mse
adamw,22,3600,0.04909563064575195,0.15542133437489977,mse
adamw,22,3650,0.05058369040489197,0.16013206382990766,mse
adamw,22,3700,0.050961367785930634,0.16132767170279128,mse
adamw,22,3750,0.049237851053476334,0.15587155948155654,mse
adamw,22,3800,0.04949106276035309,0.15667314815338954,mse
adamw,22,3850,0.048600345849990845,0.1538534183945914,mse
adamw,22,3900,0.04963141679763794,0.15711746491789175,mse
adamw,22,3950,0.047572918236255646,0.1506009055212455,mse
adamw,22,4000,0.04851921647787094,0.15359658830388834,mse
adamw,22,4050,0.049421846866607666,0.15645403239045155,mse
adamw,22,4100,0.04927949234843254,0.15600338273226272,mse
adamw,22,4150,0.04912925511598587,0.15552777887846694,mse
adamw,22,4200,0.04998348653316498,0.15823200703434717,mse
adamw,22,4250,0.04942718893289566,0.1564709436931455,mse
adamw,22,4300,0.04835887625813484,0.15308900156801034,mse
adamw,22,4350,0.047232359647750854,0.14952280407795898,mse
adamw,22,4400,0.048380594700574875,0.1531577553300086,mse
adamw,22,4450,0.048867858946323395,0.15470028077007988,mse
adamw,22,4500,0.05045780912041664,0.15973356325157415,mse
adamw,22,4550,0.04944306239485741,0.15652119408420462,mse
adamw,22,4600,0.048750992864370346,0.1543303194891796,mse
adamw,22,4650,0.05033024027943611,0.15932972039979545,mse
adamw,22,4700,0.05013880506157875,0.15872369667396896,mse
adamw,22,4750,0.0489409938454628,0.15493180287223263,mse
adamw,22,4800,0.047794900834560394,0.1513036326515979,mse
adamw,22,4850,0.050233736634254456,0.15902422019318038,mse
adamw,22,4900,0.04853519797325134,0.15364718069479275,mse
adamw,22,4950,0.0483378991484642,0.1530225946325365,mse
adamw,22,5000,0.04935256391763687,0.15623470435174755,mse
adamw,23,1,0.20224550366401672,1.0,mse
adamw,23,50,0.10687810182571411,0.5284572457208587,mse
adamw,23,100,0.06540364027023315,0.32338736379962196,mse
adamw,23,150,0.05587821081280708,0.2762890140966277,mse
adamw,23,200,0.055477872490882874,0.274309546990208,mse
adamw,23,250,0.06191345676779747,0.3061302013944997,mse
adamw,23,300,0.0517641045153141,0.25594687435577296,mse
adamw,23,350,0.05200734734535217,0.25714958504961444,mse
adamw,23,400,0.05404491722583771,0.2672243201788091,mse
adamw,23,450,0.04990985989570618,0.2467785883567511,mse
adamw,23,500,0.051938630640506744,0.25680981628541194,mse
adamw,23,550,0.05526149272918701,0.27323966035354225,mse
adamw,23,600,0.053765371441841125,0.26584211004838765,mse
adamw,23,650,0.04930723085999489,0.24379889770952456,mse
adamw,23,700,0.04608238860964775,0.22785371132998233,mse
adamw,23,750,0.050983645021915436,0.25208790355415145,mse
adamw,23,800,0.04991944879293442,0.24682600052193904,mse
adamw,23,850,0.048896465450525284,0.24176787401788297,mse
adamw,23,900,0.05108731985092163,0.252600522263235,mse
adamw,23,950,0.05161827430129051,0.2552258189484505,mse
adamw,23,1000,0.053753964602947235,0.2657857090966373,mse
adamw,23,1050,0.053140342235565186,0.2627516620782104,mse
adamw,23,1100,0.0504387766122818,0.24939380949637302,mse
adamw,23,1150,0.05114474892616272,0.2528844795043141,mse
adamw,23,1200,0.052297718822956085,0.2585853226672294,mse
adamw,23,1250,0.04811631143093109,0.23791041362711832,mse
adamw,23,1300,0.049927592277526855,0.24686626586502408,mse
adamw,23,1350,0.051123153418302536,0.25277770082459594,mse
adamw,23,1400,0.05101378262042999,0.2522369184789264,mse
adamw,23,1450,0.04523801803588867,0.22367873310568617,mse
adamw,23,1500,0.05168445035815239,0.25555302551503906,mse
adamw,23,1550,0.04801125451922417,0.23739096122988998,mse
adamw,23,1600,0.046309541910886765,0.2289768675788173,mse
adamw,23,1650,0.0513179711997509,0.2537409745583448,mse
adamw,23,1700,0.048270247876644135,0.23867155018107986,mse
adamw,23,1750,0.049360401928424835,0.2440618012968314,mse
adamw,23,1800,0.05185823142528534,0.25641228351575907,mse
adamw,23,1850,0.050332147628068924,0.24886658400912554,mse
adamw,23,1900,0.05173011124134064,0.25577879509884205,mse
adamw,23,1950,0.04890848323702812,0.24182729579134699,mse
adamw,23,2000,0.05029572546482086,0.24868649514391858,mse
adamw,23,2050,0.048656608909368515,0.2405819067809785,mse
adamw,23,2100,0.05020231753587723,0.24822464097533933,mse
adamw,23,2150,0.05497206747531891,0.27180860132565443,mse
adamw,23,2200,0.05272398889064789,0.26069300891967606,mse
adamw,23,2250,0.04733337461948395,0.23403919376184107,mse
adamw,23,2300,0.04731323942542076,0.23393963558280417,mse
adamw,23,2350,0.0495215468108654,0.24485857986308457,mse
adamw,23,2400,0.04894017428159714,0.24198399170791807,mse
adamw,23,2450,0.05247516930103302,0.2594627240178756,mse
adamw,23,2500,0.05008130520582199,0.2476262972403099,mse
adamw,23,2550,0.050019942224025726,0.2473228888545383,mse
adamw,23,2600,0.048862237483263016,0.24159863432334255,mse
adamw,23,2650,0.05165465921163559,0.2554057236172115,mse
adamw,23,2700,0.04750029370188713,0.23486452277721676,mse
adamw,23,2750,0.04840909317135811,0.23935806875478635,mse
adamw,23,2800,0.052147768437862396,0.25784389513298467,mse
adamw,23,2850,0.05147915333509445,0.25453793732104396,mse
adamw,23,2900,0.049327947199344635,0.24390132935311828,mse
adamw,23,2950,0.052125461399555206,0.25773359830114884,mse
adamw,23,3000,0.053731437772512436,0.2656743255057703,mse
adamw,23,3050,0.051309727132320404,0.2537002118848557,mse
adamw,23,3100,0.050044361501932144,0.24744362962485963,mse
adamw,23,3150,0.047540273517370224,0.2350622024030121,mse
adamw,23,3200,0.047023311257362366,0.23250608990289606,mse
adamw,23,3250,0.048723045736551285,0.2409104027226887,mse
adamw,23,3300,0.04629552364349365,0.22890755445620567,mse
adamw,23,3350,0.04718417674303055,0.2333014869958046,mse
adamw,23,3400,0.049998726695775986,0.2472179889785688,mse
adamw,23,3450,0.04892867058515549,0.2419271118454082,mse
adamw,23,3500,0.04901745542883873,0.24236610723504484,mse
adamw,23,3550,0.050413817167282104,0.2492703978775854,mse
adamw,23,3600,0.049775101244449615,0.2461122761331655,mse
adamw,23,3650,0.048377424478530884,0.23920148335608282,mse
adamw,23,3700,0.04697299748659134,0.23225731418299372,mse
adamw,23,3750,0.04844274744391441,0.2395244718240591,mse
adamw,23,3800,0.04945450276136398,0.24452708151930533,mse
adamw,23,3850,0.04636251926422119,0.22923881334460516,mse
adamw,23,3900,0.04919753596186638,0.24325651285477526,mse
adamw,23,3950,0.046855174005031586,0.23167473766373775,mse
adamw,23,4000,0.04385123401880264,0.21682179936939977,mse
adamw,23,4050,0.04753736034035683,0.2350477982409387,mse
adamw,23,4100,0.049844350665807724,0.24645467890654507,mse
adamw,23,4150,0.047387126833200455,0.23430497081370474,mse
adamw,23,4200,0.05361137166619301,0.265080660360468,mse
adamw,23,4250,0.05006229877471924,0.24753232021358534,mse
adamw,23,4300,0.0492897592484951,0.24371250957637322,mse
adamw,23,4350,0.04922052100300789,0.24337016206192744,mse
adamw,23,4400,0.05252649262547493,0.25971649146146325,mse
adamw,23,4450,0.04917341470718384,0.24313724565602154,mse
adamw,23,4500,0.04895211383700371,0.24204302666884558,mse
adamw,23,4550,0.04873153939843178,0.2409523995123657,mse
adamw,23,4600,0.05013786256313324,0.24790594428455373,mse
adamw,23,4650,0.04516229033470154,0.2233042985703556,mse
adamw,23,4700,0.049080319702625275,0.2426769387375883,mse
adamw,23,4750,0.051399119198322296,0.25414220967656137,mse
adamw,23,4800,0.05338911712169647,0.2639817259442757,mse
adamw,23,4850,0.05173996090888977,0.25582749663915166,mse
adamw,23,4900,0.0500340461730957,0.2473926256289756,mse
adamw,23,4950,0.050084687769412994,0.24764302227760232,mse
adamw,23,5000,0.047484900802373886,0.23478841280574952,mse
adamw,24,1,0.10548493266105652,1.0,huber
adamw,24,50,0.03216789662837982,0.30495252560611186,huber
adamw,24,100,0.02765474282205105,0.26216770608283063,huber
adamw,24,150,0.0248517245054245,0.2355950170180029,huber
adamw,24,200,0.026315908879041672,0.24947552427795328,huber
adamw,24,250,0.025869708508253098,0.2452455327565831,huber
adamw,24,300,0.0252804234623909,0.23965909466541338,huber
adamw,24,350,0.025267457589507103,0.23953617784159117,huber
adamw,24,400,0.02547305077314377,0.24148520675453816,huber
adamw,24,450,0.024880368262529373,0.23586656060609915,huber
adamw,24,500,0.0254535935819149,0.24130075205813725,huber
adamw,24,550,0.02515026554465294,0.23842519410298724,huber
adamw,24,600,0.025384854525327682,0.2406491039520699,huber
adamw,24,650,0.025264913216233253,0.23951205711449144,huber
adamw,24,700,0.02482309192419052,0.23532357937746345,huber
adamw,24,750,0.0253659226000309,0.24046962879083889,huber
adamw,24,800,0.02485058642923832,0.2355842280251347,huber
adamw,24,850,0.026174644008278847,0.24813632950198716,huber
adamw,24,900,0.024257183074951172,0.22995874825928164,huber
adamw,24,950,0.025666512548923492,0.2433192295945712,huber
adamw,24,1000,0.024437032639980316,0.2316637269751238,huber
adamw,24,1050,0.024890363216400146,0.23596131303773682,huber
adamw,24,1100,0.02395695075392723,0.22711253777736717,huber
adamw,24,1150,0.025438111275434494,0.24115397937610733,huber
adamw,24,1200,0.023508213460445404,0.2228584961606018,huber
adamw,24,1250,0.025718029588460922,0.24380761251559901,huber
adamw,24,1300,0.024716198444366455,0.23431022631245715,huber
adamw,24,1350,0.025433266535401344,0.2411080511102315,huber
adamw,24,1400,0.024472888559103012,0.2320036420532128,huber
adamw,24,1450,0.024714983999729156,0.23429871334461747,huber
adamw,24,1500,0.022977087646722794,0.21782340915505552,huber
adamw,24,1550,0.024378791451454163,0.23111159894075045,huber
adamw,24,1600,0.024916071444749832,0.2362050277342451,huber
adamw,24,1650,0.024512819945812225,0.23238219267368407,huber
adamw,24,1700,0.025103135034441948,0.23797839559800615,huber
adamw,24,1750,0.023939166218042374,0.22694393989863504,huber
adamw,24,1800,0.025225160643458366,0.2391352016549291,huber
adamw,24,1850,0.025453802198171616,0.2413027297458643,huber
adamw,24,1900,0.024131949990987778,0.22877153525355512,huber
adamw,24,1950,0.024130433797836304,0.22875716170168162,huber
adamw,24,2000,0.02314046025276184,0.21937218585631194,huber
adamw,24,2050,0.024797439575195312,0.2350803944187392,huber
adamw,24,2100,0.024264905601739883,0.23003195802103527,huber
adamw,24,2150,0.025979992002248764,0.24629102324715418,huber
adamw,24,2200,0.024322323501110077,0.23057628125205715,huber
adamw,24,2250,0.0263387281447649,0.24969185153102696,huber
adamw,24,2300,0.02459670603275299,0.23317743503507712,huber
adamw,24,2350,0.02369247004389763,0.22460525352967817,huber
adamw,24,2400,0.024690818041563034,0.23406961941094853,huber
adamw,24,2450,0.025202017277479172,0.238915801922708,huber
adamw,24,2500,0.025149598717689514,0.2384188725654311,huber
adamw,24,2550,0.023924998939037323,0.22680963371245608,huber
adamw,24,2600,0.025116581469774246,0.23810586816677107,huber
adamw,24,2650,0.02456858940422535,0.23291088864007695,huber
adamw,24,2700,0.025071265175938606,0.23767626848184498,huber
adamw,24,2750,0.02526167780160904,0.23948138529679583,huber
adamw,24,2800,0.024073919281363487,0.22822140256483497,huber
adamw,24,2850,0.026258643716573715,0.2489326489968744,huber
adamw,24,2900,0.024367261677980423,0.23100229637797795,huber
adamw,24,2950,0.02505919337272644,0.23756182746256732,huber
adamw,24,3000,0.024816308170557022,0.23525926921048163,huber
adamw,24,3050,0.0246129147708416,0.23333109430829949,huber
adamw,24,3100,0.02363000065088272,0.22401304200297953,huber
adamw,24,3150,0.02471292018890381,0.23427914836246044,huber
adamw,24,3200,0.024131665006279945,0.22876883359085654,huber
adamw,24,3250,0.024637246504426003,0.23356175979739438,huber
adamw,24,3300,0.025657039135694504,0.24322942138225115,huber
adamw,24,3350,0.024904271587729454,0.2360931647721831,huber
adamw,24,3400,0.025272566825151443,0.23958461353297808,huber
adamw,24,3450,0.023853536695241928,0.2261321697183801,huber
adamw,24,3500,0.024437252432107925,0.23166581061040767,huber
adamw,24,3550,0.024735353887081146,0.23449182042482428,huber
adamw,24,3600,0.02527676522731781,0.23962441449848523,huber
adamw,24,3650,0.025665896013379097,0.24331338482102066,huber
adamw,24,3700,0.025448977947235107,0.24125699571717596,huber
adamw,24,3750,0.025402754545211792,0.2408187966222224,huber
adamw,24,3800,0.023786000907421112,0.22549192863259562,huber
adamw,24,3850,0.024039074778556824,0.227891075740637,huber
adamw,24,3900,0.024757545441389084,0.23470219695679062,huber
adamw,24,3950,0.0258740596473217,0.24528678167203327,huber
adamw,24,4000,0.023688727989792824,0.22456977875607398,huber
adamw,24,4050,0.024972137063741684,0.23673653131089337,huber
adamw,24,4100,0.024650409817695618,0.23368654836138683,huber
adamw,24,4150,0.023628871887922287,0.22400234129974203,huber
adamw,24,4200,0.024201568216085434,0.22943151790075794,huber
adamw,24,4250,0.025025591254234314,0.23724327847510104,huber
adamw,24,4300,0.024629099294543266,0.2334845240284821,huber
adamw,24,4350,0.02415364421904087,0.22897719711924355,huber
adamw,24,4400,0.0257117822766304,0.24374838783134392,huber
adamw,24,4450,0.02507035620510578,0.23766765141389135,huber
adamw,24,4500,0.02508850395679474,0.23783969258821971,huber
adamw,24,4550,0.023714285343885422,0.22481206316056535,huber
adamw,24,4600,0.024153947830200195,0.22898007536120346,huber
adamw,24,4650,0.023444782942533493,0.22225717314401777,huber
adamw,24,4700,0.023812001571059227,0.22573841562350702,huber
adamw,24,4750,0.023872802034020424,0.22631480564838916,huber
adamw,24,4800,0.02299114689230919,0.21795669118151867,huber
adamw,24,4850,0.02598555013537407,0.2463437144987395,huber
adamw,24,4900,0.02387334406375885,0.2263199441048943,huber
adamw,24,4950,0.02442018687725067,0.23150402869116343,huber
adamw,24,5000,0.0233331099152565,0.22119850984055034,huber
adamw,25,1,0.3057284355163574,1.0,mse
adamw,25,50,0.049521297216415405,0.16197805458552403,mse
adamw,25,100,0.053033649921417236,0.17346652702371798,mse
adamw,25,150,0.0537688285112381,0.17587120550440685,mse
adamw,25,200,0.04815562814474106,0.15751111951169677,mse
adamw,25,250,0.04979430139064789,0.16287101756350608,mse
adamw,25,300,0.049161188304424286,0.16080018275497965,mse
adamw,25,350,0.05225878953933716,0.17093205429542438,mse
adamw,25,400,0.05106039717793465,0.16701226070678257,mse
adamw,25,450,0.050602883100509644,0.16551578859534063,mse
adamw,25,500,0.0505586713552475,0.1653711774302474,mse
adamw,25,550,0.05084618926048279,0.16631161303202482,mse
adamw,25,600,0.053853489458560944,0.17614812101990301,mse
adamw,25,650,0.050584085285663605,0.16545430326174942,mse
adamw,25,700,0.04750538989901543,0.15538427041888206,mse
adamw,25,750,0.05241004377603531,0.1714267882459733,mse
adamw,25,800,0.050462085753679276,0.16505525784165861,mse
adamw,25,850,0.04927009344100952,0.1611563980229553,mse
adamw,25,900,0.051700763404369354,0.16910681964224164,mse
adamw,25,950,0.0533284991979599,0.17443094263669387,mse
adamw,25,1000,0.04900027811527252,0.16027386537504737,mse
adamw,25,1050,0.05025346577167511,0.1643728876144607,mse
adamw,25,1100,0.05268146097660065,0.17231456042884838,mse
adamw,25,1150,0.05338284745812416,0.17460870909166057,mse
adamw,25,1200,0.05243726819753647,0.1715158359704847,mse
adamw,25,1250,0.047731105238199234,0.15612255745064796,mse
adamw,25,1300,0.0502127930521965,0.16423985216615536,mse
adamw,25,1350,0.05037025734782219,0.16475489845342575,mse
adamw,25,1400,0.05105006694793701,0.166978471798727,mse
adamw,25,1450,0.05148838460445404,0.16841215478531846,mse
adamw,25,1500,0.047068532556295395,0.15395536393858622,mse
adamw,25,1550,0.048704199492931366,0.15930542872360834,mse
adamw,25,1600,0.05214335769414902,0.17055449096869887,mse
adamw,25,1650,0.050512176007032394,0.16521909688158476,mse
adamw,25,1700,0.05395311117172241,0.17647397135499931,mse
adamw,25,1750,0.04689744859933853,0.15339576941913005,mse
adamw,25,1800,0.05086198076605797,0.16636326509882884,mse
adamw,25,1850,0.052015841007232666,0.17013739961538402,mse
adamw,25,1900,0.048706308007240295,0.1593123254138209,mse
adamw,25,1950,0.05281631648540497,0.17275565616329178,mse
adamw,25,2000,0.051166050136089325,0.1673578385002784,mse
adamw,25,2050,0.04968724027276039,0.1625208338532252,mse
adamw,25,2100,0.050340212881565094,0.16465662671037917,mse
adamw,25,2150,0.04835277795791626,0.15815597223153696,mse
adamw,25,2200,0.04776861518621445,0.15624524786363445,mse
adamw,25,2250,0.050370968878269196,0.16475722578174837,mse
adamw,25,2300,0.054170139133930206,0.17718384304829224,mse
adamw,25,2350,0.04765792936086655,0.15588320818236975,mse
adamw,25,2400,0.04662977159023285,0.152520230941155,mse
adamw,25,2450,0.04864003509283066,0.15909555488576158,mse
adamw,25,2500,0.052864640951156616,0.172913719529789,mse
adamw,25,2550,0.04854559153318405,0.1587866416520707,mse
adamw,25,2600,0.05010421201586723,0.16388469699013816,mse
adamw,25,2650,0.0501876026391983,0.16415745743255572,mse
adamw,25,2700,0.04924264922738075,0.16106663138550656,mse
adamw,25,2750,0.047396693378686905,0.15502873750894863,mse
adamw,25,2800,0.050788164138793945,0.16612182001656375,mse
adamw,25,2850,0.04932801052927971,0.1613458376744302,mse
adamw,25,2900,0.047726742923259735,0.15610828885658629,mse
adamw,25,2950,0.05165482312440872,0.16895655465336992,mse
adamw,25,3000,0.04879242926836014,0.1595940174356127,mse
adamw,25,3050,0.05008181184530258,0.1638114287953534,mse
adamw,25,3100,0.04918142035603523,0.1608663593001112,mse
adamw,25,3150,0.050703760236501694,0.16584574526365534,mse
adamw,25,3200,0.05327843129634857,0.17426717670655797,mse
adamw,25,3250,0.05214633792638779,0.17056423894073078,mse
adamw,25,3300,0.04964550957083702,0.16238433787484852,mse
adamw,25,3350,0.04816979914903641,0.15755747111870846,mse
adamw,25,3400,0.05044616386294365,0.1650031793010782,mse
adamw,25,3450,0.05023328959941864,0.16430689384380473,mse
adamw,25,3500,0.05157214775681496,0.16868613372424002,mse
adamw,25,3550,0.05052974820137024,0.16527657336167784,mse
adamw,25,3600,0.050880737602710724,0.1664246163978046,mse
adamw,25,3650,0.04751385748386383,0.1554119668444177,mse
adamw,25,3700,0.04865692928433418,0.1591508137022174,mse
adamw,25,3750,0.05102181062102318,0.16688604883889954,mse
adamw,25,3800,0.04785606637597084,0.15653128991794546,mse
adamw,25,3850,0.04918017238378525,0.16086227733682285,mse
adamw,25,3900,0.049801211804151535,0.16289362067365507,mse
adamw,25,3950,0.05137065052986145,0.1680270611501983,mse
adamw,25,4000,0.049226682633161545,0.16101440662534566,mse
adamw,25,4050,0.049133650958538055,0.16071011149340492,mse
adamw,25,4100,0.04737699776887894,0.15496431559878282,mse
adamw,25,4150,0.048645757138729095,0.15911427099206282,mse
adamw,25,4200,0.0494815967977047,0.1618481994130941,mse
adamw,25,4250,0.048456452786922455,0.15849507980859662,mse
adamw,25,4300,0.04850798100233078,0.15866362224502814,mse
adamw,25,4350,0.04643823578953743,0.15189374096362993,mse
adamw,25,4400,0.04780208691954613,0.1563547297745177,mse
adamw,25,4450,0.052529752254486084,0.1718183399125646,mse
adamw,25,4500,0.050301022827625275,0.1645284408781597,mse
adamw,25,4550,0.04603377729654312,0.15057080712428586,mse
adamw,25,4600,0.05079245939850807,0.16613586928125473,mse
adamw,25,4650,0.05054500699043274,0.16532648297848115,mse
adamw,25,4700,0.0492386557161808,0.16105356910298382,mse
adamw,25,4750,0.05173831433057785,0.16922964408984356,mse
adamw,25,4800,0.048895593732595444,0.1599314556724619,mse
adamw,25,4850,0.05102071166038513,0.1668824542742128,mse
adamw,25,4900,0.05098600313067436,0.1667689269549363,mse
adamw,25,4950,0.051544081419706345,0.1685943321976296,mse
adamw,25,5000,0.045951247215270996,0.1503008614087925,mse
adamw,26,1,0.573009192943573,1.0,mse
adamw,26,50,0.05626099184155464,0.09818514700006731,mse
adamw,26,100,0.05154500529170036,0.08995493602277381,mse
adamw,26,150,0.054966576397418976,0.09592616850534857,mse
adamw,26,200,0.05171964690089226,0.09025971579130554,mse
adamw,26,250,0.05109395086765289,0.08916776815600647,mse
adamw,26,300,0.0502486452460289,0.0876925638625437,mse
adamw,26,350,0.05002228170633316,0.08729752039293914,mse
adamw,26,400,0.04981164261698723,0.0869299188047973,mse
adamw,26,450,0.04935000091791153,0.0861242743146902,mse
adamw,26,500,0.04866884648799896,0.0849355421995675,mse
adamw,26,550,0.047826990485191345,0.08346635808668623,mse
adamw,26,600,0.05126958340406418,0.08947427726366851,mse
adamw,26,650,0.05150332301855087,0.0898821932576266,mse
adamw,26,700,0.049681246280670166,0.08670235467856188,mse
adamw,26,750,0.047825850546360016,0.08346436869655886,mse
adamw,26,800,0.04987501725554466,0.08704051849383872,mse
adamw,26,850,0.05080905184149742,0.08867057015348938,mse
adamw,26,900,0.04956577718257904,0.08650084116095502,mse
adamw,26,950,0.05018109828233719,0.08757468274558514,mse
adamw,26,1000,0.0511193610727787,0.08921211335227683,mse
adamw,26,1050,0.05038684606552124,0.08793374815974912,mse
adamw,26,1100,0.04894515126943588,0.08541774176083027,mse
adamw,26,1150,0.05084391310811043,0.08873140908424705,mse
adamw,26,1200,0.049495771527290344,0.08637866920254529,mse
adamw,26,1250,0.05010579526424408,0.0874432659742306,mse
adamw,26,1300,0.04931548982858658,0.08606404650377558,mse
adamw,26,1350,0.04917960613965988,0.08582690599957414,mse
adamw,26,1400,0.049040280282497406,0.08558375831734107,mse
adamw,26,1450,0.04957371577620506,0.08651469537782237,mse
adamw,26,1500,0.05014592409133911,0.08751329770773368,mse
adamw,26,1550,0.04890097305178642,0.08534064314148261,mse
adamw,26,1600,0.048726700246334076,0.08503650699916857,mse
adamw,26,1650,0.04988867789506912,0.08706435866899243,mse
adamw,26,1700,0.04853242635726929,0.08469746551177672,mse
adamw,26,1750,0.05010021850466728,0.08743353356566635,mse
adamw,26,1800,0.04641609638929367,0.08100410422885569,mse
adamw,26,1850,0.04867734760046005,0.08495037810894868,mse
adamw,26,1900,0.05065974220633507,0.08840999905445457,mse
adamw,26,1950,0.0495198518037796,0.08642069344366708,mse
adamw,26,2000,0.049253493547439575,0.08595585228645679,mse
adamw,26,2050,0.0498572438955307,0.08700950091116669,mse
adamw,26,2100,0.0495675653219223,0.08650396177291951,mse
adamw,26,2150,0.04858815670013428,0.08479472458466995,mse
adamw,26,2200,0.04890112951397896,0.08534091619502951,mse
adamw,26,2250,0.0492725670337677,0.08598913881407799,mse
adamw,26,2300,0.047915421426296234,0.08362068535088005,mse
adamw,26,2350,0.048648543655872345,0.08490011025122071,mse
adamw,26,2400,0.0494917593896389,0.08637166732944998,mse
adamw,26,2450,0.04970782995223999,0.08674874777643395,mse
adamw,26,2500,0.04946647584438324,0.08632754317652709,mse
adamw,26,2550,0.0504947192966938,0.08812200557778183,mse
adamw,26,2600,0.04855278879404068,0.08473300148052233,mse
adamw,26,2650,0.0490880087018013,0.0856670526516932,mse
adamw,26,2700,0.04824867844581604,0.08420227640321178,mse
adamw,26,2750,0.05064532533288002,0.08838483912049089,mse
adamw,26,2800,0.04766763001680374,0.08318824654790102,mse
adamw,26,2850,0.05206942558288574,0.09087013999793415,mse
adamw,26,2900,0.04931231960654259,0.08605851391881353,mse
adamw,26,2950,0.04855611175298691,0.08473880061775635,mse
adamw,26,3000,0.04809340462088585,0.08393129676302041,mse
adamw,26,3050,0.05032141134142876,0.08781955326567362,mse
adamw,26,3100,0.048439741134643555,0.0845357137916174,mse
adamw,26,3150,0.046825844794511795,0.08171918595924335,mse
adamw,26,3200,0.0508706234395504,0.0887780232254666,mse
adamw,26,3250,0.04845304787158966,0.08455893634565313,mse
adamw,26,3300,0.049464356154203415,0.08632384395109419,mse
adamw,26,3350,0.04856020212173462,0.08474593901762512,mse
adamw,26,3400,0.04868542402982712,0.08496447287298828,mse
adamw,26,3450,0.05004715174436569,0.08734092290434524,mse
adamw,26,3500,0.049244195222854614,0.08593962510424144,mse
adamw,26,3550,0.05025174468755722,0.08769797292328214,mse
adamw,26,3600,0.05052134394645691,0.08816847018967808,mse
adamw,26,3650,0.04953999072313309,0.08645583933591713,mse
adamw,26,3700,0.04798301309347153,0.08373864448313773,mse
adamw,26,3750,0.04812353104352951,0.08398387257334712,mse
adamw,26,3800,0.04922328144311905,0.08590312694680678,mse
adamw,26,3850,0.04845092445611954,0.08455523061894529,mse
adamw,26,3900,0.049087606370449066,0.08566635051400119,mse
adamw,26,3950,0.04858679324388504,0.08479234511804704,mse
adamw,26,4000,0.05017278715968132,0.0875601784012252,mse
adamw,26,4050,0.04708476364612579,0.08217104407042639,mse
adamw,26,4100,0.048501256853342056,0.08464306934447073,mse
adamw,26,4150,0.048388950526714325,0.08444707540927605,mse
adamw,26,4200,0.048722028732299805,0.08502835440041134,mse
adamw,26,4250,0.050030507147312164,0.08731187520797579,mse
adamw,26,4300,0.04805827513337135,0.08386998974046807,mse
adamw,26,4350,0.04813109338283539,0.08399707016144695,mse
adamw,26,4400,0.04869302734732628,0.08497774197511229,mse
adamw,26,4450,0.04832777380943298,0.08434031147244099,mse
adamw,26,4500,0.049821898341178894,0.08694781681466862,mse
adamw,26,4550,0.04793829470872879,0.0836606031789258,mse
adamw,26,4600,0.05021166056394577,0.08762801920507819,mse
adamw,26,4650,0.04869082570075989,0.08497389972163101,mse
adamw,26,4700,0.04739958047866821,0.08272045381187432,mse
adamw,26,4750,0.04927870258688927,0.08599984641388114,mse
adamw,26,4800,0.04833871126174927,0.08435939921562378,mse
adamw,26,4850,0.0470777302980423,0.08215876966336606,mse
adamw,26,4900,0.04836872220039368,0.08441177348642778,mse
adamw,26,4950,0.04869784787297249,0.08498615462486656,mse
adamw,26,5000,0.04806654527783394,0.08388442257080382,mse
adamw,27,1,0.2794858515262604,1.0,mse
adamw,27,50,0.0548534020781517,0.19626539869048684,mse
adamw,27,100,0.052243754267692566,0.1869280823426003,mse
adamw,27,150,0.05202622711658478,0.18614977048917417,mse
adamw,27,200,0.05214748531579971,0.18658363216250307,mse
adamw,27,250,0.05065125972032547,0.18123013899888346,mse
adamw,27,300,0.051263753324747086,0.18342164028983185,mse
adamw,27,350,0.05072195827960968,0.18148309834869714,mse
adamw,27,400,0.04856123775243759,0.17375204321523516,mse
adamw,27,450,0.04901367053389549,0.17537084709738943,mse
adamw,27,500,0.04733550548553467,0.16936637481660513,mse
adamw,27,550,0.04854399710893631,0.17369035621602882,mse
adamw,27,600,0.050444528460502625,0.18049045482992143,mse
adamw,27,650,0.05079766362905502,0.18175397198695797,mse
adamw,27,700,0.04796622693538666,0.17162309531393138,mse
adamw,27,750,0.04608670622110367,0.16489817273191512,mse
adamw,27,800,0.04706495255231857,0.1683983367862769,mse
adamw,27,850,0.05012068152427673,0.1793317309286671,mse
adamw,27,900,0.04738283529877663,0.1695357208245819,mse
adamw,27,950,0.046507880091667175,0.16640513227302783,mse
adamw,27,1000,0.049047231674194336,0.1754909288121366,mse
adamw,27,1050,0.04680563881993294,0.16747051260136903,mse
adamw,27,1100,0.04658708721399307,0.1666885352499347,mse
adamw,27,1150,0.04413717985153198,0.15792277000964705,mse
adamw,27,1200,0.04400284215807915,0.15744210992356678,mse
adamw,27,1250,0.045829612761735916,0.1639782926808722,mse
adamw,27,1300,0.04871605336666107,0.17430597327422756,mse
adamw,27,1350,0.044547565281391144,0.15939112852446297,mse
adamw,27,1400,0.04821562394499779,0.17251543747812031,mse
adamw,27,1450,0.03964953497052193,0.14186598267496367,mse
adamw,27,1500,0.04120173677802086,0.1474197586497489,mse
adamw,27,1550,0.042584069073200226,0.15236574173844733,mse
adamw,27,1600,0.03969540446996689,0.14203010368214336,mse
adamw,27,1650,0.03968136012554169,0.14197985303672248,mse
adamw,27,1700,0.04114469885826111,0.14721567704973848,mse
adamw,27,1750,0.03488830849528313,0.12483032076493158,mse
adamw,27,1800,0.04425317049026489,0.1583377843586722,mse
adamw,27,1850,0.03756976127624512,0.1344245552004806,mse
adamw,27,1900,0.04019579291343689,0.1438204928583303,mse
adamw,27,1950,0.03587020933628082,0.1283435606503697,mse
adamw,27,2000,0.03747965022921562,0.1341021379956833,mse
adamw,27,2050,0.039802782237529755,0.1424143011897327,mse
adamw,27,2100,0.03786873072385788,0.13549426748101326,mse
adamw,27,2150,0.03529702499508858,0.1262927078502651,mse
adamw,27,2200,0.03224719688296318,0.11538042697640187,mse
adamw,27,2250,0.038983024656772614,0.139481209670858,mse
adamw,27,2300,0.03488673269748688,0.12482468256254085,mse
adamw,27,2350,0.03830273076891899,0.13704711905718805,mse
adamw,27,2400,0.03753133863210678,0.1342870790315493,mse
adamw,27,2450,0.03542483225464821,0.1267500020526789,mse
adamw,27,2500,0.034434959292411804,0.12320823792819548,mse
adamw,27,2550,0.04054168984293938,0.14505811160580376,mse
adamw,27,2600,0.03233867883682251,0.11570774928398829,mse
adamw,27,2650,0.030785612761974335,0.11015088096179255,mse
adamw,27,2700,0.03140353411436081,0.11236180272764236,mse
adamw,27,2750,0.024523315951228142,0.08774439141483319,mse
adamw,27,2800,0.030299901962280273,0.10841300837524975,mse
adamw,27,2850,0.034665659070014954,0.12403368142146466,mse
adamw,27,2900,0.03465307503938675,0.12398865577684086,mse
adamw,27,2950,0.030406493693590164,0.10879439344618554,mse
adamw,27,3000,0.029733452945947647,0.10638625455841333,mse
adamw,27,3050,0.030171215534210205,0.10795256850909081,mse
adamw,27,3100,0.02957618236541748,0.10582354063328503,mse
adamw,27,3150,0.026548108085989952,0.09498909494348948,mse
adamw,27,3200,0.0270757544785738,0.09687701302486067,mse
adamw,27,3250,0.03017565608024597,0.1079684567768207,mse
adamw,27,3300,0.026553362607955933,0.0950078956160004,mse
adamw,27,3350,0.02578270062804222,0.09225046809076018,mse
adamw,27,3400,0.0260832067579031,0.09332567861830506,mse
adamw,27,3450,0.02332562580704689,0.08345905769349911,mse
adamw,27,3500,0.024314643815159798,0.08699776279328116,mse
adamw,27,3550,0.02274840697646141,0.08139376949578422,mse
adamw,27,3600,0.029499927535653114,0.10555070095518346,mse
adamw,27,3650,0.02686605229973793,0.09612669891167498,mse
adamw,27,3700,0.023807711899280548,0.08518396108163488,mse
adamw,27,3750,0.024365391582250595,0.0871793382355215,mse
adamw,27,3800,0.020877420902252197,0.07469938384444683,mse
adamw,27,3850,0.020305151119828224,0.07265180333438225,mse
adamw,27,3900,0.020380031317472458,0.07291972458061105,mse
adamw,27,3950,0.018897829577326775,0.06761640875245215,mse
adamw,27,4000,0.01998785510659218,0.07151651862675462,mse
adamw,27,4050,0.020373009145259857,0.07289459925790061,mse
adamw,27,4100,0.020621586591005325,0.07378400902368301,mse
adamw,27,4150,0.0173493605107069,0.06207598851950029,mse
adamw,27,4200,0.021722866222262383,0.07772438605974052,mse
adamw,27,4250,0.021063074469566345,0.07536365205802652,mse
adamw,27,4300,0.023339983075857162,0.08351042798194794,mse
adamw,27,4350,0.0206505935639143,0.07388779593364846,mse
adamw,27,4400,0.018046699464321136,0.0645710663554841,mse
adamw,27,4450,0.023587673902511597,0.08439666542581784,mse
adamw,27,4500,0.015040691010653973,0.0538155721605133,mse
adamw,27,4550,0.018853595480322838,0.06745813921300185,mse
adamw,27,4600,0.022113610059022903,0.07912246698092736,mse
adamw,27,4650,0.01758739724755287,0.0629276836430497,mse
adamw,27,4700,0.020670050755143166,0.07395741373763608,mse
adamw,27,4750,0.021840715780854225,0.07814605162151501,mse
adamw,27,4800,0.023504817858338356,0.08410020661146009,mse
adamw,27,4850,0.014300711452960968,0.051167926300617325,mse
adamw,27,4900,0.019826576113700867,0.0709394626076017,mse
adamw,27,4950,0.01916423812508583,0.06856961817720196,mse
adamw,27,5000,0.021250944584608078,0.07603585107638748,mse
adamw,28,1,0.16051597893238068,1.0,huber
adamw,28,50,0.02510584332048893,0.1564071283586357,huber
adamw,28,100,0.024917561560869217,0.1552341500615714,huber
adamw,28,150,0.02512367255985737,0.15651820290390545,huber
adamw,28,200,0.023968450725078583,0.14932127557952088,huber
adamw,28,250,0.025295138359069824,0.1575864192917872,huber
adamw,28,300,0.024594299495220184,0.15322025669220654,huber
adamw,28,350,0.02465885505080223,0.15362243195233588,huber
adamw,28,400,0.024908605962991714,0.15517835749850656,huber
adamw,28,450,0.023515993729233742,0.14650250950492688,huber
adamw,28,500,0.02281728759407997,0.1421496336118165,huber
adamw,28,550,0.025374172255396843,0.1580787933024788,huber
adamw,28,600,0.023204850032925606,0.14456411247817846,huber
adamw,28,650,0.024436363950371742,0.15223633256266567,huber
adamw,28,700,0.024700120091438293,0.15387950941534315,huber
adamw,28,750,0.0230996273458004,0.14390858467449774,huber
adamw,28,800,0.02414816804230213,0.15044089817671574,huber
adamw,28,850,0.02374965324997902,0.1479581871408818,huber
adamw,28,900,0.02321980893611908,0.14465730508923794,huber
adamw,28,950,0.022529281675815582,0.14035538284513294,huber
adamw,28,1000,0.023601122200489044,0.1470328521650253,huber
adamw,28,1050,0.022092048078775406,0.1376314571652829,huber
adamw,28,1100,0.022579781711101532,0.1406699934877732,huber
adamw,28,1150,0.021672431379556656,0.1350172831621108,huber
adamw,28,1200,0.02211584709584713,0.13777972288455906,huber
adamw,28,1250,0.023526102304458618,0.14656548501236302,huber
adamw,28,1300,0.022078238427639008,0.13754542429037384,huber
adamw,28,1350,0.021173570305109024,0.1319094238837658,huber
adamw,28,1400,0.02209945023059845,0.13767757190022878,huber
adamw,28,1450,0.02192617580294609,0.13659808792109576,huber
adamw,28,1500,0.020699141547083855,0.12895377572225145,huber
adamw,28,1550,0.02044626884162426,0.12737840168695916,huber
adamw,28,1600,0.024306755512952805,0.15142888374491567,huber
adamw,28,1650,0.020513860508799553,0.12779949164712923,huber
adamw,28,1700,0.020950797945261,0.13052157227341699,huber
adamw,28,1750,0.019179634749889374,0.11948738609985383,huber
adamw,28,1800,0.019273143261671066,0.1200699356528867,huber
adamw,28,1850,0.01833580993115902,0.11423043396123948,huber
adamw,28,1900,0.018384942784905434,0.11453652718680622,huber
adamw,28,1950,0.017563138157129288,0.10941675884198404,huber
adamw,28,2000,0.016782835125923157,0.10455554168219683,huber
adamw,28,2050,0.01742273010313511,0.10854202939181928,huber
adamw,28,2100,0.016722938045859337,0.104182388302314,huber
adamw,28,2150,0.0165620855987072,0.10318029213580152,huber
adamw,28,2200,0.0162782222032547,0.10141184891076857,huber
adamw,28,2250,0.01599932834506035,0.09967436545242803,huber
adamw,28,2300,0.015664689242839813,0.09758959417640754,huber
adamw,28,2350,0.01526213251054287,0.09508170222088749,huber
adamw,28,2400,0.015429353341460228,0.09612347284104364,huber
adamw,28,2450,0.015235918574035168,0.09491839177240718,huber
adamw,28,2500,0.014372888952493668,0.08954179545295253,huber
adamw,28,2550,0.01423051580786705,0.08865482366625836,huber
adamw,28,2600,0.01416679285466671,0.08825783544350214,huber
adamw,28,2650,0.013581665232777596,0.08461254339357105,huber
adamw,28,2700,0.01373901404440403,0.08559281222831877,huber
adamw,28,2750,0.013464747928082943,0.08388415918240223,huber
adamw,28,2800,0.012843690812587738,0.08001502964386056,huber
adamw,28,2850,0.012679168954491615,0.07899007337975288,huber
adamw,28,2900,0.012650320306420326,0.07881034891703478,huber
adamw,28,2950,0.012146852910518646,0.075673792673536,huber
adamw,28,3000,0.012052735313773155,0.07508744857638452,huber
adamw,28,3050,0.011478547006845474,0.07151030746715224,huber
adamw,28,3100,0.011852809228003025,0.0738419271828144,huber
adamw,28,3150,0.01160113513469696,0.07227402039259954,huber
adamw,28,3200,0.011095205321907997,0.06912212351508,huber
adamw,28,3250,0.011147446930408478,0.06944758400099517,huber
adamw,28,3300,0.010959148406982422,0.06827450126693678,huber
adamw,28,3350,0.011055288836359978,0.06887344742804175,huber
adamw,28,3400,0.010702220723032951,0.06667386508318522,huber
adamw,28,3450,0.010741019621491432,0.06691557870395083,huber
adamw,28,3500,0.01064726710319519,0.06633150901244843,huber
adamw,28,3550,0.010294772684574127,0.06413550073361186,huber
adamw,28,3600,0.010577131994068623,0.06589457363945286,huber
adamw,28,3650,0.010002745315432549,0.062316196692457186,huber
adamw,28,3700,0.009989413432776928,0.062233140271879664,huber
adamw,28,3750,0.009893383830785751,0.061634884555346735,huber
adamw,28,3800,0.009764069691300392,0.060829269187048514,huber
adamw,28,3850,0.00962519459426403,0.059964089919787744,huber
adamw,28,3900,0.00946702528744936,0.058978709474384855,huber
adamw,28,3950,0.00950385071337223,0.059208128540124,huber
adamw,28,4000,0.00955280289053917,0.05951309616697665,huber
adamw,28,4050,0.00917394831776619,0.057152866516989115,huber
adamw,28,4100,0.00926551129668951,0.057723295576652345,huber
adamw,28,4150,0.009377216920256615,0.05841921148676969,huber
adamw,28,4200,0.009335225448012352,0.05815760842068521,huber
adamw,28,4250,0.009223539382219315,0.05746181435372764,huber
adamw,28,4300,0.008877625688910484,0.05530680339712654,huber
adamw,28,4350,0.008919505402445793,0.05556771021658376,huber
adamw,28,4400,0.008875098079442978,0.055291056619239894,huber
adamw,28,4450,0.008907904848456383,0.05549543981667362,huber
adamw,28,4500,0.00903625600039959,0.0562950558598669,huber
adamw,28,4550,0.008803491480648518,0.054844953998985334,huber
adamw,28,4600,0.00869089923799038,0.05414351453229169,huber
adamw,28,4650,0.009033570066094398,0.05627832273259163,huber
adamw,28,4700,0.008788570761680603,0.05475199927219019,huber
adamw,28,4750,0.008699513971805573,0.05419718354314339,huber
adamw,28,4800,0.00844704918563366,0.05262435080804063,huber
adamw,28,4850,0.009039272554218769,0.05631384871674784,huber
adamw,28,4900,0.009108936414122581,0.056747848249798435,huber
adamw,28,4950,0.008644497953355312,0.05385443873470636,huber
adamw,28,5000,0.008592279627919197,0.05352912330017188,huber
adamw,29,1,0.17519411444664001,1.0,huber
adamw,29,50,0.027847252786159515,0.15895084646031948,huber
adamw,29,100,0.027416782453656197,0.1564937414721583,huber
adamw,29,150,0.02730233035981655,0.1558404541502574,huber
adamw,29,200,0.026417957618832588,0.15079249495495395,huber
adamw,29,250,0.026543185114860535,0.15150728778017802,huber
adamw,29,300,0.02650185488164425,0.15127137669750937,huber
adamw,29,350,0.027848804369568825,0.15895970282752228,huber
adamw,29,400,0.02528822422027588,0.14434402833765328,huber
adamw,29,450,0.0255257710814476,0.14569993496683445,huber
adamw,29,500,0.027008259668946266,0.15416191208393787,huber
adamw,29,550,0.024950839579105377,0.14241825222219331,huber
adamw,29,600,0.02567598968744278,0.14655737590581605,huber
adamw,29,650,0.025982948020100594,0.14830948004257521,huber
adamw,29,700,0.025500286370515823,0.14555446940132574,huber
adamw,29,750,0.025409728288650513,0.14503756800796933,huber
adamw,29,800,0.026113763451576233,0.14905616854800147,huber
adamw,29,850,0.02508477307856083,0.1431827385171724,huber
adamw,29,900,0.02452331781387329,0.13997797752128546,huber
adamw,29,950,0.024756841361522675,0.14131091926072106,huber
adamw,29,1000,0.02472364529967308,0.14112143765653337,huber
adamw,29,1050,0.025075403973460197,0.14312926009336674,huber
adamw,29,1100,0.02555251307785511,0.14585257706038865,huber
adamw,29,1150,0.025441190227866173,0.14521715131940097,huber
adamw,29,1200,0.024651162326335907,0.14070770815673758,huber
adamw,29,1250,0.024513209238648415,0.13992027823579975,huber
adamw,29,1300,0.02517370507121086,0.14369035826758997,huber
adamw,29,1350,0.02561209723353386,0.14619268069838443,huber
adamw,29,1400,0.025764960795640945,0.14706521892599506,huber
adamw,29,1450,0.025151457637548447,0.1435633709328117,huber
adamw,29,1500,0.02427932620048523,0.1385852845409378,huber
adamw,29,1550,0.02423430234193802,0.1383282904136555,huber
adamw,29,1600,0.025138627737760544,0.1434901384510675,huber
adamw,29,1650,0.024369947612285614,0.13910254741866984,huber
adamw,29,1700,0.024941232055425644,0.14236341291603236,huber
adamw,29,1750,0.026647023856639862,0.1520999945734816,huber
adamw,29,1800,0.025695640593767166,0.1466695423811937,huber
adamw,29,1850,0.024962887167930603,0.1424870193087092,huber
adamw,29,1900,0.024234706535935402,0.13833059753452345,huber
adamw,29,1950,0.024566650390625,0.14022531788935994,huber
adamw,29,2000,0.024887340143322945,0.1420558003442692,huber
adamw,29,2050,0.025326386094093323,0.14456185456964732,huber
adamw,29,2100,0.025134269148111343,0.1434652598205098,huber
adamw,29,2150,0.024804934859275818,0.14158543474832777,huber
adamw,29,2200,0.02463340014219284,0.14060632242126828,huber
adamw,29,2250,0.024424927309155464,0.13941636901617901,huber
adamw,29,2300,0.024065852165222168,0.1373667845020676,huber
adamw,29,2350,0.02476966381072998,0.14138410921489167,huber
adamw,29,2400,0.025885943323373795,0.14775578166615888,huber
adamw,29,2450,0.025795234367251396,0.147238019089437,huber
adamw,29,2500,0.025439605116844177,0.14520810357811695,huber
adamw,29,2550,0.025115326046943665,0.14335713346462445,huber
adamw,29,2600,0.02572033926844597,0.1468105212876873,huber
adamw,29,2650,0.025154106318950653,0.14357848948522753,huber
adamw,29,2700,0.024490581825375557,0.13979112199476776,huber
adamw,29,2750,0.02346658706665039,0.1339462067020394,huber
adamw,29,2800,0.024896908551454544,0.14211041638066874,huber
adamw,29,2850,0.025098390877246857,0.14326046828982508,huber
adamw,29,2900,0.02513006143271923,0.1434412423733176,huber
adamw,29,2950,0.025463707745075226,0.14534568027872233,huber
adamw,29,3000,0.024327635765075684,0.13886103332817898,huber
adamw,29,3050,0.024188444018363953,0.13806653319812967,huber
adamw,29,3100,0.024964163079857826,0.14249430215568867,huber
adamw,29,3150,0.02507489174604416,0.14312633632268154,huber
adamw,29,3200,0.025006741285324097,0.14273733660693583,huber
adamw,29,3250,0.025346942245960236,0.1446791881452177,huber
adamw,29,3300,0.025009561330080032,0.14275343329354453,huber
adamw,29,3350,0.024112578481435776,0.13763349617991819,huber
adamw,29,3400,0.025610655546188354,0.14618445161289226,huber
adamw,29,3450,0.025063568726181984,0.14306170504269852,huber
adamw,29,3500,0.02452118694782257,0.13996581463523505,huber
adamw,29,3550,0.02480396069586277,0.1415798742680792,huber
adamw,29,3600,0.024418674409389496,0.1393806777500328,huber
adamw,29,3650,0.024349987506866455,0.13898861604898768,huber
adamw,29,3700,0.024073679000139236,0.13741145971813745,huber
adamw,29,3750,0.02447892539203167,0.139724587605866,huber
adamw,29,3800,0.025175923481583595,0.14370302085263023,huber
adamw,29,3850,0.02418341115117073,0.1380378058221609,huber
adamw,29,3900,0.024150609970092773,0.13785057817937416,huber
adamw,29,3950,0.0252760648727417,0.14427462333753335,huber
adamw,29,4000,0.023869987577199936,0.13624879838340784,huber
adamw,29,4050,0.024822136387228966,0.14168362028388345,huber
adamw,29,4100,0.02413555607199669,0.1377646512169095,huber
adamw,29,4150,0.024564087390899658,0.14021068840404052,huber
adamw,29,4200,0.02533404529094696,0.1446055729153111,huber
adamw,29,4250,0.02490267902612686,0.14214335398642416,huber
adamw,29,4300,0.024906180799007416,0.14216334194601754,huber
adamw,29,4350,0.02357105165719986,0.13454248581152561,huber
adamw,29,4400,0.024447966367006302,0.13954787490565257,huber
adamw,29,4450,0.024644391611218452,0.14066906122422596,huber
adamw,29,4500,0.024053126573562622,0.13729414740635384,huber
adamw,29,4550,0.024921730160713196,0.1422520969921268,huber
adamw,29,4600,0.024470370262861252,0.13967575531947649,huber
adamw,29,4650,0.02488745003938675,0.14205642762597986,huber
adamw,29,4700,0.024505186825990677,0.13987448667092284,huber
adamw,29,4750,0.02394254505634308,0.13666295315893967,huber
adamw,29,4800,0.024756595492362976,0.14130951585079218,huber
adamw,29,4850,0.024116922169923782,0.13765828975532865,huber
adamw,29,4900,0.02519197389483452,0.14379463587806426,huber
adamw,29,4950,0.025191210210323334,0.14379027680176995,huber
adamw,29,5000,0.024585643783211708,0.14033373130636712,huber
adamw,30,1,0.7988618612289429,1.0,mse
adamw,30,50,0.10749635845422745,0.1345618856917998,mse
adamw,30,100,0.06947474926710129,0.08696716245812963,mse
adamw,30,150,0.05859867483377457,0.07335270048269457,mse
adamw,30,200,0.05460153892636299,0.06834916219728625,mse
adamw,30,250,0.052777890115976334,0.06606635349293626,mse
adamw,30,300,0.053567372262477875,0.06705461214542348,mse
adamw,30,350,0.05082850903272629,0.06362615553399105,mse
adamw,30,400,0.05141344293951988,0.06435836461190816,mse
adamw,30,450,0.05289521440863609,0.06621321779871157,mse
adamw,30,500,0.05058310925960541,0.06331896879116249,mse
adamw,30,550,0.05272301286458969,0.06599765919915408,mse
adamw,30,600,0.05165056884288788,0.06465519428281423,mse
adamw,30,650,0.050425317138433456,0.06312144763158527,mse
adamw,30,700,0.05347730591893196,0.06694186881905242,mse
adamw,30,750,0.0495653860270977,0.06204500231222447,mse
adamw,30,800,0.04829207807779312,0.06045109977274691,mse
adamw,30,850,0.05110931396484375,0.06397766177774322,mse
adamw,30,900,0.048744648694992065,0.06101761901613991,mse
adamw,30,950,0.04859893023967743,0.06083521144057926,mse
adamw,30,1000,0.050055649131536484,0.06265870429029184,mse
adamw,30,1050,0.0513019934296608,0.06421885424689006,mse
adamw,30,1100,0.04664932191371918,0.05839472902355783,mse
adamw,30,1150,0.051672570407390594,0.06468273542048836,mse
adamw,30,1200,0.047569260001182556,0.05954628992802782,mse
adamw,30,1250,0.05147706717252731,0.06443800821000102,mse
adamw,30,1300,0.04845475032925606,0.060654729786092,mse
adamw,30,1350,0.05069827288389206,0.06346312841359018,mse
adamw,30,1400,0.050054311752319336,0.0626570301845646,mse
adamw,30,1450,0.0497673824429512,0.06229785756249609,mse
adamw,30,1500,0.04890783131122589,0.0612218878943447,mse
adamw,30,1550,0.04820753261446953,0.06034526737865373,mse
adamw,30,1600,0.04980938881635666,0.06235044033737138,mse
adamw,30,1650,0.048722147941589355,0.06098945300334754,mse
adamw,30,1700,0.05178798362612724,0.06482720748047517,mse
adamw,30,1750,0.04828367754817009,0.06044058415042128,mse
adamw,30,1800,0.04765754193067551,0.059656799559013506,mse
adamw,30,1850,0.04941286891698837,0.06185408431061315,mse
adamw,30,1900,0.04811618849635124,0.060230924558509875,mse
adamw,30,1950,0.047624439001083374,0.059615361944829234,mse
adamw,30,2000,0.04898723587393761,0.06132128500736942,mse
adamw,30,2050,0.04701786860823631,0.0588560687274588,mse
adamw,30,2100,0.050607938319444656,0.06335004933342427,mse
adamw,30,2150,0.04966025799512863,0.06216376122742037,mse
adamw,30,2200,0.048681121319532394,0.060938096662472976,mse
adamw,30,2250,0.0487590916454792,0.061035698425344544,mse
adamw,30,2300,0.04880359768867493,0.061091410239058196,mse
adamw,30,2350,0.04819601774215698,0.06033085328170982,mse
adamw,30,2400,0.04935745894908905,0.061784723172488364,mse
adamw,30,2450,0.04880216345191002,0.06108961488890504,mse
adamw,30,2500,0.04643462970852852,0.05812598142699541,mse
adamw,30,2550,0.048984430730342865,0.06131777358226468,mse
adamw,30,2600,0.0495651513338089,0.06204470852765395,mse
adamw,30,2650,0.04981385916471481,0.062356036233952646,mse
adamw,30,2700,0.05026950687170029,0.06292640731949242,mse
adamw,30,2750,0.0501580610871315,0.06278690161772148,mse
adamw,30,2800,0.048343077301979065,0.060514939626244844,mse
adamw,30,2850,0.04839857667684555,0.060584412682301254,mse
adamw,30,2900,0.05050039291381836,0.06321542605142047,mse
adamw,30,2950,0.048194289207458496,0.06032868953503173,mse
adamw,30,3000,0.04878440499305725,0.061067385189735965,mse
adamw,30,3050,0.0463847741484642,0.05806357319037285,mse
adamw,30,3100,0.04542309790849686,0.05685976526482245,mse
adamw,30,3150,0.04755662381649017,0.05953047219369144,mse
adamw,30,3200,0.047957297414541245,0.0600320277410231,mse
adamw,30,3250,0.046294502913951874,0.057950573385408495,mse
adamw,30,3300,0.04673024266958237,0.05849602407817303,mse
adamw,30,3350,0.04937809705734253,0.061810557561705205,mse
adamw,30,3400,0.04718312621116638,0.05906293503432672,mse
adamw,30,3450,0.04494153708219528,0.056256956632099946,mse
adamw,30,3500,0.04922366142272949,0.061617237987811095,mse
adamw,30,3550,0.04678651690483093,0.058566467089636864,mse
adamw,30,3600,0.04778624698519707,0.05981791008483529,mse
adamw,30,3650,0.04509340971708298,0.05644706789195413,mse
adamw,30,3700,0.046971000730991364,0.05879740041505138,mse
adamw,30,3750,0.04711569845676422,0.058978530260892635,mse
adamw,30,3800,0.04339182376861572,0.0543170551437556,mse
adamw,30,3850,0.048576727509498596,0.06080741848755898,mse
adamw,30,3900,0.04446401819586754,0.05565920762253633,mse
adamw,30,3950,0.0463220588862896,0.05798506742458485,mse
adamw,30,4000,0.04440879076719284,0.05559007498352195,mse
adamw,30,4050,0.046033404767513275,0.0576237357190854,mse
adamw,30,4100,0.04558583348989487,0.05706347455336911,mse
adamw,30,4150,0.045086570084095,0.056438506170184796,mse
adamw,30,4200,0.044934727251529694,0.05624843221630781,mse
adamw,30,4250,0.0461077056825161,0.05771674418351318,mse
adamw,30,4300,0.04475034400820732,0.056017624798566375,mse
adamw,30,4350,0.04432028532028198,0.055479285557707196,mse
adamw,30,4400,0.04806414246559143,0.06016577433256249,mse
adamw,30,4450,0.04601479694247246,0.05760044279956588,mse
adamw,30,4500,0.04517735540866852,0.05655214950325599,mse
adamw,30,4550,0.04375114291906357,0.0547668439844634,mse
adamw,30,4600,0.041204068809747696,0.051578465326108706,mse
adamw,30,4650,0.04862441495060921,0.06086711271433963,mse
adamw,30,4700,0.04418765753507614,0.05531326463263536,mse
adamw,30,4750,0.044598355889320374,0.055827368978050504,mse
adamw,30,4800,0.04545865207910538,0.05690427129563211,mse
adamw,30,4850,0.04705177992582321,0.058898518266274846,mse
adamw,30,4900,0.04816638305783272,0.060293757150623184,mse
adamw,30,4950,0.045253343880176544,0.056647270418643196,mse
adamw,30,5000,0.046391457319259644,0.05807193905576184,mse
adamw,31,1,0.1539883315563202,1.0,huber
adamw,31,50,0.026458129286766052,0.17181905290719493,huber
adamw,31,100,0.025143282487988472,0.1632804397182035,huber
adamw,31,150,0.023983899503946304,0.15575140831481998,huber
adamw,31,200,0.02540569007396698,0.16498451419791518,huber
adamw,31,250,0.025428853929042816,0.16513494023891273,huber
adamw,31,300,0.02487885393202305,0.16156324106235137,huber
adamw,31,350,0.024725209921598434,0.16056547708327729,huber
adamw,31,400,0.025134004652500153,0.1632201894681063,huber
adamw,31,450,0.02485259622335434,0.16139272354064482,huber
adamw,31,500,0.025512123480439186,0.16567569258394296,huber
adamw,31,550,0.02519267424941063,0.16360118974466958,huber
adamw,31,600,0.025306761264801025,0.1643420706558227,huber
adamw,31,650,0.0254764836281538,0.16544424743530617,huber
adamw,31,700,0.025127606466412544,0.16317863965700732,huber
adamw,31,750,0.025239193812012672,0.16390328771619692,huber
adamw,31,800,0.024792509153485298,0.16100251819676095,huber
adamw,31,850,0.02602227032184601,0.16898858542621809,huber
adamw,31,900,0.024282313883304596,0.15768931085809904,huber
adamw,31,950,0.025783849880099297,0.1674402834260791,huber
adamw,31,1000,0.02432139962911606,0.15794313363425638,huber
adamw,31,1050,0.025066129863262177,0.16277941068602597,huber
adamw,31,1100,0.02410123310983181,0.15651337257990192,huber
adamw,31,1150,0.025250036269426346,0.16397369861878994,huber
adamw,31,1200,0.02365773543715477,0.15363329934191872,huber
adamw,31,1250,0.025598691776394844,0.1662378669713185,huber
adamw,31,1300,0.025052053853869438,0.16268800110160828,huber
adamw,31,1350,0.025385141372680664,0.1648510709618035,huber
adamw,31,1400,0.024262405931949615,0.1575600286511047,huber
adamw,31,1450,0.02500985562801361,0.16241396588459317,huber
adamw,31,1500,0.023111660033464432,0.15008708646870103,huber
adamw,31,1550,0.02475569397211075,0.1607634404627374,huber
adamw,31,1600,0.024834368377923965,0.1612743519390686,huber
adamw,31,1650,0.02477901428937912,0.16091488256898454,huber
adamw,31,1700,0.02539145201444626,0.1648920522602033,huber
adamw,31,1750,0.02448795735836029,0.15902475928446555,huber
adamw,31,1800,0.02523702383041382,0.1638891958588664,huber
adamw,31,1850,0.02528461441397667,0.16419824903894742,huber
adamw,31,1900,0.02402472496032715,0.15601652876887148,huber
adamw,31,1950,0.024026628583669662,0.15602889089607472,huber
adamw,31,2000,0.022990677505731583,0.14930142611047706,huber
adamw,31,2050,0.024756453931331635,0.1607683756368068,huber
adamw,31,2100,0.024194465950131416,0.1571188265085037,huber
adamw,31,2150,0.02618471160531044,0.17004347888355137,huber
adamw,31,2200,0.024184957146644592,0.15705707635256186,huber
adamw,31,2250,0.025797858834266663,0.16753125755396128,huber
adamw,31,2300,0.024765005335211754,0.16082390844110236,huber
adamw,31,2350,0.023756597191095352,0.1542753074274757,huber
adamw,31,2400,0.024594705551862717,0.15971798189700737,huber
adamw,31,2450,0.025242716073989868,0.16392616128032736,huber
adamw,31,2500,0.025340767577290535,0.16456290759941328,huber
adamw,31,2550,0.023879962041974068,0.15507643858872602,huber
adamw,31,2600,0.02488088607788086,0.16157643781458106,huber
adamw,31,2650,0.02443428337574005,0.15867620051979964,huber
adamw,31,2700,0.025077182799577713,0.16285118843829996,huber
adamw,31,2750,0.02512570098042488,0.16316626543378923,huber
adamw,31,2800,0.023974180221557617,0.15568829130919717,huber
adamw,31,2850,0.026111483573913574,0.16956793615471752,huber
adamw,31,2900,0.02422158420085907,0.15729493238908293,huber
adamw,31,2950,0.024780334904789925,0.1609234586435316,huber
adamw,31,3000,0.024515867233276367,0.15920600597136708,huber
adamw,31,3050,0.024559736251831055,0.15949089131372593,huber
adamw,31,3100,0.023218723013997078,0.15078235330775688,huber
adamw,31,3150,0.025181040167808533,0.16352563803575426,huber
adamw,31,3200,0.023819809779524803,0.15468580988432146,huber
adamw,31,3250,0.024740230292081833,0.16066301934723712,huber
adamw,31,3300,0.025482701137661934,0.16548462393296215,huber
adamw,31,3350,0.024631023406982422,0.15995382999505903,huber
adamw,31,3400,0.025256074965000153,0.16401291389901781,huber
adamw,31,3450,0.02329295501112938,0.15126441578860889,huber
adamw,31,3500,0.024012301117181778,0.15593584834964877,huber
adamw,31,3550,0.02463749796152115,0.15999587574276788,huber
adamw,31,3600,0.02526681497693062,0.16408265952079265,huber
adamw,31,3650,0.025616535916924477,0.1663537467938303,huber
adamw,31,3700,0.025400374084711075,0.16494999217145917,huber
adamw,31,3750,0.025280974805355072,0.16417461342587977,huber
adamw,31,3800,0.02381417714059353,0.15464923153533652,huber
adamw,31,3850,0.02364703081548214,0.15356378354442654,huber
adamw,31,3900,0.025291182100772858,0.1642408995874001,huber
adamw,31,3950,0.025811050087213516,0.1676169215313129,huber
adamw,31,4000,0.02355896309018135,0.15299187186507582,huber
adamw,31,4050,0.024365119636058807,0.15822705129542514,huber
adamw,31,4100,0.02479476109147072,0.16101714227874597,huber
adamw,31,4150,0.022973567247390747,0.1491903121178264,huber
adamw,31,4200,0.02373439259827137,0.15413111083413925,huber
adamw,31,4250,0.024626584723591805,0.1599250051916096,huber
adamw,31,4300,0.024067725986242294,0.1562957773682981,huber
adamw,31,4350,0.024015765637159348,0.15595834693731805,huber
adamw,31,4400,0.024250410497188568,0.15748213031530342,huber
adamw,31,4450,0.02487373724579811,0.16153001330948707,huber
adamw,31,4500,0.024700939655303955,0.1604078660094434,huber
adamw,31,4550,0.023014983162283897,0.14945926700859358,huber
adamw,31,4600,0.023511335253715515,0.1526825767646973,huber
adamw,31,4650,0.023367665708065033,0.151749586945284,huber
adamw,31,4700,0.023292548954486847,0.15126177885736591,huber
adamw,31,4750,0.02335866168141365,0.15169111480937358,huber
adamw,31,4800,0.022490262985229492,0.14605173494592888,huber
adamw,31,4850,0.024924054741859436,0.1618567750553465,huber
adamw,31,4900,0.023194994777441025,0.1506282621742519,huber
adamw,31,4950,0.023388437926769257,0.15188448170318083,huber
adamw,31,5000,0.022739319130778313,0.14766910519100962,huber
adamw,32,1,0.2862733006477356,1.0,mse
adamw,32,50,0.05242381617426872,0.1831250628530572,mse
adamw,32,100,0.05105093494057655,0.17832936157534174,mse
adamw,32,150,0.047370512038469315,0.1654730354919112,mse
adamw,32,200,0.04968566074967384,0.17356023295659323,mse
adamw,32,250,0.048187561333179474,0.16832712385034862,mse
adamw,32,300,0.04984864592552185,0.17412956713997405,mse
adamw,32,350,0.0496048778295517,0.17327804485194162,mse
adamw,32,400,0.050984758883714676,0.1780981976606066,mse
adamw,32,450,0.04948987811803818,0.17287633183415996,mse
adamw,32,500,0.049620334059000015,0.17333203601847147,mse
adamw,32,550,0.05070818215608597,0.17713206939435575,mse
adamw,32,600,0.04889458045363426,0.17079685860680355,mse
adamw,32,650,0.050136223435401917,0.17513412295858996,mse
adamw,32,700,0.05161023885011673,0.18028310266217962,mse
adamw,32,750,0.05033848434686661,0.17584065378422772,mse
adamw,32,800,0.05184532701969147,0.18110430453131243,mse
adamw,32,850,0.050793252885341644,0.17742923552568268,mse
adamw,32,900,0.049297526478767395,0.172204415735678,mse
adamw,32,950,0.05036774277687073,0.17594285832072454,mse
adamw,32,1000,0.05007663369178772,0.17492596612566363,mse
adamw,32,1050,0.048538025468587875,0.16955135305585056,mse
adamw,32,1100,0.049168992787599564,0.1717554262879125,mse
adamw,32,1150,0.05110713467001915,0.17852567652792528,mse
adamw,32,1200,0.050115615129470825,0.17506213473655016,mse
adamw,32,1250,0.04811600595712662,0.1680771690837289,mse
adamw,32,1300,0.0478489026427269,0.1671441330171612,mse
adamw,32,1350,0.050083011388778687,0.17494824447637444,mse
adamw,32,1400,0.04936812072992325,0.1724510131340247,mse
adamw,32,1450,0.04875781387090683,0.17031911030677704,mse
adamw,32,1500,0.04851091653108597,0.1694566570522744,mse
adamw,32,1550,0.048388950526714325,0.16903060962104108,mse
adamw,32,1600,0.04872526973485947,0.17020542825548646,mse
adamw,32,1650,0.046811480075120926,0.1635202443581118,mse
adamw,32,1700,0.04756235331296921,0.1661431688018141,mse
adamw,32,1750,0.0504864826798439,0.17635763644604924,mse
adamw,32,1800,0.04791326820850372,0.16736897258700997,mse
adamw,32,1850,0.04922890663146973,0.1719647152566518,mse
adamw,32,1900,0.047943681478500366,0.16747521117065653,mse
adamw,32,1950,0.04717830568552017,0.16480162690258676,mse
adamw,32,2000,0.05031726509332657,0.17576653142111517,mse
adamw,32,2050,0.05198259279131889,0.18158379658075205,mse
adamw,32,2100,0.04676055163145065,0.16334234287880847,mse
adamw,32,2150,0.0470895953476429,0.16449174701621053,mse
adamw,32,2200,0.04884236305952072,0.17061445461035893,mse
adamw,32,2250,0.046597741544246674,0.16277362030902778,mse
adamw,32,2300,0.047463856637477875,0.16579910361910766,mse
adamw,32,2350,0.048284679651260376,0.16866637420258598,mse
adamw,32,2400,0.04888031259179115,0.17074701860492136,mse
adamw,32,2450,0.04808233678340912,0.16795955708973115,mse
adamw,32,2500,0.04745904356241226,0.165782290751632,mse
adamw,32,2550,0.046021804213523865,0.1607617759301784,mse
adamw,32,2600,0.04631389304995537,0.16178209055878892,mse
adamw,32,2650,0.04898098111152649,0.17109867039888033,mse
adamw,32,2700,0.04643373563885689,0.16220072054848883,mse
adamw,32,2750,0.04931485652923584,0.17226495246903464,mse
adamw,32,2800,0.04444185644388199,0.15524275698546014,mse
adamw,32,2850,0.0472203865647316,0.16494862237550098,mse
adamw,32,2900,0.04730597138404846,0.1652475843084623,mse
adamw,32,2950,0.047385409474372864,0.16552507470014277,mse
adamw,32,3000,0.04372897744178772,0.15275255269298413,mse
adamw,32,3050,0.04704055190086365,0.16432043014290001,mse
adamw,32,3100,0.046157173812389374,0.16123464433445925,mse
adamw,32,3150,0.04445464536547661,0.15528743080437962,mse
adamw,32,3200,0.0456702895462513,0.1595338770430757,mse
adamw,32,3250,0.04529421031475067,0.15822017006918157,mse
adamw,32,3300,0.04548710212111473,0.15889397306068517,mse
adamw,32,3350,0.044333115220069885,0.154862905900619,mse
adamw,32,3400,0.044078290462493896,0.15397276086439168,mse
adamw,32,3450,0.04384063929319382,0.15314260601319754,mse
adamw,32,3500,0.04362865537405014,0.15240211111317006,mse
adamw,32,3550,0.04417033866047859,0.1542943004483362,mse
adamw,32,3600,0.04613273963332176,0.16114929170460407,mse
adamw,32,3650,0.045994848012924194,0.1606676134618704,mse
adamw,32,3700,0.04553176090121269,0.15904997356788203,mse
adamw,32,3750,0.04533309489488602,0.15835600034062974,mse
adamw,32,3800,0.048027314245700836,0.1677673542626293,mse
adamw,32,3850,0.045496951788663864,0.15892837957895584,mse
adamw,32,3900,0.04542193189263344,0.15866632267088693,mse
adamw,32,3950,0.04366963356733322,0.15254525472170904,mse
adamw,32,4000,0.04249408096075058,0.1484388549843854,mse
adamw,32,4050,0.04281661659479141,0.14956552531414036,mse
adamw,32,4100,0.044538021087646484,0.15557867599553518,mse
adamw,32,4150,0.04184423387050629,0.14616883158795296,mse
adamw,32,4200,0.045976027846336365,0.16060187150638502,mse
adamw,32,4250,0.045283444225788116,0.15818256233930178,mse
adamw,32,4300,0.044720761477947235,0.1562170184112871,mse
adamw,32,4350,0.043178945779800415,0.15083120110084203,mse
adamw,32,4400,0.04149927198886871,0.14496382266516117,mse
adamw,32,4450,0.04307173192501068,0.15045668536868276,mse
adamw,32,4500,0.04693564400076866,0.1639539694919849,mse
adamw,32,4550,0.04301734268665314,0.15026669476098556,mse
adamw,32,4600,0.04616182669997215,0.16125089764055608,mse
adamw,32,4650,0.045759495347738266,0.15984548766580975,mse
adamw,32,4700,0.045054104179143906,0.1573814396145304,mse
adamw,32,4750,0.04350864142179489,0.15198288252292536,mse
adamw,32,4800,0.04018998518586159,0.14039026725484288,mse
adamw,32,4850,0.046196144074201584,0.16137077390617982,mse
adamw,32,4900,0.04205005243420601,0.14688778988142295,mse
adamw,32,4950,0.04206577688455582,0.14694271798793596,mse
adamw,32,5000,0.04267112538218498,0.14905730043855037,mse
adamw,33,1,0.3717689514160156,1.0,huber
adamw,33,50,0.03983169049024582,0.10714098188816606,huber
adamw,33,100,0.0304971132427454,0.08203243742272233,huber
adamw,33,150,0.0264970064163208,0.07127277927701448,huber
adamw,33,200,0.026439037173986435,0.07111685113370513,huber
adamw,33,250,0.025244832038879395,0.06790462716890526,huber
adamw,33,300,0.025589555501937866,0.06883187905948264,huber
adamw,33,350,0.025694016367197037,0.06911286235532081,huber
adamw,33,400,0.02586696483194828,0.06957806652068348,huber
adamw,33,450,0.025073960423469543,0.06744500940158224,huber
adamw,33,500,0.02529885619878769,0.06804994366105052,huber
adamw,33,550,0.025416245684027672,0.06836570291096329,huber
adamw,33,600,0.024561788886785507,0.06606734853255795,huber
adamw,33,650,0.025482051074504852,0.0685427090601496,huber
adamw,33,700,0.02589385397732258,0.06965039409207394,huber
adamw,33,750,0.02549908310174942,0.06858852253429717,huber
adamw,33,800,0.026173245161771774,0.07040191242996911,huber
adamw,33,850,0.025534458458423615,0.06868367667920211,huber
adamw,33,900,0.02445695549249649,0.06578536319222837,huber
adamw,33,950,0.025263745337724686,0.06795550096773449,huber
adamw,33,1000,0.02518242597579956,0.06773676467570314,huber
adamw,33,1050,0.02444390393793583,0.06575025656347158,huber
adamw,33,1100,0.02464231476187706,0.06628395046982259,huber
adamw,33,1150,0.025610124692320824,0.06888720694607622,huber
adamw,33,1200,0.025252381339669228,0.06792493360052382,huber
adamw,33,1250,0.024231448769569397,0.06517878557979416,huber
adamw,33,1300,0.02402813732624054,0.06463190977815857,huber
adamw,33,1350,0.025245700031518936,0.06790696193257026,huber
adamw,33,1400,0.024899881333112717,0.06697676403118812,huber
adamw,33,1450,0.02467390149831772,0.06636891382224981,huber
adamw,33,1500,0.02461564540863037,0.06621221410468206,huber
adamw,33,1550,0.024098774418234825,0.06482191244439856,huber
adamw,33,1600,0.024551179260015488,0.0660388103054424,huber
adamw,33,1650,0.023629680275917053,0.06356012299013925,huber
adamw,33,1700,0.02395980805158615,0.06444811477754292,huber
adamw,33,1750,0.025392279028892517,0.06830123637860801,huber
adamw,33,1800,0.024424966424703598,0.06569931763175041,huber
adamw,33,1850,0.024757008999586105,0.06659245992783996,huber
adamw,33,1900,0.024146385490894318,0.06494997874062407,huber
adamw,33,1950,0.02423354610800743,0.06518442709028084,huber
adamw,33,2000,0.025080667808651924,0.0674630512126502,huber
adamw,33,2050,0.02606380358338356,0.07010753179928071,huber
adamw,33,2100,0.02407638356089592,0.06476168456024195,huber
adamw,33,2150,0.024046003818511963,0.06467996783196692,huber
adamw,33,2200,0.0249805711209774,0.06719380686802898,huber
adamw,33,2250,0.023639367893338203,0.06358618115713853,huber
adamw,33,2300,0.024133985862135887,0.06491662568972727,huber
adamw,33,2350,0.02439584583044052,0.06562098781385636,huber
adamw,33,2400,0.024980053305625916,0.0671924140261859,huber
adamw,33,2450,0.02533131279051304,0.0681372467873652,huber
adamw,33,2500,0.024639558047056198,0.0662765353405861,huber
adamw,33,2550,0.023365860804915428,0.06285049011198529,huber
adamw,33,2600,0.02394772507250309,0.06441561346446381,huber
adamw,33,2650,0.0249357670545578,0.06707329097704628,huber
adamw,33,2700,0.02381362020969391,0.06405489247822116,huber
adamw,33,2750,0.025257404893636703,0.06793844617049058,huber
adamw,33,2800,0.023512747138738632,0.06324559124472845,huber
adamw,33,2850,0.02439718320965767,0.06562458515358055,huber
adamw,33,2900,0.023950545117259026,0.06442319894126385,huber
adamw,33,2950,0.02410980686545372,0.06485158799201186,huber
adamw,33,3000,0.022735759615898132,0.06115561702853566,huber
adamw,33,3050,0.024240288883447647,0.06520256409557548,huber
adamw,33,3100,0.024209290742874146,0.0651191839734447,huber
adamw,33,3150,0.023437270894646645,0.06304257202054496,huber
adamw,33,3200,0.0240990798920393,0.06482273412088152,huber
adamw,33,3250,0.023781519383192062,0.06396854630439579,huber
adamw,33,3300,0.023505553603172302,0.06322624176559918,huber
adamw,33,3350,0.024189934134483337,0.06506711774167069,huber
adamw,33,3400,0.023412495851516724,0.06297593105164329,huber
adamw,33,3450,0.023381171748042107,0.06289167414058251,huber
adamw,33,3500,0.02381029725074768,0.06404595424135773,huber
adamw,33,3550,0.025057345628738403,0.06740031821726505,huber
adamw,33,3600,0.02402496710419655,0.06462338237953662,huber
adamw,33,3650,0.024119293317198753,0.06487710505498578,huber
adamw,33,3700,0.02560609206557274,0.06887635981445663,huber
adamw,33,3750,0.02446342259645462,0.06580275868459937,huber
adamw,33,3800,0.024305902421474457,0.06537905419184871,huber
adamw,33,3850,0.023571742698550224,0.06340428002061166,huber
adamw,33,3900,0.02375665493309498,0.06390166484481617,huber
adamw,33,3950,0.023179862648248672,0.06235018432808828,huber
adamw,33,4000,0.023028243333101273,0.061942352220081674,huber
adamw,33,4050,0.023633280768990517,0.06356980775014878,huber
adamw,33,4100,0.023871857672929764,0.06421154209356435,huber
adamw,33,4150,0.023800060153007507,0.0640184180587336,huber
adamw,33,4200,0.02479196898639202,0.06668649679313697,huber
adamw,33,4250,0.02347719669342041,0.06314996613891255,huber
adamw,33,4300,0.029896624386310577,0.08041721685589542,huber
adamw,33,4350,0.023602645844221115,0.06348740462139713,huber
adamw,33,4400,0.02391577512025833,0.06432967311865746,huber
adamw,33,4450,0.023552265018224716,0.06335188812437793,huber
adamw,33,4500,0.02418210357427597,0.06504605476646111,huber
adamw,33,4550,0.023513179272413254,0.06324675361633848,huber
adamw,33,4600,0.024959703907370567,0.06713767734584226,huber
adamw,33,4650,0.024390654638409615,0.06560702432386847,huber
adamw,33,4700,0.024203656241297722,0.06510402805051202,huber
adamw,33,4750,0.0234955083578825,0.06319922163588813,huber
adamw,33,4800,0.023745061829686165,0.06387048122024329,huber
adamw,33,4850,0.02394772693514824,0.06441561847468627,huber
adamw,33,4900,0.02295875921845436,0.06175545088154263,huber
adamw,33,4950,0.022510049864649773,0.06054849330185364,huber
adamw,33,5000,0.024061497300863266,0.06472164286236494,huber
adamw,34,1,0.4646591544151306,1.0,mse
adamw,34,50,0.06399483978748322,0.13772426342925262,mse
adamw,34,100,0.056181035935878754,0.12090805787867061,mse
adamw,34,150,0.05419040098786354,0.11662398227378806,mse
adamw,34,200,0.05069528520107269,0.10910209068168078,mse
adamw,34,250,0.054292481392621994,0.11684367105811201,mse
adamw,34,300,0.050545066595077515,0.10877880294578271,mse
adamw,34,350,0.05011036992073059,0.10784328565269488,mse
adamw,34,400,0.05427456274628639,0.11680510806808944,mse
adamw,34,450,0.05168430879712105,0.1112305833340923,mse
adamw,34,500,0.04868117719888687,0.10476749836159405,mse
adamw,34,550,0.051185883581638336,0.11015791488293462,mse
adamw,34,600,0.05199344456195831,0.1118958790931447,mse
adamw,34,650,0.04992704465985298,0.10744874858367197,mse
adamw,34,700,0.05287555232644081,0.11379427656600374,mse
adamw,34,750,0.04905389994382858,0.10556964062307786,mse
adamw,34,800,0.05239063501358032,0.11275067867655539,mse
adamw,34,850,0.048794228583574295,0.10501079795789646,mse
adamw,34,900,0.05135340243577957,0.11051843474475052,mse
adamw,34,950,0.04838988929986954,0.10414061326474498,mse
adamw,34,1000,0.050797440111637115,0.10932193981107759,mse
adamw,34,1050,0.0497773215174675,0.10712652714250842,mse
adamw,34,1100,0.049181945621967316,0.10584520966529314,mse
adamw,34,1150,0.04695294797420502,0.10104815008606682,mse
adamw,34,1200,0.0506301186978817,0.10896184486370476,mse
adamw,34,1250,0.04981185495853424,0.1072008470837785,mse
adamw,34,1300,0.049613237380981445,0.1067733991885513,mse
adamw,34,1350,0.04927908629179001,0.10605426757128654,mse
adamw,34,1400,0.04894192889332771,0.1053286660303319,mse
adamw,34,1450,0.04952143505215645,0.10657583000702825,mse
adamw,34,1500,0.046851787716150284,0.10083044156339269,mse
adamw,34,1550,0.04843497276306152,0.10423763806833189,mse
adamw,34,1600,0.050042130053043365,0.10769642560046344,mse
adamw,34,1650,0.050016529858112335,0.10764133103342913,mse
adamw,34,1700,0.049516916275024414,0.10656610507835935,mse
adamw,34,1750,0.05015256255865097,0.10793408906745486,mse
adamw,34,1800,0.04836506396532059,0.1040871862864684,mse
adamw,34,1850,0.04705596715211868,0.10126985921830879,mse
adamw,34,1900,0.05074851214885712,0.10921664120173116,mse
adamw,34,1950,0.04775281250476837,0.10276955065025058,mse
adamw,34,2000,0.04668198898434639,0.1004650151423473,mse
adamw,34,2050,0.04762387275695801,0.102492057467161,mse
adamw,34,2100,0.04805026203393936,0.10340969628462507,mse
adamw,34,2150,0.04891934618353844,0.10528006543874838,mse
adamw,34,2200,0.04797697067260742,0.1032519648364538,mse
adamw,34,2250,0.047096528112888336,0.10135715107597316,mse
adamw,34,2300,0.04740593954920769,0.10202304011179515,mse
adamw,34,2350,0.04838781803846359,0.10413615567171951,mse
adamw,34,2400,0.04804999381303787,0.10340911904236279,mse
adamw,34,2450,0.04803340509533882,0.10337341821189075,mse
adamw,34,2500,0.04767422378063202,0.10260041866739904,mse
adamw,34,2550,0.04758085682988167,0.10239948223934593,mse
adamw,34,2600,0.044623106718063354,0.09603406345072603,mse
adamw,34,2650,0.04751886427402496,0.10226606712147371,mse
adamw,34,2700,0.04735701158642769,0.10191774150244873,mse
adamw,34,2750,0.04731123149394989,0.10181921747243058,mse
adamw,34,2800,0.04569946974515915,0.09835052061479636,mse
adamw,34,2850,0.045458950102329254,0.09783289465059333,mse
adamw,34,2900,0.04579431191086769,0.09855463187529206,mse
adamw,34,2950,0.04535256326198578,0.09760393792105815,mse
adamw,34,3000,0.04526027292013168,0.09740531847930785,mse
adamw,34,3050,0.04511146619915962,0.09708506928254046,mse
adamw,34,3100,0.04682385176420212,0.10077032017832424,mse
adamw,34,3150,0.04465934634208679,0.09611205529416458,mse
adamw,34,3200,0.04428386688232422,0.09530398026498499,mse
adamw,34,3250,0.04524025321006775,0.09736223375823068,mse
adamw,34,3300,0.04433898627758026,0.09542260354988598,mse
adamw,34,3350,0.04483390599489212,0.09648772776536564,mse
adamw,34,3400,0.044729702174663544,0.09626346914646522,mse
adamw,34,3450,0.0444626621901989,0.09568876835357808,mse
adamw,34,3500,0.044534046202898026,0.09584239496788416,mse
adamw,34,3550,0.043355342000722885,0.09330568781173487,mse
adamw,34,3600,0.044384218752384186,0.0955199490436186,mse
adamw,34,3650,0.0439148023724556,0.09450971094657853,mse
adamw,34,3700,0.04335186630487442,0.093298207714086,mse
adamw,34,3750,0.04299807921051979,0.09253681715286927,mse
adamw,34,3800,0.04397343844175339,0.09463590251891847,mse
adamw,34,3850,0.04226593300700188,0.09096115422540695,mse
adamw,34,3900,0.0425298847258091,0.0915292087150241,mse
adamw,34,3950,0.043690845370292664,0.09402772969207204,mse
adamw,34,4000,0.04370608925819397,0.09406053629397897,mse
adamw,34,4050,0.04176004230976105,0.08987241919794882,mse
adamw,34,4100,0.043511684983968735,0.09364215591262194,mse
adamw,34,4150,0.042501308023929596,0.09146770836232906,mse
adamw,34,4200,0.04312754049897194,0.09281543275146886,mse
adamw,34,4250,0.04314827546477318,0.09286005678524548,mse
adamw,34,4300,0.04124682769179344,0.08876792224982866,mse
adamw,34,4350,0.0411834642291069,0.08863155678261582,mse
adamw,34,4400,0.04144992306828499,0.08920500688393466,mse
adamw,34,4450,0.04190712049603462,0.09018894838902589,mse
adamw,34,4500,0.04036959633231163,0.08688001936198823,mse
adamw,34,4550,0.041377030313014984,0.08904813328190318,mse
adamw,34,4600,0.041262928396463394,0.08880257282007346,mse
adamw,34,4650,0.0417654775083065,0.08988411637101387,mse
adamw,34,4700,0.04055464267730713,0.08727826040219419,mse
adamw,34,4750,0.04073360934853554,0.08766341728445486,mse
adamw,34,4800,0.04034140706062317,0.08681935280367208,mse
adamw,34,4850,0.04128464311361313,0.08884930539155818,mse
adamw,34,4900,0.0418039932847023,0.08996700675642827,mse
adamw,34,4950,0.038687996566295624,0.08326102305030975,mse
adamw,34,5000,0.04011373221874237,0.08632937033002992,mse
adamw,35,1,0.15061305463314056,1.0,huber
adamw,35,50,0.025694778189063072,0.1706012686061627,huber
adamw,35,100,0.025235874578356743,0.16755436399471244,huber
adamw,35,150,0.02508224919438362,0.16653436354158227,huber
adamw,35,200,0.024788212031126022,0.1645820947693048,huber
adamw,35,250,0.024596739560365677,0.16331080742155976,huber
adamw,35,300,0.024767570197582245,0.1644450426817945,huber
adamw,35,350,0.024930624291300774,0.16552764534273706,huber
adamw,35,400,6.55666446685791,43.53317501479846,huber
adamw,35,450,0.027817675843834877,0.18469631275716744,huber
adamw,35,500,0.02628234401345253,0.17450242993524295,huber
adamw,35,550,0.025639263913035393,0.17023267986620985,huber
adamw,35,600,0.02733323723077774,0.18147986771369415,huber
adamw,35,650,0.02694619633257389,0.1789100977880619,huber
adamw,35,700,0.02633342146873474,0.17484156026764758,huber
adamw,35,750,0.025559527799487114,0.16970326949243783,huber
adamw,35,800,0.025914080440998077,0.17205733264038056,huber
adamw,35,850,0.026667898520827293,0.17706233092333384,huber
adamw,35,900,0.025688188150525093,0.17055751384297813,huber
adamw,35,950,0.025820907205343246,0.17143870608186756,huber
adamw,35,1000,0.02630799449980259,0.1746727371268243,huber
adamw,35,1050,0.026063282042741776,0.17304796125559005,huber
adamw,35,1100,0.025393763557076454,0.1686026727160533,huber
adamw,35,1150,0.025832492858171463,0.17151562937949563,huber
adamw,35,1200,0.025504114106297493,0.16933534857532612,huber
adamw,35,1250,0.02599131129682064,0.17257010927857225,huber
adamw,35,1300,0.02570391446352005,0.17066192918089995,huber
adamw,35,1350,0.025421224534511566,0.16878500071877525,huber
adamw,35,1400,0.025219019502401352,0.16744245420046222,huber
adamw,35,1450,0.025617461651563644,0.1700879230818471,huber
adamw,35,1500,0.025781065225601196,0.17117417403423665,huber
adamw,35,1550,0.02520839124917984,0.16737188758691468,huber
adamw,35,1600,0.02530713751912117,0.1680275164776629,huber
adamw,35,1650,0.025429312139749527,0.1688386986220391,huber
adamw,35,1700,0.0247512049973011,0.16433638543212245,huber
adamw,35,1750,0.025368740782141685,0.16843653323368427,huber
adamw,35,1800,0.02405925653874874,0.1597421723990106,huber
adamw,35,1850,0.02503149025142193,0.16619734798150793,huber
adamw,35,1900,0.025571998208761215,0.16978606715765002,huber
adamw,35,1950,0.025330808013677597,0.16818467745294546,huber
adamw,35,2000,0.025164220482110977,0.16707861442293528,huber
adamw,35,2050,0.025473447516560555,0.1691317368113151,huber
adamw,35,2100,0.025414971634745598,0.16874348439881748,huber
adamw,35,2150,0.024399500340223312,0.16200123156425578,huber
adamw,35,2200,0.025014976039528847,0.16608770136466383,huber
adamw,35,2250,0.02500125579535961,0.16599660538229594,huber
adamw,35,2300,0.024480368942022324,0.1625381611285355,huber
adamw,35,2350,0.025043001398444176,0.16627377659554995,huber
adamw,35,2400,0.025071702897548676,0.16646434107997934,huber
adamw,35,2450,0.025044415146112442,0.16628316321659492,huber
adamw,35,2500,0.0253944993019104,0.16860755771646538,huber
adamw,35,2550,0.025289852172136307,0.16791274988570334,huber
adamw,35,2600,0.02484099566936493,0.16493255335582957,huber
adamw,35,2650,0.025015436112880707,0.16609075603580759,huber
adamw,35,2700,0.024557985365390778,0.16305349775428493,huber
adamw,35,2750,0.025296617299318314,0.16795766715531513,huber
adamw,35,2800,0.024077828973531723,0.15986548464991887,huber
adamw,35,2850,0.02620403654873371,0.17398250511923308,huber
adamw,35,2900,0.02505657821893692,0.16636392031201475,huber
adamw,35,2950,0.024517633020877838,0.1627855771240897,huber
adamw,35,3000,0.024336080998182297,0.1615801568958249,huber
adamw,35,3050,0.025287386029958725,0.1678963758590057,huber
adamw,35,3100,0.024423904716968536,0.16216326517286075,huber
adamw,35,3150,0.023682672530412674,0.15724183131467803,huber
adamw,35,3200,0.025230498984456062,0.16751867257398018,huber
adamw,35,3250,0.024544592946767807,0.16296457837969558,huber
adamw,35,3300,0.024899080395698547,0.16531820867950053,huber
adamw,35,3350,0.024576496332883835,0.16317640189123472,huber
adamw,35,3400,0.024451129138469696,0.16234402255519703,huber
adamw,35,3450,0.025381289422512054,0.1685198503166618,huber
adamw,35,3500,0.024966921657323837,0.16576864281876247,huber
adamw,35,3550,0.025650976225733757,0.17031044412593419,huber
adamw,35,3600,0.025344952940940857,0.16827859313175372,huber
adamw,35,3650,0.025011738762259483,0.16606620736285072,huber
adamw,35,3700,0.024307893589138985,0.1613930057281391,huber
adamw,35,3750,0.0242915116250515,0.1612842371746602,huber
adamw,35,3800,0.024973662570118904,0.16581339931620878,huber
adamw,35,3850,0.024527274072170258,0.1628495891801223,huber
adamw,35,3900,0.025025850161910057,0.16615990043404527,huber
adamw,35,3950,0.024710383266210556,0.1640653482953352,huber
adamw,35,4000,0.025487035512924194,0.16922195473031781,huber
adamw,35,4050,0.02423897385597229,0.16093541104396936,huber
adamw,35,4100,0.02453022450208664,0.1628691786501292,huber
adamw,35,4150,0.024472154676914215,0.16248362226317542,huber
adamw,35,4200,0.02478843182325363,0.1645835540858836,huber
adamw,35,4250,0.025190867483615875,0.1672555380074798,huber
adamw,35,4300,0.02404983527958393,0.15967961965955677,huber
adamw,35,4350,0.024230128154158592,0.16087667973521763,huber
adamw,35,4400,0.024460334330797195,0.16240514071225137,huber
adamw,35,4450,0.024402394890785217,0.16202045002157314,huber
adamw,35,4500,0.025062765926122665,0.16640500378383474,huber
adamw,35,4550,0.024131808429956436,0.16022388290799944,huber
adamw,35,4600,0.025086604058742523,0.16656327779718585,huber
adamw,35,4650,0.024565858766436577,0.16310577344223892,huber
adamw,35,4700,0.02410193905234337,0.16002556425835898,huber
adamw,35,4750,0.024973798543214798,0.16581430211375328,huber
adamw,35,4800,0.024518318474292755,0.1627901282130812,huber
adamw,35,4850,0.023824617266654968,0.15818427774860794,huber
adamw,35,4900,0.02444148063659668,0.16227996103080583,huber
adamw,35,4950,0.024583615362644196,0.16322366890788012,huber
adamw,35,5000,0.02426467090845108,0.16110602741279198,huber
adamw,36,1,0.8805423378944397,1.0,mse
adamw,36,50,0.05900955945253372,0.0670150166698831,mse
adamw,36,100,0.05593423917889595,0.06352248696257624,mse
adamw,36,150,0.053876619786024094,0.06118572323831052,mse
adamw,36,200,0.0565657839179039,0.06423970941949762,mse
adamw,36,250,0.055875107645988464,0.06345533342507698,mse
adamw,36,300,0.05532722920179367,0.06283312774499022,mse
adamw,36,350,0.05468113347887993,0.062099380263343065,mse
adamw,36,400,0.05562463030219078,0.06317087538936614,mse
adamw,36,450,0.0537007674574852,0.06098601412612928,mse
adamw,36,500,0.053944431245326996,0.061262734253436785,mse
adamw,36,550,0.05397823825478554,0.061301127648056945,mse
adamw,36,600,0.05470278859138489,0.062123973189285434,mse
adamw,36,650,0.054669395089149475,0.06208604939982261,mse
adamw,36,700,0.05261842533946037,0.059756837434168125,mse
adamw,36,750,0.05336306244134903,0.060602494786282775,mse
adamw,36,800,0.05230839177966118,0.0594047435637694,mse
adamw,36,850,0.053546804934740067,0.06081116447254727,mse
adamw,36,900,0.050912439823150635,0.05781941155140012,mse
adamw,36,950,0.05367178097367287,0.06095309522766763,mse
adamw,36,1000,0.05082479864358902,0.057719880642107126,mse
adamw,36,1050,0.05223533511161804,0.05932177575529601,mse
adamw,36,1100,0.049792900681495667,0.05654799154866406,mse
adamw,36,1150,0.05265245586633682,0.059795484669413874,mse
adamw,36,1200,0.04901687055826187,0.055666682280685595,mse
adamw,36,1250,0.05408809706568718,0.061425890315533374,mse
adamw,36,1300,0.05193129926919937,0.05897649327501723,mse
adamw,36,1350,0.05223255604505539,0.059318619670184536,mse
adamw,36,1400,0.049658603966236115,0.05639547563945669,mse
adamw,36,1450,0.05034278333187103,0.05717247333302692,mse
adamw,36,1500,0.047420352697372437,0.053853574844299236,mse
adamw,36,1550,0.04947546124458313,0.05618748709220419,mse
adamw,36,1600,0.05037986487150192,0.05721458549281194,mse
adamw,36,1650,0.05000734329223633,0.05679152624485304,mse
adamw,36,1700,0.05156528204679489,0.05856082078926293,mse
adamw,36,1750,0.0483994297683239,0.0549654771672388,mse
adamw,36,1800,0.05121896415948868,0.058167520123977114,mse
adamw,36,1850,0.05180244892835617,0.058830162615720015,mse
adamw,36,1900,0.04993449151515961,0.056708791123619776,mse
adamw,36,1950,0.049454864114522934,0.05616409567855627,mse
adamw,36,2000,0.04781058430671692,0.05429674673115888,mse
adamw,36,2050,0.05027252435684204,0.05709268276305047,mse
adamw,36,2100,0.049026042222976685,0.05567709820768888,mse
adamw,36,2150,0.05280403792858124,0.05996763092033337,mse
adamw,36,2200,0.049204446375370026,0.05587970533367892,mse
adamw,36,2250,0.05312919244170189,0.060336897109053114,mse
adamw,36,2300,0.05025246739387512,0.057069904797581054,mse
adamw,36,2350,0.0485396608710289,0.055124732545055524,mse
adamw,36,2400,0.05037463828921318,0.057208649852850284,mse
adamw,36,2450,0.05129425972700119,0.058253030569383475,mse
adamw,36,2500,0.051755957305431366,0.058777363765597744,mse
adamw,36,2550,0.048738960176706314,0.05535106953886094,mse
adamw,36,2600,0.050609759986400604,0.057475669037583235,mse
adamw,36,2650,0.0495152547955513,0.056232679184913016,mse
adamw,36,2700,0.05062391608953476,0.05749174561053713,mse
adamw,36,2750,0.05110567808151245,0.05803886523357501,mse
adamw,36,2800,0.04887779802083969,0.05550874264344483,mse
adamw,36,2850,0.053339481353759766,0.060575714600283256,mse
adamw,36,2900,0.04984147474169731,0.05660315534728139,mse
adamw,36,2950,0.05178322643041611,0.05880833232191946,mse
adamw,36,3000,0.05047481507062912,0.05732241699056166,mse
adamw,36,3050,0.050049010664224625,0.05683884636813971,mse
adamw,36,3100,0.04818534106016159,0.05472234438537366,mse
adamw,36,3150,0.05108856037259102,0.058019425272332066,mse
adamw,36,3200,0.04913276433944702,0.055798298645052896,mse
adamw,36,3250,0.04993584007024765,0.05671032262872749,mse
adamw,36,3300,0.052731435745954514,0.05988517925446534,mse
adamw,36,3350,0.05061275511980057,0.057479070501966115,mse
adamw,36,3400,0.051312029361724854,0.05827321089911771,mse
adamw,36,3450,0.04841526597738266,0.0549834617755617,mse
adamw,36,3500,0.04957185313105583,0.05629695586198895,mse
adamw,36,3550,0.04999220371246338,0.05677433277314656,mse
adamw,36,3600,0.0510159432888031,0.05793695668375567,mse
adamw,36,3650,0.05191279947757721,0.05895548373257274,mse
adamw,36,3700,0.051316503435373306,0.05827829194230656,mse
adamw,36,3750,0.05156485736370087,0.058560338492074315,mse
adamw,36,3800,0.04860328882932663,0.055196992509806204,mse
adamw,36,3850,0.0492657870054245,0.05594936766269441,mse
adamw,36,3900,0.05044308304786682,0.05728638008308237,mse
adamw,36,3950,0.05311382934451103,0.06031944979672104,mse
adamw,36,4000,0.04842443764209747,0.05499387770256499,mse
adamw,36,4050,0.05085136741399765,0.05775005383113533,mse
adamw,36,4100,0.05018100142478943,0.05698874348822643,mse
adamw,36,4150,0.04825863614678383,0.054805582957181014,mse
adamw,36,4200,0.04907951503992081,0.05573782534668368,mse
adamw,36,4250,0.05096549540758133,0.05787966485456049,mse
adamw,36,4300,0.05012186989188194,0.056921589950727165,mse
adamw,36,4350,0.049614254385232925,0.056345109428662964,mse
adamw,36,4400,0.05221043527126312,0.05929349790960552,mse
adamw,36,4450,0.0508488193154335,0.057747160048003635,mse
adamw,36,4500,0.05121541768312454,0.058163492519384456,mse
adamw,36,4550,0.048215363174676895,0.054756439412067204,mse
adamw,36,4600,0.04910077154636383,0.055761965590177084,mse
adamw,36,4650,0.047680407762527466,0.05414890995081652,mse
adamw,36,4700,0.04867329075932503,0.05527649116306323,mse
adamw,36,4750,0.04883065074682236,0.05545519919415417,mse
adamw,36,4800,0.046803709119558334,0.05315327509575038,mse
adamw,36,4850,0.05312312766909599,0.060330009566745495,mse
adamw,36,4900,0.04949942231178284,0.056214698807267205,mse
adamw,36,4950,0.049645811319351196,0.05638094749431888,mse
adamw,36,5000,0.046947747468948364,0.05331685422555628,mse
adamw,37,1,0.661766529083252,1.0,mse
adamw,37,50,0.06325586140155792,0.09558637166069209,mse
adamw,37,100,0.04994857683777809,0.07547764149838776,mse
adamw,37,150,0.050599586218595505,0.07646138629690342,mse
adamw,37,200,0.04854688420891762,0.0733595340280655,mse
adamw,37,250,0.05117050185799599,0.07732410088627889,mse
adamw,37,300,0.05028674751520157,0.07598865355862591,mse
adamw,37,350,0.049722425639629364,0.07513590285158431,mse
adamw,37,400,0.05158752202987671,0.07795426296543152,mse
adamw,37,450,0.048886947333812714,0.07387340577882658,mse
adamw,37,500,0.04798474535346031,0.07251008209788698,mse
adamw,37,550,0.051194652915000916,0.0773605957163187,mse
adamw,37,600,0.049005746841430664,0.0740529245401978,mse
adamw,37,650,0.04953568056225777,0.07485371106767784,mse
adamw,37,700,0.05113724619150162,0.07727384801758147,mse
adamw,37,750,0.048799533396959305,0.07374131397150217,mse
adamw,37,800,0.04955742508172989,0.0748865693621314,mse
adamw,37,850,0.04955337941646576,0.0748804559292418,mse
adamw,37,900,0.049830615520477295,0.07529938933222849,mse
adamw,37,950,0.04902376979589462,0.07408015915191037,mse
adamw,37,1000,0.05026404559612274,0.07595434853097473,mse
adamw,37,1050,0.04978172853589058,0.07522551587015654,mse
adamw,37,1100,0.04986171796917915,0.07534638845855926,mse
adamw,37,1150,0.04825268313288689,0.0729149647379893,mse
adamw,37,1200,0.050459664314985275,0.07624994933619152,mse
adamw,37,1250,0.04998037964105606,0.07552569893538451,mse
adamw,37,1300,0.05041583627462387,0.0761837204798876,mse
adamw,37,1350,0.048796698451042175,0.07373703006502981,mse
adamw,37,1400,0.05012863874435425,0.0757497342964711,mse
adamw,37,1450,0.05052366480231285,0.07634666091726262,mse
adamw,37,1500,0.047974009066820145,0.07249385842055014,mse
adamw,37,1550,0.04982193559408188,0.07528627303514492,mse
adamw,37,1600,0.05067894607782364,0.07658130753156918,mse
adamw,37,1650,0.04970821365714073,0.075114427026102,mse
adamw,37,1700,0.05060374364256859,0.07646766860915462,mse
adamw,37,1750,0.04994210600852966,0.07546786338335165,mse
adamw,37,1800,0.049385689198970795,0.07462705807648659,mse
adamw,37,1850,0.048707135021686554,0.0736016901446508,mse
adamw,37,1900,0.05082765966653824,0.07680602966872624,mse
adamw,37,1950,0.04930734634399414,0.07450867364401131,mse
adamw,37,2000,0.04790712147951126,0.07239278412263794,mse
adamw,37,2050,0.049323275685310364,0.07453274458235008,mse
adamw,37,2100,0.05073345825076103,0.07666368125484121,mse
adamw,37,2150,0.04965769499540329,0.07503808792535081,mse
adamw,37,2200,0.04997320845723152,0.07551486250968242,mse
adamw,37,2250,0.04932067543268204,0.07452881532253706,mse
adamw,37,2300,0.049392037093639374,0.07463665042422496,mse
adamw,37,2350,0.04985777661204338,0.07534043264640715,mse
adamw,37,2400,0.05020426586270332,0.0758640149604597,mse
adamw,37,2450,0.050643324851989746,0.07652748004971809,mse
adamw,37,2500,0.05005613714456558,0.07564017662529497,mse
adamw,37,2550,0.05045686289668083,0.07624571609352765,mse
adamw,37,2600,0.04758543521165848,0.07190668176823446,mse
adamw,37,2650,0.05076147988438606,0.07670602494010412,mse
adamw,37,2700,0.0507604256272316,0.07670443184479311,mse
adamw,37,2750,0.05121193453669548,0.07738671009493271,mse
adamw,37,2800,0.049416810274124146,0.07467408534937763,mse
adamw,37,2850,0.04905978590250015,0.07413458334083908,mse
adamw,37,2900,0.05026239901781082,0.07595186037504728,mse
adamw,37,2950,0.05029181391000748,0.07599630942301804,mse
adamw,37,3000,0.049545228481292725,0.07486813899446976,mse
adamw,37,3050,0.04893705993890762,0.07394913128456397,mse
adamw,37,3100,0.05197618901729584,0.07854158035054852,mse
adamw,37,3150,0.04994940757751465,0.07547889683497559,mse
adamw,37,3200,0.05006793141365051,0.07565799902725488,mse
adamw,37,3250,0.05055290088057518,0.07639083975825482,mse
adamw,37,3300,0.04948914051055908,0.07478338407219931,mse
adamw,37,3350,0.0510261133313179,0.0771059143804154,mse
adamw,37,3400,0.04983007162809372,0.07529856745266875,mse
adamw,37,3450,0.04950466752052307,0.07480684704483634,mse
adamw,37,3500,0.04922792315483093,0.07438865671104065,mse
adamw,37,3550,0.048905182629823685,0.07390096126132617,mse
adamw,37,3600,0.050062164664268494,0.07564928485219678,mse
adamw,37,3650,0.04887314885854721,0.07385255480698215,mse
adamw,37,3700,0.049635693430900574,0.0750048412083656,mse
adamw,37,3750,0.049216073006391525,0.07437074986939995,mse
adamw,37,3800,0.05019166320562363,0.0758449709977843,mse
adamw,37,3850,0.04860375076532364,0.07344546547655505,mse
adamw,37,3900,0.04916728287935257,0.07429702276944139,mse
adamw,37,3950,0.050436682999134064,0.07621522211013637,mse
adamw,37,4000,0.050877392292022705,0.07688118098463423,mse
adamw,37,4050,0.049832236021757126,0.07530183808297156,mse
adamw,37,4100,0.05050158128142357,0.07631329035541225,mse
adamw,37,4150,0.05131051689386368,0.07753567857979211,mse
adamw,37,4200,0.05047353357076645,0.07627090726496497,mse
adamw,37,4250,0.051904600113630295,0.0784334018608254,mse
adamw,37,4300,0.05173579975962639,0.07817832647307837,mse
adamw,37,4350,0.04944407194852829,0.07471528065498172,mse
adamw,37,4400,0.04993683844804764,0.07545990353610865,mse
adamw,37,4450,0.05022317171096802,0.07589258371912885,mse
adamw,37,4500,0.050172556191682816,0.0758160982562643,mse
adamw,37,4550,0.05174404755234718,0.0781907897699638,mse
adamw,37,4600,0.055517733097076416,0.08389323221587736,mse
adamw,37,4650,0.050722070038318634,0.07664647244789509,mse
adamw,37,4700,0.05050545185804367,0.07631913921063535,mse
adamw,37,4750,0.05020882934331894,0.07587091086772468,mse
adamw,37,4800,0.05087166652083397,0.07687252873200871,mse
adamw,37,4850,0.0504404678940773,0.07622094149118225,mse
adamw,37,4900,0.050913721323013306,0.0769360780357754,mse
adamw,37,4950,0.047575339674949646,0.07189142633257074,mse
adamw,37,5000,0.049843017011880875,0.07531812931205303,mse
adamw,38,1,0.11924740672111511,1.0,huber
adamw,38,50,0.04928300157189369,0.41328363380808986,huber
adamw,38,100,0.03604701906442642,0.302287656021987,huber
adamw,38,150,0.030608242377638817,0.25667847393295995,huber
adamw,38,200,0.028204653412103653,0.23652215329148504,huber
adamw,38,250,0.03016260452568531,0.2529413876163097,huber
adamw,38,300,0.026088321581482887,0.2187747498987199,huber
adamw,38,350,0.025182560086250305,0.21117910048262067,huber
adamw,38,400,0.02779383957386017,0.23307709859772338,huber
adamw,38,450,0.027056675404310226,0.22689529397974997,huber
adamw,38,500,0.02673495188355446,0.22419734414920828,huber
adamw,38,550,0.02759941667318344,0.23144668242329516,huber
adamw,38,600,0.027259476482868195,0.22859596893893178,huber
adamw,38,650,0.024511443451046944,0.20555116563978668,huber
adamw,38,700,0.02324647083878517,0.1949431981623876,huber
adamw,38,750,0.025102267041802406,0.2105057689053925,huber
adamw,38,800,0.024302896112203598,0.2038023029636274,huber
adamw,38,850,0.023957936093211174,0.20090949356443277,huber
adamw,38,900,0.025860633701086044,0.21686537604600928,huber
adamw,38,950,0.0247381292283535,0.20745213592953654,huber
adamw,38,1000,0.026893705129623413,0.22552863721824948,huber
adamw,38,1050,0.02663874626159668,0.22339057086496591,huber
adamw,38,1100,0.024933140724897385,0.2090874880257038,huber
adamw,38,1150,0.025731900706887245,0.21578583060566384,huber
adamw,38,1200,0.026365704834461212,0.22110086549825694,huber
adamw,38,1250,0.023993469774723053,0.20120747640941808,huber
adamw,38,1300,0.024713478982448578,0.20724542077670666,huber
adamw,38,1350,0.025017715990543365,0.2097967299955839,huber
adamw,38,1400,0.025596443563699722,0.2146498969454517,huber
adamw,38,1450,0.02297648787498474,0.1926791408447149,huber
adamw,38,1500,0.025848913937807083,0.2167670949713829,huber
adamw,38,1550,0.023867875337600708,0.2001542506783456,huber
adamw,38,1600,0.023381493985652924,0.19607549236131747,huber
adamw,38,1650,0.025721222162246704,0.21569628111411376,huber
adamw,38,1700,0.024263758212327957,0.2034740954079933,huber
adamw,38,1750,0.02485225349664688,0.20840917366672007,huber
adamw,38,1800,0.02569516934454441,0.21547780409713993,huber
adamw,38,1850,0.025104911997914314,0.2105279493132071,huber
adamw,38,1900,0.02546064555644989,0.21351110482423244,huber
adamw,38,1950,0.024404238909482956,0.2046521562230477,huber
adamw,38,2000,0.024967942386865616,0.20937933220852634,huber
adamw,38,2050,0.024195317178964615,0.20290015392578223,huber
adamw,38,2100,0.025176260620355606,0.21112627362400874,huber
adamw,38,2150,0.027031145989894867,0.22668120618432255,huber
adamw,38,2200,0.026928942650556564,0.22582413648235977,huber
adamw,38,2250,0.02357782982289791,0.19772195028139752,huber
adamw,38,2300,0.02350568026304245,0.1971169093682295,huber
adamw,38,2350,0.02494489774107933,0.20918608150044024,huber
adamw,38,2400,0.02406018041074276,0.20176690690651664,huber
adamw,38,2450,0.026022745296359062,0.2182248319849728,huber
adamw,38,2500,0.024828439578413963,0.20820947189636113,huber
adamw,38,2550,0.02512107975780964,0.21066353096097523,huber
adamw,38,2600,0.024589911103248596,0.20620918961162168,huber
adamw,38,2650,0.025346409529447556,0.21255312988671873,huber
adamw,38,2700,0.024781949818134308,0.20781961217900577,huber
adamw,38,2750,0.024395901709794998,0.2045822410784152,huber
adamw,38,2800,0.025851666927337646,0.2167901813395167,huber
adamw,38,2850,0.02578251250088215,0.2162102573951979,huber
adamw,38,2900,0.024929972365498543,0.20906091839634278,huber
adamw,38,2950,0.025903737172484398,0.21722683859335978,huber
adamw,38,3000,0.026481226086616516,0.2220696182395679,huber
adamw,38,3050,0.02563304454088211,0.21495683005359037,huber
adamw,38,3100,0.025032706558704376,0.209922439799874,huber
adamw,38,3150,0.02362201362848282,0.1980924724319399,huber
adamw,38,3200,0.023740816861391068,0.19908874762294756,huber
adamw,38,3250,0.024477187544107437,0.2052638981185766,huber
adamw,38,3300,0.02305074781179428,0.1933018792241181,huber
adamw,38,3350,0.02362934872508049,0.19815398401361164,huber
adamw,38,3400,0.025124667212367058,0.21069361509157447,huber
adamw,38,3450,0.024389326572418213,0.20452710245898875,huber
adamw,38,3500,0.02442476898431778,0.2048243199237044,huber
adamw,38,3550,0.024977993220090866,0.2094636177582218,huber
adamw,38,3600,0.024313118308782578,0.20388802555382915,huber
adamw,38,3650,0.024031538516283035,0.20152671808189332,huber
adamw,38,3700,0.023140758275985718,0.19405670037005668,huber
adamw,38,3750,0.024084093049168587,0.20196743653716723,huber
adamw,38,3800,0.025120824575424194,0.21066139102022127,huber
adamw,38,3850,0.0227969978004694,0.19117395025440614,huber
adamw,38,3900,0.024479825049638748,0.20528601604636917,huber
adamw,38,3950,0.022748809307813644,0.19076984509203182,huber
adamw,38,4000,0.021799258887767792,0.18280698496655695,huber
adamw,38,4050,0.023414557799696922,0.19635276307900548,huber
adamw,38,4100,0.024438148364424706,0.20493651842323418,huber
adamw,38,4150,0.023449651896953583,0.19664705960269205,huber
adamw,38,4200,0.0263323076069355,0.22082079879958383,huber
adamw,38,4250,0.024517003446817398,0.20559779135621384,huber
adamw,38,4300,0.02431231364607811,0.20388127771145176,huber
adamw,38,4350,0.02423885092139244,0.20326522469440397,huber
adamw,38,4400,0.02620295062661171,0.2197360206573948,huber
adamw,38,4450,0.024032270535826683,0.20153285674405608,huber
adamw,38,4500,0.024062583222985268,0.20178705671361583,huber
adamw,38,4550,0.02423708140850067,0.2032503856891759,huber
adamw,38,4600,0.024443456903100014,0.2049810354389184,huber
adamw,38,4650,0.022407591342926025,0.18790841628389324,huber
adamw,38,4700,0.02448541298508644,0.2053328760628789,huber
adamw,38,4750,0.024951286613941193,0.20923965811931636,huber
adamw,38,4800,0.026600535959005356,0.22307014207207246,huber
adamw,38,4850,0.024951117113232613,0.20923823669881556,huber
adamw,38,4900,0.024971220642328262,0.20940682341821204,huber
adamw,38,4950,0.024639317765831947,0.20662351025759512,huber
adamw,38,5000,0.02331387624144554,0.19550845492153884,huber
adamw,39,1,0.08286581933498383,1.0,huber
adamw,39,50,0.03751190006732941,0.4526824252553169,huber
adamw,39,100,0.02453478053212166,0.2960784160347245,huber
adamw,39,150,0.026486322283744812,0.3196290400107462,huber
adamw,39,200,0.027419373393058777,0.3308888225942276,huber
adamw,39,250,0.02805621176958084,0.3385739982388158,huber
adamw,39,300,0.025321509689092636,0.30557242892549963,huber
adamw,39,350,0.023742280900478363,0.2865147667761608,huber
adamw,39,400,0.03222253918647766,0.388851995250521,huber
adamw,39,450,0.02699081227183342,0.32571707476545264,huber
adamw,39,500,0.02465975098311901,0.2975865221754743,huber
adamw,39,550,0.0261398795992136,0.31544827299110545,huber
adamw,39,600,0.02543068490922451,0.30688992292975886,huber
adamw,39,650,0.02533072978258133,0.3056836942646067,huber
adamw,39,700,0.02620561420917511,0.3162415386643232,huber
adamw,39,750,0.024695871397852898,0.2980224125706186,huber
adamw,39,800,0.024464495480060577,0.29523023698303424,huber
adamw,39,850,0.026671776548027992,0.32186704677603845,huber
adamw,39,900,0.026178432628512383,0.31591351945349705,huber
adamw,39,950,0.02413436956703663,0.2912463758968436,huber
adamw,39,1000,0.026515070348978043,0.31997596309029747,huber
adamw,39,1050,0.026981255039572716,0.3256017409361681,huber
adamw,39,1100,0.02846601977944374,0.3435194391112008,huber
adamw,39,1150,0.02682335674762726,0.3236962714288052,huber
adamw,39,1200,0.02396632730960846,0.2892184920386166,huber
adamw,39,1250,0.028220301494002342,0.3405541841072276,huber
adamw,39,1300,0.0260324589908123,0.3141519531180459,huber
adamw,39,1350,0.025369783863425255,0.3061549872676487,huber
adamw,39,1400,0.025067323818802834,0.3025049896323182,huber
adamw,39,1450,0.0251351036131382,0.3033229359807561,huber
adamw,39,1500,0.02522685006260872,0.30443010477733357,huber
adamw,39,1550,0.024400388821959496,0.29445661694746894,huber
adamw,39,1600,0.026706112548708916,0.3222814033944425,huber
adamw,39,1650,0.025633905082941055,0.3093423233929104,huber
adamw,39,1700,0.026439128443598747,0.31905951881944195,huber
adamw,39,1750,0.024215275421738625,0.2922227236280467,huber
adamw,39,1800,0.02428635209798813,0.2930804557644077,huber
adamw,39,1850,0.02503824047744274,0.3021540205404358,huber
adamw,39,1900,0.024224650114774704,0.29233585462839534,huber
adamw,39,1950,0.025649165734648705,0.30952648438751734,huber
adamw,39,2000,0.024608787149190903,0.2969715058232907,huber
adamw,39,2050,0.027577783912420273,0.3328004735093187,huber
adamw,39,2100,0.02585122361779213,0.3119648586745875,huber
adamw,39,2150,0.02536248043179512,0.3060668516323682,huber
adamw,39,2200,0.024784984067082405,0.2990977976925502,huber
adamw,39,2250,0.024939116090536118,0.30095781699472635,huber
adamw,39,2300,0.02517152950167656,0.30376251274269106,huber
adamw,39,2350,0.026529964059591293,0.3201556959491864,huber
adamw,39,2400,0.025340275838971138,0.30579889322681353,huber
adamw,39,2450,0.025402141734957695,0.3065454724132989,huber
adamw,39,2500,0.023893605917692184,0.28834091196398653,huber
adamw,39,2550,0.025495130568742752,0.30766763393334795,huber
adamw,39,2600,0.026202553883194923,0.31620460756287816,huber
adamw,39,2650,0.025976072996854782,0.31347150375532884,huber
adamw,39,2700,0.02576521784067154,0.3109269666002581,huber
adamw,39,2750,0.02609383501112461,0.3148926206309585,huber
adamw,39,2800,0.024584785103797913,0.29668185629607174,huber
adamw,39,2850,0.02518470212817192,0.30392147607161335,huber
adamw,39,2900,0.02570902742445469,0.3102488774114009,huber
adamw,39,2950,0.024912120774388313,0.30063204556852857,huber
adamw,39,3000,0.024943755939602852,0.3010138093098204,huber
adamw,39,3050,0.02385570853948593,0.287883577703487,huber
adamw,39,3100,0.024682873860001564,0.2978655621592471,huber
adamw,39,3150,0.025577468797564507,0.30866126712834363,huber
adamw,39,3200,0.025238119065761566,0.3045660957473533,huber
adamw,39,3250,0.024848582223057747,0.2998652812760799,huber
adamw,39,3300,0.023441007360816002,0.2828790875289133,huber
adamw,39,3350,0.025877241045236588,0.31227882923148603,huber
adamw,39,3400,0.024574894458055496,0.2965624989323023,huber
adamw,39,3450,0.02390320599079132,0.2884567627837356,huber
adamw,39,3500,0.026194453239440918,0.31610685140938793,huber
adamw,39,3550,0.02530219778418541,0.3053393786152244,huber
adamw,39,3600,0.025049008429050446,0.3022839649698051,huber
adamw,39,3650,0.024191338568925858,0.29193386082544764,huber
adamw,39,3700,0.024364475160837173,0.2940232215932621,huber
adamw,39,3750,0.02548901177942753,0.3075937942083042,huber
adamw,39,3800,0.024137765169143677,0.2912873530106198,huber
adamw,39,3850,0.026116229593753815,0.31516287177683416,huber
adamw,39,3900,0.02410806529223919,0.29092894375161726,huber
adamw,39,3950,0.02477889321744442,0.2990242951352006,huber
adamw,39,4000,0.024198485538363457,0.2920201083216404,huber
adamw,39,4050,0.024934101849794388,0.3008973066325291,huber
adamw,39,4100,0.024874288588762283,0.300175498032649,huber
adamw,39,4150,0.02401643991470337,0.2898232360150483,huber
adamw,39,4200,0.0250718891620636,0.3025600828335609,huber
adamw,39,4250,0.024268528446555138,0.29286536525331364,huber
adamw,39,4300,0.024185173213481903,0.29185945915424677,huber
adamw,39,4350,0.023497100919485092,0.2835560078697637,huber
adamw,39,4400,0.025973724201321602,0.3134431591911644,huber
adamw,39,4450,0.02466350421309471,0.2976318150357371,huber
adamw,39,4500,0.024653060361742973,0.29750578175162123,huber
adamw,39,4550,0.024834563955664635,0.2996961130049446,huber
adamw,39,4600,0.023130163550376892,0.2791279171074572,huber
adamw,39,4650,0.025642499327659607,0.30944603617566596,huber
adamw,39,4700,0.024031225591897964,0.29000166515885273,huber
adamw,39,4750,0.024227850139141083,0.2923744715683117,huber
adamw,39,4800,0.025516076013445854,0.30792039731481446,huber
adamw,39,4850,0.025777548551559448,0.3110757699426599,huber
adamw,39,4900,0.026724670082330704,0.32250535017697257,huber
adamw,39,4950,0.02550552785396576,0.3077931052713067,huber
adamw,39,5000,0.025746412575244904,0.31070003026417226,huber
spectral,0,1,0.1688045859336853,1.0,mse
spectral,0,50,0.08988618850708008,0.5324866502287549,mse
spectral,0,100,0.05487291142344475,0.3250676580848432,mse
spectral,0,150,0.04804602265357971,0.2846251029723478,mse
spectral,0,200,0.05075765773653984,0.3006888554347684,mse
spectral,0,250,0.05089716613292694,0.30151530452449815,mse
spectral,0,300,0.050210773944854736,0.29744911056255297,mse
spectral,0,350,0.049767546355724335,0.29482342603698847,mse
spectral,0,400,0.049702778458595276,0.2944397403878646,mse
spectral,0,450,0.04916701093316078,0.2912658483844508,mse
spectral,0,500,0.05287100002169609,0.31320831557542167,mse
spectral,0,550,0.05027960613369942,0.2978568731151161,mse
spectral,0,600,0.05038100481033325,0.2984575598563737,mse
spectral,0,650,0.05108635872602463,0.3026360832761608,mse
spectral,0,700,0.05082564800977707,0.30109163047112875,mse
spectral,0,750,0.05073567107319832,0.30055860622844555,mse
spectral,0,800,0.04956212639808655,0.2936065162208151,mse
spectral,0,850,0.05194150656461716,0.30770198734424387,mse
spectral,0,900,0.05061761662364006,0.2998592505272643,mse
spectral,0,950,0.05129736661911011,0.30388609607598116,mse
spectral,0,1000,0.04926266521215439,0.2918325052585193,mse
spectral,0,1050,0.04973975196480751,0.29465877179632854,mse
spectral,0,1100,0.04817487299442291,0.28538841363793493,mse
spectral,0,1150,0.6166523694992065,3.6530546020915438,mse
spectral,0,1200,0.14368882775306702,0.8512140055810747,mse
spectral,0,1250,0.0538049191236496,0.31874086136964785,mse
spectral,0,1300,0.050260819494724274,0.2977455808840951,mse
spectral,0,1350,0.050934985280036926,0.3017393455178207,mse
spectral,0,1400,0.04916813224554062,0.291272491049836,mse
spectral,0,1450,0.051011644303798676,0.30219347431614535,mse
spectral,0,1500,0.04685959964990616,0.277596721621739,mse
spectral,0,1550,0.049740031361579895,0.2946604269455109,mse
spectral,0,1600,0.05069338530302048,0.3003081049168612,mse
spectral,0,1650,0.051233746111392975,0.30350920757283273,mse
spectral,0,1700,0.051243044435977936,0.3035642909376213,mse
spectral,0,1750,0.04903406649827957,0.29047828426617833,mse
spectral,0,1800,0.0512540340423584,0.3036293934721269,mse
spectral,0,1850,0.05091535300016403,0.3016230437019411,mse
spectral,0,1900,0.048576969653367996,0.28777043813520214,mse
spectral,0,1950,0.05010959506034851,0.29684972587198555,mse
spectral,0,2000,0.047017935663461685,0.2785347056977032,mse
spectral,0,2050,0.0498749241232872,0.2954595329707483,mse
spectral,0,2100,0.04906955733895302,0.29068853234964803,mse
spectral,0,2150,0.053121473640203476,0.3146921237144125,mse
spectral,0,2200,0.05179864540696144,0.30685567646432593,mse
spectral,0,2250,0.05364394187927246,0.3177872306167465,mse
spectral,0,2300,0.050242386758327484,0.29763638517537166,mse
spectral,0,2350,0.04791884496808052,0.283871701133199,mse
spectral,0,2400,0.04993165284395218,0.2957955944607321,mse
spectral,0,2450,0.050949275493621826,0.3018240008813338,mse
spectral,0,2500,0.05334676429629326,0.3160267477404345,mse
spectral,0,2550,0.048464465886354446,0.2871039647311102,mse
spectral,0,2600,0.05113738402724266,0.302938357654169,mse
spectral,0,2650,0.050029098987579346,0.29637286635822335,mse
spectral,0,2700,0.05169863998889923,0.30626324340032435,mse
spectral,0,2750,0.05089475214481354,0.3015010040355627,mse
spectral,0,2800,0.0500129759311676,0.296277353216074,mse
spectral,0,2850,0.054621923714876175,0.32358080447135684,mse
spectral,0,2900,0.050675977021455765,0.3002049780884731,mse
spectral,0,2950,0.05110799893736839,0.30276428009749756,mse
spectral,0,3000,0.050317347049713135,0.2980804506666676,mse
spectral,0,3050,0.04944431781768799,0.2929086170509143,mse
spectral,0,3100,0.04779944568872452,0.2831643786472867,mse
spectral,0,3150,0.050490785390138626,0.29910790107310165,mse
spectral,0,3200,0.04912542551755905,0.2910194959801502,mse
spectral,0,3250,0.05040684714913368,0.2986106501214129,mse
spectral,0,3300,0.05228641629219055,0.30974523590686814,mse
spectral,0,3350,0.050328776240348816,0.2981481573025535,mse
spectral,0,3400,0.0513438954949379,0.3041617335864814,mse
spectral,0,3450,0.04915783554315567,0.29121149328530255,mse
spectral,0,3500,0.04991687089204788,0.295708026034658,mse
spectral,0,3550,0.049831319600343704,0.29520121935502325,mse
spectral,0,3600,0.05215763300657272,0.3089823224770848,mse
spectral,0,3650,0.05204831063747406,0.30833469570501587,mse
spectral,0,3700,0.05159786716103554,0.3056662641932353,mse
spectral,0,3750,0.05172670632600784,0.3064295086528551,mse
spectral,0,3800,0.04884415864944458,0.2893532683326089,mse
spectral,0,3850,0.049167804419994354,0.29127054900812865,mse
spectral,0,3900,0.05039914697408676,0.2985650342099474,mse
spectral,0,3950,0.05277562141418457,0.3126432917818798,mse
spectral,0,4000,0.048506028950214386,0.28735018472347623,mse
spectral,0,4050,0.05061781778931618,0.2998604422346756,mse
spectral,0,4100,0.05009250342845917,0.2967484748793374,mse
spectral,0,4150,0.04821440577507019,0.2856226062129092,mse
spectral,0,4200,0.04928317666053772,0.29195401527715936,mse
spectral,0,4250,0.05091303586959839,0.3016093169980555,mse
spectral,0,4300,0.05017226189374924,0.2972209647992582,mse
spectral,0,4350,0.04923224821686745,0.29165231468420105,mse
spectral,0,4400,0.05224756523966789,0.30951508189589877,mse
spectral,0,4450,0.050806924700737,0.3009807134072557,mse
spectral,0,4500,0.05125439912080765,0.3036315562003919,mse
spectral,0,4550,0.048139527440071106,0.2851790262320401,mse
spectral,0,4600,0.04895946756005287,0.2900363594344916,mse
spectral,0,4650,0.047704365104436874,0.282601120346206,mse
spectral,0,4700,0.04846281558275223,0.2870941883166065,mse
spectral,0,4750,0.04873120039701462,0.2886841025525137,mse
spectral,0,4800,0.04660600423812866,0.27609441994921735,mse
spectral,0,4850,0.05293349176645279,0.3135785172758734,mse
spectral,0,4900,0.049182672053575516,0.29135862501328536,mse
spectral,0,4950,0.049646325409412384,0.29410531197840734,mse
spectral,0,5000,0.04700004309415817,0.27842870994406566,mse
spectral,1,1,0.2668188512325287,1.0,huber
spectral,1,50,0.025371458381414413,0.0950887025568653,huber
spectral,1,100,0.02410455420613289,0.09034052164899746,huber
spectral,1,150,0.02523162215948105,0.09456461581678899,huber
spectral,1,200,0.025957629084587097,0.09728558894800655,huber
spectral,1,250,0.025807565078139305,0.09672316989195187,huber
spectral,1,300,0.02592664584517479,0.09716946806948097,huber
spectral,1,350,0.023438267409801483,0.0878433712668052,huber
spectral,1,400,0.024915795773267746,0.09338094238159356,huber
spectral,1,450,0.025847433134913445,0.0968725898320722,huber
spectral,1,500,0.02481921762228012,0.09301898088396512,huber
spectral,1,550,0.02599256858229637,0.09741653733320452,huber
spectral,1,600,0.025574950501322746,0.09585136276235053,huber
spectral,1,650,0.025053588673472404,0.09389737103559663,huber
spectral,1,700,0.026371879503130913,0.09883814198775712,huber
spectral,1,750,0.024875391274690628,0.09322951193209393,huber
spectral,1,800,0.024364689365029335,0.09131547209831838,huber
spectral,1,850,0.025857817381620407,0.09691150854661952,huber
spectral,1,900,0.024561693891882896,0.09205381770599763,huber
spectral,1,950,0.02442905865609646,0.09155671926196435,huber
spectral,1,1000,0.02510390430688858,0.09408594704206599,huber
spectral,1,1050,0.025565490126609802,0.09581590659173424,huber
spectral,1,1100,0.02388940379023552,0.08953416776918906,huber
spectral,1,1150,0.026183558627963066,0.09813234150065538,huber
spectral,1,1200,0.024270111694931984,0.09096100812525026,huber
spectral,1,1250,0.02566017210483551,0.09617076149718165,huber
spectral,1,1300,0.024439357221126556,0.0915953168534858,huber
spectral,1,1350,0.025312401354312897,0.09486736502082273,huber
spectral,1,1400,0.02506299316883087,0.09393261777815258,huber
spectral,1,1450,0.025089692324399948,0.09403268250538509,huber
spectral,1,1500,0.025559745728969574,0.09579437738713084,huber
spectral,1,1550,0.025050627067685127,0.09388627134839837,huber
spectral,1,1600,0.026756756007671356,0.10028060567712001,huber
spectral,1,1650,0.024743109941482544,0.09273373986577615,huber
spectral,1,1700,0.02615337073802948,0.09801920148152202,huber
spectral,1,1750,0.02420349419116974,0.09071133497264311,huber
spectral,1,1800,0.024165568873286247,0.09056919614808742,huber
spectral,1,1850,0.02489183470606804,0.09329113962931791,huber
spectral,1,1900,0.02471604198217392,0.09263229291334538,huber
spectral,1,1950,0.024342648684978485,0.09123286669038323,huber
spectral,1,2000,0.02463112585246563,0.0923140390519108,huber
spectral,1,2050,0.024189215153455734,0.09065781912228979,huber
spectral,1,2100,0.06904040277004242,0.2587538416087202,huber
spectral,1,2150,7.302079200744629,27.367178769467735,huber
spectral,1,2200,0.4774537682533264,1.7894304171080946,huber
spectral,1,2250,0.04124050214886665,0.1545636747867045,huber
spectral,1,2300,0.025160061195492744,0.09429641526177669,huber
spectral,1,2350,0.039564453065395355,0.1482820755828662,huber
spectral,1,2400,0.025223586708307266,0.09453450006171146,huber
spectral,1,2450,0.024846475571393967,0.09312113989180108,huber
spectral,1,2500,0.024581581354141235,0.09212835315267418,huber
spectral,1,2550,0.03443414717912674,0.12905440159142986,huber
spectral,1,2600,0.02549063414335251,0.09553535676209698,huber
spectral,1,2650,0.02612336352467537,0.09790673861311712,huber
spectral,1,2700,0.02633332833647728,0.09869365756892556,huber
spectral,1,2750,0.030850986018776894,0.11562521117329418,huber
spectral,1,2800,0.02568146586418152,0.09625056755004353,huber
spectral,1,2850,0.025937344878911972,0.09720956656210156,huber
spectral,1,2900,0.029418151825666428,0.11025514760210456,huber
spectral,1,2950,0.02525104209780693,0.09463739904869398,huber
spectral,1,3000,0.025071576237678528,0.09396478592822147,huber
spectral,1,3050,0.024258943274617195,0.09091915043692278,huber
spectral,1,3100,0.023950349539518356,0.08976258397367126,huber
spectral,1,3150,0.025731351226568222,0.09643753096044826,huber
spectral,1,3200,0.02521391212940216,0.09449824108353053,huber
spectral,1,3250,0.024971481412649155,0.09358964442466203,huber
spectral,1,3300,0.023789390921592712,0.08915933342678478,huber
spectral,1,3350,0.025586608797311783,0.0958950564366737,huber
spectral,1,3400,0.02437383495271206,0.0913497484908614,huber
spectral,1,3450,0.024116303771734238,0.09038455738915252,huber
spectral,1,3500,0.026299577206373215,0.09856716302047759,huber
spectral,1,3550,0.025267792865633965,0.09470017860024986,huber
spectral,1,3600,0.025607584044337273,0.09597366874959161,huber
spectral,1,3650,0.02461894229054451,0.09226837675382038,huber
spectral,1,3700,0.02454061433672905,0.09197481446070041,huber
spectral,1,3750,0.02578560635447502,0.0966408716451719,huber
spectral,1,3800,0.024929475039243698,0.09343221037076585,huber
spectral,1,3850,0.02569369226694107,0.09629639040964687,huber
spectral,1,3900,0.02433810755610466,0.09121584717001258,huber
spectral,1,3950,0.024995222687721252,0.09367862342656698,huber
spectral,1,4000,0.02541019581258297,0.09523388506923133,huber
spectral,1,4050,0.02473396435379982,0.09269946347323314,huber
spectral,1,4100,0.025094442069530487,0.09405048389051436,huber
spectral,1,4150,0.024153906852006912,0.09052548851189356,huber
spectral,1,4200,0.025306999683380127,0.09484712030832278,huber
spectral,1,4250,0.024519525468349457,0.09189577631072646,huber
spectral,1,4300,0.024360354989767075,0.09129922746177101,huber
spectral,1,4350,0.023685062304139137,0.08876832425718659,huber
spectral,1,4400,0.025132419541478157,0.09419281818125971,huber
spectral,1,4450,0.025171957910060883,0.094341002495824,huber
spectral,1,4500,0.02497538924217224,0.09360429042701544,huber
spectral,1,4550,0.025060247629880905,0.09392232787945433,huber
spectral,1,4600,0.023355035111308098,0.08753142817092234,huber
spectral,1,4650,0.026103917509317398,0.09783385764811729,huber
spectral,1,4700,0.02420453540980816,0.09071523731550087,huber
spectral,1,4750,0.024569964036345482,0.09208481305892859,huber
spectral,1,4800,0.025795862078666687,0.09667930867518043,huber
spectral,1,4850,0.026034913957118988,0.09757524191733344,huber
spectral,1,4900,0.026616768911480904,0.09975595348128076,huber
spectral,1,4950,0.026005245745182037,0.0974640495791613,huber
spectral,1,5000,0.025826681405305862,0.09679481523139567,huber
spectral,2,1,0.1375017613172531,1.0,huber
spectral,2,50,0.11684274673461914,0.8497545457983761,huber
spectral,2,100,0.06136351823806763,0.44627441605264734,huber
spectral,2,150,0.02641862817108631,0.19213301646465106,huber
spectral,2,200,0.025389838963747025,0.18465100897992076,huber
spectral,2,250,0.026396173983812332,0.191969715376295,huber
spectral,2,300,0.02603670209646225,0.1893554078655666,huber
spectral,2,350,0.025437824428081512,0.18499998970478415,huber
spectral,2,400,0.02629283256828785,0.19121815107243095,huber
spectral,2,450,0.024814030155539513,0.18046336219858994,huber
spectral,2,500,0.024340268224477768,0.1770178650171491,huber
spectral,2,550,0.025919234380126,0.1885011081445236,huber
spectral,2,600,0.024719808250665665,0.17977812075898064,huber
spectral,2,650,0.024963904172182083,0.1815533410847278,huber
spectral,2,700,0.02569049969315529,0.18683760445715658,huber
spectral,2,750,0.02454691380262375,0.17852072269814417,huber
spectral,2,800,0.02490696683526039,0.18113925666590844,huber
spectral,2,850,0.02494093030691147,0.18138626056844548,huber
spectral,2,900,0.025096870958805084,0.18252035987306323,huber
spectral,2,950,0.024706628173589706,0.17968226688082162,huber
spectral,2,1000,0.025175726041197777,0.18309384403528248,huber
spectral,2,1050,0.025077812373638153,0.18238175375642623,huber
spectral,2,1100,0.025079412385821342,0.18239339005961147,huber
spectral,2,1150,0.024323351681232452,0.17689483718766347,huber
spectral,2,1200,0.025422628968954086,0.18488947869036618,huber
spectral,2,1250,0.02522362396121025,0.18344218808232315,huber
spectral,2,1300,0.025247721001505852,0.18361743703960742,huber
spectral,2,1350,0.02455103024840355,0.17855066010214804,huber
spectral,2,1400,0.025058027356863022,0.18223786456849445,huber
spectral,2,1450,0.02532365173101425,0.1841696534532809,huber
spectral,2,1500,0.024196451529860497,0.17597193881780795,huber
spectral,2,1550,0.024966107681393623,0.1815693664009887,huber
spectral,2,1600,0.025377655401825905,0.18456240239187124,huber
spectral,2,1650,0.02487598918378353,0.1809139675410267,huber
spectral,2,1700,0.025387931615114212,0.18463713753118774,huber
spectral,2,1750,0.02514130249619484,0.18284349418759205,huber
spectral,2,1800,0.024839285761117935,0.1806470369772726,huber
spectral,2,1850,0.024435296654701233,0.17770897202052932,huber
spectral,2,1900,0.025540370494127274,0.18574576972289722,huber
spectral,2,1950,0.024735525250434875,0.17989242474766154,huber
spectral,2,2000,0.024064883589744568,0.17501509332829915,huber
spectral,2,2050,0.024593506008386612,0.17885957076319087,huber
spectral,2,2100,0.02549920417368412,0.1854463821365217,huber
spectral,2,2150,0.024856723845005035,0.1807738577810212,huber
spectral,2,2200,0.025086045265197754,0.18244162856443402,huber
spectral,2,2250,0.02472088858485222,0.1797859776342396,huber
spectral,2,2300,0.024776393547654152,0.18018964492017253,huber
spectral,2,2350,0.025136644020676613,0.18280961479962204,huber
spectral,2,2400,0.02524775080382824,0.18361765378099387,huber
spectral,2,2450,0.025333095341920853,0.18423833338011336,huber
spectral,2,2500,0.02522001415491104,0.18341593528188896,huber
spectral,2,2550,0.025341108441352844,0.18429660972039602,huber
spectral,2,2600,0.023889213800430298,0.17373751122584918,huber
spectral,2,2650,0.025498513132333755,0.18544135644562332,huber
spectral,2,2700,0.02548607625067234,0.18535090755578895,huber
spectral,2,2750,0.025695955380797386,0.1868772816772142,huber
spectral,2,2800,0.02481624111533165,0.18047944170019747,huber
spectral,2,2850,0.02460714429616928,0.17895875704016662,huber
spectral,2,2900,0.025201627984642982,0.18328221939278383,huber
spectral,2,2950,0.025188513100147247,0.18318683963640767,huber
spectral,2,3000,0.02481107786297798,0.1804418912549944,huber
spectral,2,3050,0.024623233824968338,0.1790757702961782,huber
spectral,2,3100,0.025517987087368965,0.18558298339533402,huber
spectral,2,3150,0.02506229653954506,0.1822689127721039,huber
spectral,2,3200,0.024847878143191338,0.18070952622825448,huber
spectral,2,3250,0.025127418339252472,0.18274251979417805,huber
spectral,2,3300,0.024880677461624146,0.18094806367038316,huber
spectral,2,3350,0.025246530771255493,0.18360878093048594,huber
spectral,2,3400,0.024972811341285706,0.18161811966660407,huber
spectral,2,3450,0.024735277518630028,0.17989062308488665,huber
spectral,2,3500,0.02469301037490368,0.17958322961354903,huber
spectral,2,3550,0.02448458969593048,0.17806746227372336,huber
spectral,2,3600,0.025172434747219086,0.18306990765841602,huber
spectral,2,3650,0.024564824998378754,0.1786509842714027,huber
spectral,2,3700,0.024849727749824524,0.18072297774055124,huber
spectral,2,3750,0.024546509608626366,0.17851778314309039,huber
spectral,2,3800,0.025241820141673088,0.18357452224508963,huber
spectral,2,3850,0.024351613596081734,0.17710037575370463,huber
spectral,2,3900,0.024628713726997375,0.17911562361861233,huber
spectral,2,3950,0.025279192253947258,0.1838463159437023,huber
spectral,2,4000,0.025584913790225983,0.18606971681762524,huber
spectral,2,4050,0.024691730737686157,0.17957392328026817,huber
spectral,2,4100,0.02517416700720787,0.18308250575150362,huber
spectral,2,4150,0.02555904909968376,0.18588161238685694,huber
spectral,2,4200,0.02512511983513832,0.18272580361474783,huber
spectral,2,4250,0.02567470818758011,0.18672275861500953,huber
spectral,2,4300,0.02427130565047264,0.17651632544889578,huber
spectral,2,4350,0.024463998153805733,0.17791770752202066,huber
spectral,2,4400,0.024244550615549088,0.17632174586920718,huber
spectral,2,4450,0.02526947855949402,0.18377567179805512,huber
spectral,2,4500,0.024723976850509644,0.17980843746041084,huber
spectral,2,4550,0.024583039805293083,0.17878345389753572,huber
spectral,2,4600,0.024932481348514557,0.18132481438538592,huber
spectral,2,4650,0.025463368743658066,0.18518576416564808,huber
spectral,2,4700,0.024845246225595474,0.1806903852545633,huber
spectral,2,4750,0.02520206943154335,0.18328542987457067,huber
spectral,2,4800,0.024499690160155296,0.178177282424972,huber
spectral,2,4850,0.02506590634584427,0.18229516557253808,huber
spectral,2,4900,0.025528864935040474,0.18566209400138953,huber
spectral,2,4950,0.023921318352222443,0.17397099588440618,huber
spectral,2,5000,0.02480570413172245,0.1804028100737495,huber
spectral,3,1,0.12941330671310425,1.0,huber
spectral,3,50,0.03207002207636833,0.24781085416095744,huber
spectral,3,100,0.026190323755145073,0.20237736304201143,huber
spectral,3,150,0.02614796720445156,0.20205006632292355,huber
spectral,3,200,0.025296509265899658,0.1954706970124747,huber
spectral,3,250,0.02529405988752842,0.1954517702233102,huber
spectral,3,300,0.025426894426345825,0.1964782067018393,huber
spectral,3,350,0.026676956564188004,0.20613766266963585,huber
spectral,3,400,0.024185746908187866,0.18688763561080418,huber
spectral,3,450,0.024732014164328575,0.19110874138435285,huber
spectral,3,500,0.026043107733130455,0.20123979824474542,huber
spectral,3,550,0.024008922278881073,0.18552127975607902,huber
spectral,3,600,0.02509656362235546,0.19392568090383405,huber
spectral,3,650,0.025381457060575485,0.1961271039680913,huber
spectral,3,700,0.025073997676372528,0.19375130976259616,huber
spectral,3,750,0.024912910535931587,0.1925065603273773,huber
spectral,3,800,0.025617690756917,0.19795252441627767,huber
spectral,3,850,0.02459842711687088,0.19007649013561656,huber
spectral,3,900,0.02396959811449051,0.18521741483376666,huber
spectral,3,950,0.02445531263947487,0.18897061871457885,huber
spectral,3,1000,0.024116557091474533,0.18635299339764508,huber
spectral,3,1050,0.024636294692754745,0.19036909973539917,huber
spectral,3,1100,0.025141537189483643,0.19427319978168706,huber
spectral,3,1150,0.025014087557792664,0.1932883734533287,huber
spectral,3,1200,0.02437945269048214,0.18838443518431094,huber
spectral,3,1250,0.024037007242441177,0.18573829734316816,huber
spectral,3,1300,0.02482977882027626,0.191864186542434,huber
spectral,3,1350,0.0256565622985363,0.19825289184066838,huber
spectral,3,1400,0.02612951397895813,0.20190747491588734,huber
spectral,3,1450,0.024986300617456436,0.19307365874552954,huber
spectral,3,1500,0.024375388398766518,0.1883530296679939,huber
spectral,3,1550,0.024076294153928757,0.1860418744055693,huber
spectral,3,1600,0.025204092264175415,0.19475657414465306,huber
spectral,3,1650,0.024229245260357857,0.1872237552361718,huber
spectral,3,1700,0.024916592985391617,0.1925350152796041,huber
spectral,3,1750,0.02645779773592949,0.20444418281176954,huber
spectral,3,1800,0.025574136525392532,0.1976159730010432,huber
spectral,3,1850,0.02482147142291069,0.19179999378222592,huber
spectral,3,1900,0.02439255639910698,0.18848568990809209,huber
spectral,3,1950,0.02481597289443016,0.19175750565932587,huber
spectral,3,2000,0.025206224992871284,0.19477305412457196,huber
spectral,3,2050,0.0255226269364357,0.19721794910176194,huber
spectral,3,2100,0.025441709905862808,0.19659268858854226,huber
spectral,3,2150,0.024804797023534775,0.19167114768595175,huber
spectral,3,2200,0.02489163726568222,0.1923421779250597,huber
spectral,3,2250,0.024585960432887077,0.18998015781631775,huber
spectral,3,2300,0.02422126568853855,0.18716209564318267,huber
spectral,3,2350,0.024791423231363297,0.19156780597781406,huber
spectral,3,2400,0.02593856118619442,0.20043194818982174,huber
spectral,3,2450,0.025909461081027985,0.20020708642015111,huber
spectral,3,2500,0.025643885135650635,0.19815493311287102,huber
spectral,3,2550,0.025546764954924583,0.19740446793125443,huber
spectral,3,2600,0.026074398308992386,0.20148158617719736,huber
spectral,3,2650,0.026395658031105995,0.20396401808681394,huber
spectral,3,2700,0.025061994791030884,0.19365856129919237,huber
spectral,3,2750,0.023901641368865967,0.18469230078366983,huber
spectral,3,2800,0.02599373459815979,0.20085828311137416,huber
spectral,3,2850,0.025151871144771576,0.19435305212106696,huber
spectral,3,2900,0.025809794664382935,0.19943694601360082,huber
spectral,3,2950,0.026204541325569153,0.20248722477713885,huber
spectral,3,3000,0.026192285120487213,0.20239251886633858,huber
spectral,3,3050,0.02623457834124565,0.20271932622357733,huber
spectral,3,3100,0.10547266900539398,0.8150063674612368,huber
spectral,3,3150,0.1333601027727127,1.0304976061569782,huber
spectral,3,3200,0.027785969898104668,0.21470720904847332,huber
spectral,3,3250,0.027653321623802185,0.21368221186950043,huber
spectral,3,3300,0.027195001021027565,0.21014068577442377,huber
spectral,3,3350,0.026460040360689163,0.20446151197842663,huber
spectral,3,3400,0.028001148253679276,0.21636993107482286,huber
spectral,3,3450,0.026884455233812332,0.20774104237528182,huber
spectral,3,3500,0.026075784116983414,0.20149229456589574,huber
spectral,3,3550,0.026362497359514236,0.2037077795868174,huber
spectral,3,3600,0.026134252548217773,0.20194409069659797,huber
spectral,3,3650,0.025339823216199875,0.19580539173128161,huber
spectral,3,3700,0.025457628071308136,0.19671569112861811,huber
spectral,3,3750,0.025923341512680054,0.20031434302308176,huber
spectral,3,3800,0.026248477399349213,0.2028267267564636,huber
spectral,3,3850,0.025339683517813683,0.19580431225661443,huber
spectral,3,3900,0.02545064687728882,0.19666174618125043,huber
spectral,3,3950,0.02667340263724327,0.2061102008341029,huber
spectral,3,4000,0.025183696299791336,0.19459897084324532,huber
spectral,3,4050,0.02590304985642433,0.2001575457294255,huber
spectral,3,4100,0.0251332875341177,0.19420945320434138,huber
spectral,3,4150,0.025553032755851746,0.19745290036132176,huber
spectral,3,4200,0.026423102244734764,0.20417608448342964,huber
spectral,3,4250,0.025984667241573334,0.20078821800897662,huber
spectral,3,4300,0.02576383389532566,0.1990817988480998,huber
spectral,3,4350,0.024732541292905807,0.191112814602097,huber
spectral,3,4400,0.025462010875344276,0.19674955784717632,huber
spectral,3,4450,0.025666924193501472,0.19833296007498175,huber
spectral,3,4500,0.025312505662441254,0.19559430405836417,huber
spectral,3,4550,0.025969751179218292,0.20067295890051332,huber
spectral,3,4600,0.025358285754919052,0.19594805510329566,huber
spectral,3,4650,0.02581941708922386,0.19951130022867591,huber
spectral,3,4700,0.025077199563384056,0.19377605132196785,huber
spectral,3,4750,0.024759436026215553,0.1913206350650218,huber
spectral,3,4800,0.025444772094488144,0.19661635067324676,huber
spectral,3,4850,0.024937879294157028,0.19269949843289064,huber
spectral,3,4900,0.026497121900320053,0.20474804773408192,huber
spectral,3,4950,0.026246430352330208,0.20281090885434058,huber
spectral,3,5000,0.025701338425278664,0.19859888506099177,huber
spectral,4,1,0.22760933637619019,1.0,huber
spectral,4,50,0.02601863071322441,0.11431266892418292,huber
spectral,4,100,0.027953024953603745,0.12281141625668332,huber
spectral,4,150,0.025647638365626335,0.11268271668450455,huber
spectral,4,200,0.02557412162423134,0.11235972140423411,huber
spectral,4,250,0.02731318399310112,0.12000027954898208,huber
spectral,4,300,0.024423757568001747,0.10730560510766761,huber
spectral,4,350,0.024487784132361412,0.10758690536265293,huber
spectral,4,400,0.026521632447838783,0.11652260346651212,huber
spectral,4,450,0.024202710017561913,0.10633443426749394,huber
spectral,4,500,0.026795588433742523,0.11772622714146959,huber
spectral,4,550,0.027511542662978172,0.12087176695382741,huber
spectral,4,600,0.02779623679816723,0.12212256861127137,huber
spectral,4,650,0.024286404252052307,0.10670214429126935,huber
spectral,4,700,0.023234833031892776,0.10208207361709672,huber
spectral,4,750,0.024851389229297638,0.10918440176910642,huber
spectral,4,800,0.024449124932289124,0.10741705644218338,huber
spectral,4,850,0.0236874558031559,0.10407066854237268,huber
spectral,4,900,0.025784512981772423,0.11328407433672258,huber
spectral,4,950,0.02542726695537567,0.11171451646144148,huber
spectral,4,1000,0.027354741469025612,0.12018286202378799,huber
spectral,4,1050,0.02682778798043728,0.11786769562078336,huber
spectral,4,1100,0.025399403646588326,0.11159209921252296,huber
spectral,4,1150,0.025761568918824196,0.11318326975939932,huber
spectral,4,1200,0.0263361819088459,0.11570782784286912,huber
spectral,4,1250,0.02376696839928627,0.10442000656776437,huber
spectral,4,1300,0.02500305138528347,0.10985072837240167,huber
spectral,4,1350,0.02515471912920475,0.11051707952625155,huber
spectral,4,1400,0.025924693793058395,0.11389995773376514,huber
spectral,4,1450,0.022731859236955643,0.09987226182754066,huber
spectral,4,1500,0.02640763483941555,0.11602175578496175,huber
spectral,4,1550,0.023703288286924362,0.10414022844716629,huber
spectral,4,1600,0.023660844191908836,0.10395375061769195,huber
spectral,4,1650,0.025847166776657104,0.1135593433387864,huber
spectral,4,1700,0.02408524602651596,0.10581835705855287,huber
spectral,4,1750,0.024767599999904633,0.10881627438590225,huber
spectral,4,1800,0.026133500039577484,0.11481734649225603,huber
spectral,4,1850,0.025230534374713898,0.11085017326799437,huber
spectral,4,1900,0.02577703818678856,0.11325123387814179,huber
spectral,4,1950,0.025185946375131607,0.11065427620905917,huber
spectral,4,2000,0.02518429048359394,0.11064700106136958,huber
spectral,4,2050,0.024352315813302994,0.10699172626668423,huber
spectral,4,2100,0.025391682982444763,0.11155817852953831,huber
spectral,4,2150,0.02752869389951229,0.12094712078951442,huber
spectral,4,2200,0.027270391583442688,0.11981227140160229,huber
spectral,4,2250,0.02394411712884903,0.1051983082507409,huber
spectral,4,2300,0.023821597918868065,0.10466002097337515,huber
spectral,4,2350,0.025211557745933533,0.11076679958446059,huber
spectral,4,2400,0.02440917305648327,0.10724152816007537,huber
spectral,4,2450,0.026712698861956596,0.11736205239756134,huber
spectral,4,2500,0.025134515017271042,0.1104283129042167,huber
spectral,4,2550,0.02551165223121643,0.11208526257047319,huber
spectral,4,2600,0.02496480569243431,0.10968269619297495,huber
spectral,4,2650,0.025808021426200867,0.11338735852006376,huber
spectral,4,2700,0.024142498150467873,0.10606989385780476,huber
spectral,4,2750,0.024374017491936684,0.10708707243736074,huber
spectral,4,2800,0.026542115956544876,0.11661259761627862,huber
spectral,4,2850,0.025800522416830063,0.11335441167574623,huber
spectral,4,2900,0.025101318955421448,0.11028246624266004,huber
spectral,4,2950,0.0264329444617033,0.116132953430413,huber
spectral,4,3000,0.02695661410689354,0.1184336922908116,huber
spectral,4,3050,0.02596260793507099,0.11406653324695029,huber
spectral,4,3100,0.025292301550507545,0.11112154691538975,huber
spectral,4,3150,0.023913446813821793,0.10506355843987837,huber
spectral,4,3200,0.024693235754966736,0.1084895556048458,huber
spectral,4,3250,0.025197751820087433,0.11070614334748057,huber
spectral,4,3300,0.023329339921474457,0.10249728896408705,huber
spectral,4,3350,0.024309653788805008,0.10680429096557921,huber
spectral,4,3400,0.025400245562195778,0.11159579816275433,huber
spectral,4,3450,0.024683300405740738,0.10844590471870826,huber
spectral,4,3500,0.02455677092075348,0.10788999832663419,huber
spectral,4,3550,0.025109201669692993,0.11031709889172904,huber
spectral,4,3600,0.024896742776036263,0.10938366225402636,huber
spectral,4,3650,0.024245169013738632,0.10652097756511396,huber
spectral,4,3700,0.023487728089094162,0.10319316625164227,huber
spectral,4,3750,0.024194251745939255,0.10629727291129773,huber
spectral,4,3800,0.025295332074165344,0.11113486149951907,huber
spectral,4,3850,0.023513760417699814,0.10330753910215938,huber
spectral,4,3900,0.02468222752213478,0.10844119101221872,huber
spectral,4,3950,0.023524101823568344,0.10335297399526691,huber
spectral,4,4000,0.021944671869277954,0.09641375972823911,huber
spectral,4,4050,0.023615453392267227,0.1037543264624078,huber
spectral,4,4100,0.025031190365552902,0.10997435678201543,huber
spectral,4,4150,0.023753244429826736,0.10435971040558564,huber
spectral,4,4200,0.026946991682052612,0.11839141623573352,huber
spectral,4,4250,0.025078820064663887,0.11018361752618923,huber
spectral,4,4300,0.0248703695833683,0.10926779181967664,huber
spectral,4,4350,0.024757303297519684,0.10877103589723178,huber
spectral,4,4400,0.02658834122121334,0.11681568798772132,huber
spectral,4,4450,0.024706732481718063,0.10854885337780279,huber
spectral,4,4500,0.02464444190263748,0.10827518016179012,huber
spectral,4,4550,0.02466300129890442,0.10835672073724464,huber
spectral,4,4600,0.02524455264210701,0.11091176242605046,huber
spectral,4,4650,0.022799912840127945,0.10017125484889822,huber
spectral,4,4700,0.024758998304605484,0.10877848289880379,huber
spectral,4,4750,0.025773145258426666,0.11323413032508077,huber
spectral,4,4800,0.027244681492447853,0.1196993142997357,huber
spectral,4,4850,0.025980215519666672,0.114143892044599,huber
spectral,4,4900,0.025569263845682144,0.1123383787887398,huber
spectral,4,4950,0.02524038776755333,0.11089346407933064,huber
spectral,4,5000,0.024061117321252823,0.10571234776364742,huber
spectral,5,1,0.44817787408828735,1.0,mse
spectral,5,50,0.19287565350532532,0.4303551439206711,mse
spectral,5,100,0.12496459484100342,0.2788281217478987,mse
spectral,5,150,0.09418445080518723,0.21014971119844633,mse
spectral,5,200,0.07218347489833832,0.16105988062257345,mse
spectral,5,250,0.06610081344842911,0.14748789993904918,mse
spectral,5,300,0.06102938577532768,0.13617224165623446,mse
spectral,5,350,0.062272071838378906,0.13894499358107942,mse
spectral,5,400,0.05838237702846527,0.13026608497179945,mse
spectral,5,450,0.058867331594228745,0.13134814322099347,mse
spectral,5,500,0.054944999516010284,0.12259641247971687,mse
spectral,5,550,0.0552060604095459,0.12317890641489089,mse
spectral,5,600,0.055972903966903687,0.1248899314379752,mse
spectral,5,650,0.05312646925449371,0.11853880418029793,mse
spectral,5,700,0.05104254186153412,0.11388902668470233,mse
spectral,5,750,0.05752570554614067,0.12835463076610645,mse
spectral,5,800,0.05318502336740494,0.11866945345215307,mse
spectral,5,850,0.05314548313617706,0.11858122903610328,mse
spectral,5,900,0.05264958366751671,0.11747474989616549,mse
spectral,5,950,0.05606061965227127,0.12508564767128105,mse
spectral,5,1000,0.05260734260082245,0.11738049922218881,mse
spectral,5,1050,0.052987996488809586,0.11822983585836588,mse
spectral,5,1100,0.0560600720345974,0.12508442579553586,mse
spectral,5,1150,0.05399388074874878,0.12047422211234023,mse
spectral,5,1200,0.0522712841629982,0.1166306664944847,mse
spectral,5,1250,0.05014757066965103,0.11189211598556598,mse
spectral,5,1300,0.052093327045440674,0.11623359843770135,mse
spectral,5,1350,0.0521908774971962,0.11645125856194102,mse
spectral,5,1400,0.05194603279232979,0.11590494711056809,mse
spectral,5,1450,0.053960785269737244,0.120400377594516,mse
spectral,5,1500,0.050004806369543076,0.11157357214759009,mse
spectral,5,1550,0.0507458932697773,0.11322712745025154,mse
spectral,5,1600,0.054454248398542404,0.12150142063419973,mse
spectral,5,1650,0.05272920802235603,0.11765241229193035,mse
spectral,5,1700,0.05643158406019211,0.12591336458764038,mse
spectral,5,1750,0.04964018613100052,0.11076001070329905,mse
spectral,5,1800,0.053868867456912994,0.12019528533508388,mse
spectral,5,1850,0.053897857666015625,0.12025996994085922,mse
spectral,5,1900,0.050170958042144775,0.11194429922317296,mse
spectral,5,1950,0.05413177236914635,0.120781893749808,mse
spectral,5,2000,0.05393489450216293,0.12034260863921677,mse
spectral,5,2050,0.05203721299767494,0.11610839357818016,mse
spectral,5,2100,0.051953963935375214,0.11592264352867342,mse
spectral,5,2150,0.05053682625293732,0.11276064521423022,mse
spectral,5,2200,0.050034403800964355,0.11163961162238899,mse
spectral,5,2250,0.05362355709075928,0.11964793487372355,mse
spectral,5,2300,0.05681756138801575,0.12677457918599336,mse
spectral,5,2350,0.05175244063138962,0.11547299325444793,mse
spectral,5,2400,0.04925861209630966,0.10990862098338688,mse
spectral,5,2450,0.050400201231241226,0.11245579968392817,mse
spectral,5,2500,0.055640868842601776,0.12414907575656219,mse
spectral,5,2550,0.05127903074026108,0.11441669414086143,mse
spectral,5,2600,0.05404478311538696,0.12058779837208247,mse
spectral,5,2650,0.05321185663342476,0.1187293253636668,mse
spectral,5,2700,0.05206388235092163,0.11616789975817832,mse
spectral,5,2750,0.049084968864917755,0.10952117831512677,mse
spectral,5,2800,0.05393185466527939,0.12033582598201904,mse
spectral,5,2850,0.052014391869306564,0.11605747377671785,mse
spectral,5,2900,0.05069795995950699,0.11312017591818892,mse
spectral,5,2950,0.05408184602856636,0.12067049525499932,mse
spectral,5,3000,0.05021362379193306,0.11203949747425815,mse
spectral,5,3050,0.05203697830438614,0.11610786991714651,mse
spectral,5,3100,0.050860799849033356,0.11348351355474143,mse
spectral,5,3150,0.05337147414684296,0.11908547305110652,mse
spectral,5,3200,0.053588543087244034,0.11956980963475125,mse
spectral,5,3250,0.05403231084346771,0.12055996952858006,mse
spectral,5,3300,0.05249115824699402,0.1171212620742935,mse
spectral,5,3350,0.05076447129249573,0.1132685797927087,mse
spectral,5,3400,0.05293657258152962,0.11811509590743774,mse
spectral,5,3450,0.05236300081014633,0.11683530990160226,mse
spectral,5,3500,0.05343586951494217,0.11922915566424358,mse
spectral,5,3550,0.0535392165184021,0.11945974938480634,mse
spectral,5,3600,0.0518694743514061,0.11573412555656025,mse
spectral,5,3650,0.050262078642845154,0.11214761269750666,mse
spectral,5,3700,0.05277068912982941,0.1177449673016076,mse
spectral,5,3750,0.053591012954711914,0.1195753205437244,mse
spectral,5,3800,0.050206854939460754,0.11202439442508136,mse
spectral,5,3850,0.05082007497549057,0.1133926458972837,mse
spectral,5,3900,0.05043499171733856,0.11253342619810652,mse
spectral,5,3950,0.05457708239555359,0.12177549484471506,mse
spectral,5,4000,0.051063172519207,0.11393505898318393,mse
spectral,5,4050,0.05147850885987282,0.11486178108322227,mse
spectral,5,4100,0.05082237720489502,0.1133977827626614,mse
spectral,5,4150,0.05330042541027069,0.11892694506326956,mse
spectral,5,4200,0.05191550403833389,0.11583682961579439,mse
spectral,5,4250,0.05033499002456665,0.1123102967252932,mse
spectral,5,4300,0.05187882483005524,0.11575498887710717,mse
spectral,5,4350,0.049016136676073074,0.10936759601482982,mse
spectral,5,4400,0.04931211471557617,0.11002799907489876,mse
spectral,5,4450,0.05571908876299858,0.12432360449820505,mse
spectral,5,4500,0.053020067512989044,0.11830139455421783,mse
spectral,5,4550,0.04945133253931999,0.11033862981281063,mse
spectral,5,4600,0.05356506258249283,0.11951741859514678,mse
spectral,5,4650,0.053695857524871826,0.11980925572040664,mse
spectral,5,4700,0.05178098753094673,0.11553668872271526,mse
spectral,5,4750,0.05615221709012985,0.12529002509184184,mse
spectral,5,4800,0.05122355744242668,0.11429291895908289,mse
spectral,5,4850,0.05583905428647995,0.12459127840719803,mse
spectral,5,4900,0.05390818044543266,0.12028300271425982,mse
spectral,5,4950,0.055628180503845215,0.12412076481242562,mse
spectral,5,5000,0.04898742958903313,0.10930354312712681,mse
spectral,6,1,0.2706574499607086,1.0,huber
spectral,6,50,0.05200296640396118,0.1921357288022571,huber
spectral,6,100,0.03482561185956001,0.12867043513716564,huber
spectral,6,150,0.02953144535422325,0.10911004060117442,huber
spectral,6,200,0.026782354339957237,0.09895295453291693,huber
spectral,6,250,0.026430770754814148,0.0976539561672923,huber
spectral,6,300,0.026288416236639023,0.09712799791934534,huber
spectral,6,350,0.02728528529405594,0.1008111370960487,huber
spectral,6,400,0.024460121989250183,0.0903729861963935,huber
spectral,6,450,0.025147125124931335,0.0929112615543446,huber
spectral,6,500,0.02654304914176464,0.09806879191988951,huber
spectral,6,550,0.024152908474206924,0.08923792224346015,huber
spectral,6,600,0.02536063827574253,0.0937001301069826,huber
spectral,6,650,0.025201227515935898,0.09311115404210882,huber
spectral,6,700,0.02519003301858902,0.09306979365336465,huber
spectral,6,750,0.02479696273803711,0.09161751409996986,huber
spectral,6,800,0.025200124830007553,0.09310707994058859,huber
spectral,6,850,0.02462180331349373,0.09097035133179626,huber
spectral,6,900,0.02383415400981903,0.08806021786312934,huber
spectral,6,950,0.024490052834153175,0.09048357190134024,huber
spectral,6,1000,0.02397753857076168,0.08858998181739502,huber
spectral,6,1050,0.02468280866742134,0.09119574824563133,huber
spectral,6,1100,0.024763323366642,0.09149322647589007,huber
spectral,6,1150,0.024506542831659317,0.09054449761208101,huber
spectral,6,1200,0.024202896282076836,0.08942261255173421,huber
spectral,6,1250,0.023936893790960312,0.08843981126119098,huber
spectral,6,1300,0.024340633302927017,0.08993151049956523,huber
spectral,6,1350,0.024860741570591927,0.09185315820495968,huber
spectral,6,1400,0.02476436272263527,0.09149706659185002,huber
spectral,6,1450,0.024496162310242653,0.0905061446259793,huber
spectral,6,1500,0.02347346767783165,0.08672758751417815,huber
spectral,6,1550,0.023525740951299667,0.08692072194840712,huber
spectral,6,1600,0.024046100676059723,0.08884329871411446,huber
spectral,6,1650,0.023576023057103157,0.08710649960134366,huber
spectral,6,1700,0.02392568066716194,0.08839838205316439,huber
spectral,6,1750,0.025504089891910553,0.09423014181066505,huber
spectral,6,1800,0.024417893961071968,0.09021696600118237,huber
spectral,6,1850,0.023520587012171745,0.08690167965295702,huber
spectral,6,1900,0.023085972294211388,0.08529590557201652,huber
spectral,6,1950,0.02356458455324173,0.08706423767999959,huber
spectral,6,2000,0.023624742403626442,0.0872865033164838,huber
spectral,6,2050,0.02389639988541603,0.08829019814117467,huber
spectral,6,2100,0.023463640362024307,0.08669127846076481,huber
spectral,6,2150,0.02306262217462063,0.08520963371955449,huber
spectral,6,2200,0.02329958602786064,0.08608514574877967,huber
spectral,6,2250,0.022784605622291565,0.08418244399183991,huber
spectral,6,2300,0.022203441709280014,0.08203521356054781,huber
spectral,6,2350,0.02268528938293457,0.08381549957789004,huber
spectral,6,2400,0.02329123578965664,0.08605429406446352,huber
spectral,6,2450,0.023443609476089478,0.08661727020443291,huber
spectral,6,2500,0.023181965574622154,0.08565057262597975,huber
spectral,6,2550,0.02272801473736763,0.08397335724794222,huber
spectral,6,2600,0.022502221167087555,0.08313911614239403,huber
spectral,6,2650,0.022427385672926903,0.08286262091135008,huber
spectral,6,2700,0.021611418575048447,0.0798478614875954,huber
spectral,6,2750,0.020830487832427025,0.07696255113410323,huber
spectral,6,2800,0.02145972289144993,0.07928739036950669,huber
spectral,6,2850,0.02170443907380104,0.08019154498408182,huber
spectral,6,2900,0.02205513045191765,0.08148724690607775,huber
spectral,6,2950,0.02152760699391365,0.07953820224434545,huber
spectral,6,3000,0.02061852626502514,0.07617941522769217,huber
spectral,6,3050,0.02079196088016033,0.07682020533031218,huber
spectral,6,3100,0.02083335816860199,0.07697315618552665,huber
spectral,6,3150,0.021904364228248596,0.08093020987018261,huber
spectral,6,3200,0.021251529455184937,0.07851817660393248,huber
spectral,6,3250,0.02042558044195175,0.07546653692672024,huber
spectral,6,3300,0.020180746912956238,0.07456194875066575,huber
spectral,6,3350,0.019107133150100708,0.07059526036646874,huber
spectral,6,3400,0.020655017346143723,0.07631423908391295,huber
spectral,6,3450,0.020580114796757698,0.07603749610345223,huber
spectral,6,3500,0.019217729568481445,0.07100388173786196,huber
spectral,6,3550,0.01976083032786846,0.07301047996549566,huber
spectral,6,3600,0.019057268276810646,0.07041102426545877,huber
spectral,6,3650,0.018559355288743973,0.0685713816170153,huber
spectral,6,3700,0.018188640475273132,0.06720169896640045,huber
spectral,6,3750,0.018023168668150902,0.06659032910702191,huber
spectral,6,3800,0.01862061582505703,0.06879772135501974,huber
spectral,6,3850,0.018289998173713684,0.06757618597370531,huber
spectral,6,3900,0.017842000350356102,0.06592096523833439,huber
spectral,6,3950,0.018132980912923813,0.06699605318662458,huber
spectral,6,4000,0.016972407698631287,0.06270807510044588,huber
spectral,6,4050,0.0184088833630085,0.06801543192578265,huber
spectral,6,4100,0.016812078654766083,0.06211570624494798,huber
spectral,6,4150,0.01746426150202751,0.06452533083631284,huber
spectral,6,4200,0.017561376094818115,0.06488414081107874,huber
spectral,6,4250,0.01698593981564045,0.06275807230913577,huber
spectral,6,4300,0.016594605520367622,0.06131220671286404,huber
spectral,6,4350,0.016541555523872375,0.06111620251455748,huber
spectral,6,4400,0.016692791134119034,0.06167497379637002,huber
spectral,6,4450,0.015784207731485367,0.05831802425455779,huber
spectral,6,4500,0.016409238800406456,0.060627330977915395,huber
spectral,6,4550,0.01648520678281784,0.06090801042133147,huber
spectral,6,4600,0.015817739069461823,0.05844191272679945,huber
spectral,6,4650,0.015342937782406807,0.05668766104400283,huber
spectral,6,4700,0.01561681553721428,0.057699559127160086,huber
spectral,6,4750,0.015490468591451645,0.05723274417053881,huber
spectral,6,4800,0.015533752739429474,0.05739266641906406,huber
spectral,6,4850,0.015293806791305542,0.05650613642272084,huber
spectral,6,4900,0.016250964254140854,0.06004255288927021,huber
spectral,6,4950,0.01490778662264347,0.05507990496772816,huber
spectral,6,5000,0.014973185025155544,0.05532153290932581,huber
spectral,7,1,0.27536720037460327,1.0,mse
spectral,7,50,0.053830064833164215,0.1954846646947604,mse
spectral,7,100,0.05129044130444527,0.18626198485030504,mse
spectral,7,150,0.05126524716615677,0.18617049197005558,mse
spectral,7,200,0.051513463258743286,0.18707189232655722,mse
spectral,7,250,0.05092440918087959,0.1849327338608345,mse
spectral,7,300,0.049688130617141724,0.1804431702452112,mse
spectral,7,350,0.050492145121097565,0.1833629606300576,mse
spectral,7,400,0.048858366906642914,0.17742987124166243,mse
spectral,7,450,0.049396783113479614,0.1793851375410047,mse
spectral,7,500,0.047980502247810364,0.17424189294345435,mse
spectral,7,550,0.047858454287052155,0.17379867399583757,mse
spectral,7,600,0.05034322291612625,0.18282214747304862,mse
spectral,7,650,0.05172364041209221,0.18783515372102613,mse
spectral,7,700,0.04885262995958328,0.17740903743483347,mse
spectral,7,750,0.0474022813141346,0.17214207519867875,mse
spectral,7,800,0.04885966330766678,0.1774345791408679,mse
spectral,7,850,0.05060385540127754,0.18376863814004432,mse
spectral,7,900,0.04809486120939255,0.17465718917854195,mse
spectral,7,950,0.04921291023492813,0.17871740050369112,mse
spectral,7,1000,0.05053474009037018,0.18351764488153952,mse
spectral,7,1050,0.04937637969851494,0.17931104224230204,mse
spectral,7,1100,0.049423523247241974,0.1794822447263412,mse
spectral,7,1150,0.04979827255010605,0.18084315227943493,mse
spectral,7,1200,0.048950765281915665,0.17776541728762235,mse
spectral,7,1250,0.04940324276685715,0.17940859586635627,mse
spectral,7,1300,0.050112687051296234,0.18198495312122895,mse
spectral,7,1350,0.049427494406700134,0.17949666604976952,mse
spectral,7,1400,0.05237838625907898,0.19021287280338622,mse
spectral,7,1450,0.04938552528619766,0.17934425457721442,mse
spectral,7,1500,0.04970213398337364,0.1804940236736982,mse
spectral,7,1550,0.04903567582368851,0.17807377115713668,mse
spectral,7,1600,0.04974811524152756,0.18066100528258758,mse
spectral,7,1650,0.04915418475866318,0.17850413808106028,mse
spectral,7,1700,0.048343099653720856,0.1755586707057195,mse
spectral,7,1750,0.04957689344882965,0.1800392108478656,mse
spectral,7,1800,0.04701733589172363,0.17074414028890267,mse
spectral,7,1850,0.04882745444774628,0.177317612196814,mse
spectral,7,1900,0.051247693598270416,0.18610674593253743,mse
spectral,7,1950,0.05045754462480545,0.1832373084236763,mse
spectral,7,2000,0.05007988214492798,0.18186582162581616,mse
spectral,7,2050,0.050663165748119354,0.183984024528696,mse
spectral,7,2100,0.050482556223869324,0.1833281384100721,mse
spectral,7,2150,0.048100631684064865,0.17467814474138482,mse
spectral,7,2200,0.04893222451210022,0.17769808621191607,mse
spectral,7,2250,0.04930097609758377,0.17903721296696137,mse
spectral,7,2300,0.048155833035707474,0.17487860925410642,mse
spectral,7,2350,0.048564303666353226,0.17636197630032718,mse
spectral,7,2400,0.05032423138618469,0.18275317945537722,mse
spectral,7,2450,0.050113022327423096,0.1819861706813683,mse
spectral,7,2500,0.05010576546192169,0.1819598172685743,mse
spectral,7,2550,0.05296804755926132,0.19235423640580576,mse
spectral,7,2600,0.049607325345277786,0.18014972472318094,mse
spectral,7,2650,0.0499168261885643,0.18127368154471044,mse
spectral,7,2700,0.0493055023252964,0.17905365002884266,mse
spectral,7,2750,0.05057498812675476,0.18366380621204595,mse
spectral,7,2800,0.048345260322093964,0.17556651720439534,mse
spectral,7,2850,0.05258331075310707,0.19095705908900526,mse
spectral,7,2900,0.050235241651535034,0.18243001193750075,mse
spectral,7,2950,0.04903601109981537,0.17807498871727603,mse
spectral,7,3000,0.04868846759200096,0.17681287940526788,mse
spectral,7,3050,0.05065503716468811,0.18395450545953967,mse
spectral,7,3100,0.04895032197237015,0.17776380740254918,mse
spectral,7,3150,0.047541771084070206,0.17264863433043393,mse
spectral,7,3200,0.050791386514902115,0.18444966011132288,mse
spectral,7,3250,0.04918569326400757,0.17861856167726756,mse
spectral,7,3300,0.0495929941534996,0.18009768079144656,mse
spectral,7,3350,0.04908838868141174,0.17826519866793508,mse
spectral,7,3400,0.04917766898870468,0.17858942140459902,mse
spectral,7,3450,0.050762519240379333,0.1843448281833245,mse
spectral,7,3500,0.05013718828558922,0.18207392971052372,mse
spectral,7,3550,0.05141545087099075,0.1867159589124861,mse
spectral,7,3600,0.0507994182407856,0.1844788274408834,mse
spectral,7,3650,0.04971753805875778,0.18054996379787852,mse
spectral,7,3700,0.048192646354436874,0.17501229735740748,mse
spectral,7,3750,0.0487837977707386,0.17715907233822414,mse
spectral,7,3800,0.05058299005031586,0.18369286531403853,mse
spectral,7,3850,0.049168650060892105,0.1785566690368504,mse
spectral,7,3900,0.04999803751707077,0.18156860166735392,mse
spectral,7,3950,0.04894285649061203,0.17773669639677958,mse
spectral,7,4000,0.05065174400806427,0.18394254631328202,mse
spectral,7,4050,0.04862302541732788,0.176575225194512,mse
spectral,7,4100,0.04842418059706688,0.17585311733275324,mse
spectral,7,4150,0.049353085458278656,0.17922644886950895,mse
spectral,7,4200,0.04886731505393982,0.17746236656893719,mse
spectral,7,4250,0.0496639683842659,0.18035542474450178,mse
spectral,7,4300,0.04811714589595795,0.174738116342471,mse
spectral,7,4350,0.04774899035692215,0.17340115413878454,mse
spectral,7,4400,0.048666730523109436,0.17673394092289976,mse
spectral,7,4450,0.05009046941995621,0.18190426946932778,mse
spectral,7,4500,0.04915601760149002,0.17851079407648876,mse
spectral,7,4550,0.04857555031776428,0.1764028186787795,mse
spectral,7,4600,0.049387820065021515,0.179352588099946,mse
spectral,7,4650,0.048682864755392075,0.17679253262249467,mse
spectral,7,4700,0.04551508277654648,0.16528868621473,mse
spectral,7,4750,0.04763543978333473,0.1729887935764774,mse
spectral,7,4800,0.04658404737710953,0.16917064673547774,mse
spectral,7,4850,0.04605047404766083,0.1672329674159261,mse
spectral,7,4900,0.04789014533162117,0.1739137604858985,mse
spectral,7,4950,0.04792582616209984,0.17404333594161772,mse
spectral,7,5000,0.047207076102495193,0.17143318462865498,mse
spectral,8,1,0.4788229465484619,1.0,mse
spectral,8,50,0.049841441214084625,0.10409158870384284,mse
spectral,8,100,0.050899967551231384,0.10630227293436484,mse
spectral,8,150,0.047969751060009,0.10018264873434582,mse
spectral,8,200,0.0500388965010643,0.10450396511228986,mse
spectral,8,250,0.04869912937283516,0.10170592224929283,mse
spectral,8,300,0.04999523609876633,0.10441278234293286,mse
spectral,8,350,0.05018378421664238,0.10480655653281908,mse
spectral,8,400,0.05200611799955368,0.1086124179604039,mse
spectral,8,450,0.04969030246138573,0.10377594227589204,mse
spectral,8,500,0.05019620805978775,0.104832503165567,mse
spectral,8,550,0.05029013380408287,0.10502866282118119,mse
spectral,8,600,0.04913980886340141,0.10262626137201623,mse
spectral,8,650,0.050682250410318375,0.10584758056324436,mse
spectral,8,700,0.051986970007419586,0.10857242824756302,mse
spectral,8,750,0.05055250599980354,0.10557661524829846,mse
spectral,8,800,0.05217709019780159,0.10896948563955408,mse
spectral,8,850,0.05064069479703903,0.10576079355025994,mse
spectral,8,900,0.048405393958091736,0.10109246916217413,mse
spectral,8,950,0.05144652724266052,0.10744373805287878,mse
spectral,8,1000,0.049524348229169846,0.10342935439113811,mse
spectral,8,1050,0.048444174230098724,0.10117346000082655,mse
spectral,8,1100,0.04908834025263786,0.10251877151353189,mse
spectral,8,1150,0.05135894566774368,0.10726082790718054,mse
spectral,8,1200,0.05012042447924614,0.10467423259585457,mse
spectral,8,1250,0.048038989305496216,0.10032724966875448,mse
spectral,8,1300,0.04782216250896454,0.09987441674148011,mse
spectral,8,1350,0.05029112473130226,0.1050307323277212,mse
spectral,8,1400,0.0496475026011467,0.10368655670958295,mse
spectral,8,1450,0.048947423696517944,0.1022244736793623,mse
spectral,8,1500,0.049082811921834946,0.10250722584546655,mse
spectral,8,1550,0.04812713712453842,0.10051134238961844,mse
spectral,8,1600,0.049072615802288055,0.10248593171238378,mse
spectral,8,1650,0.04734101891517639,0.09886957017500618,mse
spectral,8,1700,0.04759091138839722,0.09939145926787891,mse
spectral,8,1750,0.050636328756809235,0.10575167527332424,mse
spectral,8,1800,0.04803198203444481,0.10031261530107866,mse
spectral,8,1850,0.049834247678518295,0.1040765653311783,mse
spectral,8,1900,0.048600293695926666,0.10149950842217585,mse
spectral,8,1950,0.04825899749994278,0.10078672680123625,mse
spectral,8,2000,0.05017336830496788,0.1047848033738496,mse
spectral,8,2050,0.0519440695643425,0.10848283261856001,mse
spectral,8,2100,0.04768943786621094,0.09959722734671461,mse
spectral,8,2150,0.04839842766523361,0.10107792037559583,mse
spectral,8,2200,0.05004209280014038,0.10451064043789637,mse
spectral,8,2250,0.04728909954428673,0.09876113892444913,mse
spectral,8,2300,0.048350654542446136,0.10097814837608778,mse
spectral,8,2350,0.04863164946436882,0.10156499352197772,mse
spectral,8,2400,0.04960884898900986,0.10360583039432285,mse
spectral,8,2450,0.049170710146427155,0.10269079729964563,mse
spectral,8,2500,0.049102090299129486,0.10254748786179954,mse
spectral,8,2550,0.04673384875059128,0.0976015228331613,mse
spectral,8,2600,0.046939559280872345,0.0980311399427086,mse
spectral,8,2650,0.04978047311306,0.10396425959093356,mse
spectral,8,2700,0.04733669012784958,0.09886052969906824,mse
spectral,8,2750,0.050675757229328156,0.10583401984933744,mse
spectral,8,2800,0.04677162691950798,0.0976804208249744,mse
spectral,8,2850,0.04876374825835228,0.10184087585998111,mse
spectral,8,2900,0.04846525937318802,0.10121749536555016,mse
spectral,8,2950,0.04787251353263855,0.09997957257003211,mse
spectral,8,3000,0.04493306204676628,0.09384066150267212,mse
spectral,8,3050,0.04858832061290741,0.10147450318150064,mse
spectral,8,3100,0.04849701374769211,0.10128381293602791,mse
spectral,8,3150,0.046996984630823135,0.09815107018073234,mse
spectral,8,3200,0.04808950424194336,0.10043274782169655,mse
spectral,8,3250,0.04698638245463371,0.09812892801677414,mse
spectral,8,3300,0.047052111476659775,0.09826620009719524,mse
spectral,8,3350,0.04609627649188042,0.09626998209705681,mse
spectral,8,3400,0.04656660929322243,0.09725225081398516,mse
spectral,8,3450,0.046744994819164276,0.09762480089168657,mse
spectral,8,3500,0.04723340645432472,0.09864482643282052,mse
spectral,8,3550,0.04640066623687744,0.09690568626953054,mse
spectral,8,3600,0.04792843386530876,0.10009635964774696,mse
spectral,8,3650,0.049272291362285614,0.1029029450602964,mse
spectral,8,3700,0.049189094454050064,0.10272919209203273,mse
spectral,8,3750,0.04768524318933487,0.09958846695436853,mse
spectral,8,3800,0.04842524975538254,0.10113393709397216,mse
spectral,8,3850,0.04793912172317505,0.10011868075399996,mse
spectral,8,3900,0.047733426094055176,0.09968909476485177,mse
spectral,8,3950,0.04621056467294693,0.09650866777803836,mse
spectral,8,4000,0.0468309223651886,0.09780425667308494,mse
spectral,8,4050,0.04683700203895569,0.0978169537959169,mse
spectral,8,4100,0.048134248703718185,0.10052619460008794,mse
spectral,8,4150,0.04707708954811096,0.09831836566618318,mse
spectral,8,4200,0.0490993894636631,0.10254184728946303,mse
spectral,8,4250,0.04814868047833443,0.1005563347066143,mse
spectral,8,4300,0.04747280851006508,0.09914480676472828,mse
spectral,8,4350,0.046069856733083725,0.09621480562945613,mse
spectral,8,4400,0.04632699862122536,0.09675183479649002,mse
spectral,8,4450,0.046790413558483124,0.09771965586813715,mse
spectral,8,4500,0.04933170974254608,0.1030270376516995,mse
spectral,8,4550,0.047403477132320404,0.09900001132782527,mse
spectral,8,4600,0.048167288303375244,0.10059519630498788,mse
spectral,8,4650,0.048855848610401154,0.1020332232667058,mse
spectral,8,4700,0.04897437244653702,0.10228075492113095,mse
spectral,8,4750,0.04643411189317703,0.09697553600530591,mse
spectral,8,4800,0.04512207582592964,0.09423540820503015,mse
spectral,8,4850,0.04872661828994751,0.10176333160552878,mse
spectral,8,4900,0.04633080214262009,0.09675977827835977,mse
spectral,8,4950,0.04653072729706764,0.09717731289295728,mse
spectral,8,5000,0.04746265336871147,0.09912359821274302,mse
spectral,9,1,0.1215786263346672,1.0,huber
spectral,9,50,0.026084836572408676,0.21455117037270544,huber
spectral,9,100,0.02540060132741928,0.2089232465704911,huber
spectral,9,150,0.025964397937059402,0.21356054694669516,huber
spectral,9,200,0.02531130611896515,0.20818878187759082,huber
spectral,9,250,0.025821905583143234,0.21238852881972659,huber
spectral,9,300,0.024730104953050613,0.2034083267644143,huber
spectral,9,350,0.025043899193406105,0.20598932516697657,huber
spectral,9,400,0.02451237477362156,0.20161746774590794,huber
spectral,9,450,0.02416544035077095,0.19876388703595974,huber
spectral,9,500,0.02408740296959877,0.19812201943533914,huber
spectral,9,550,0.024066118523478508,0.19794695210021665,huber
spectral,9,600,0.025448383763432503,0.20931626331573458,huber
spectral,9,650,0.025373036041855812,0.20869651851479168,huber
spectral,9,700,0.024776699021458626,0.20379156903168383,huber
spectral,9,750,0.02387763001024723,0.1963966095859623,huber
spectral,9,800,0.024389352649450302,0.2006055947886283,huber
spectral,9,850,0.02540365606546402,0.2089483721878536,huber
spectral,9,900,0.024525344371795654,0.20172414437620967,huber
spectral,9,950,0.02482452057301998,0.20418490750739351,huber
spectral,9,1000,0.025367291644215584,0.20864927009775153,huber
spectral,9,1050,0.02504698559641838,0.2060147112328117,huber
spectral,9,1100,0.02449391782283783,0.20146565692734414,huber
spectral,9,1150,0.025050083175301552,0.20604018922163717,huber
spectral,9,1200,0.024443060159683228,0.2010473460392559,huber
spectral,9,1250,0.024910295382142067,0.20489041645833342,huber
spectral,9,1300,0.02494388073682785,0.205166660364835,huber
spectral,9,1350,0.02481042966246605,0.20406900793705995,huber
spectral,9,1400,0.02448507957160473,0.2013929611624753,huber
spectral,9,1450,0.024847134947776794,0.2043709136783677,huber
spectral,9,1500,0.025025155395269394,0.20583515499166044,huber
spectral,9,1550,0.024453531950712204,0.2011334778812143,huber
spectral,9,1600,0.0243501178920269,0.20028288381050455,huber
spectral,9,1650,0.025450563058257103,0.20933418829885292,huber
spectral,9,1700,0.024347763508558273,0.20026351870053738,huber
spectral,9,1750,0.024954553693532944,0.2052544468206197,huber
spectral,9,1800,0.02319893054664135,0.19081421830496825,huber
spectral,9,1850,0.024345222860574722,0.20024262154073105,huber
spectral,9,1900,0.024883296340703964,0.20466834583414506,huber
spectral,9,1950,0.024993155151605606,0.20557194882929025,huber
spectral,9,2000,0.024783670902252197,0.20384891365716415,huber
spectral,9,2050,0.02528543770313263,0.20797601079592623,huber
spectral,9,2100,0.024870768189430237,0.20456530016196217,huber
spectral,9,2150,0.02363734319806099,0.1944202193319319,huber
spectral,9,2200,0.02454467862844467,0.20188317114951598,huber
spectral,9,2250,0.024581771343946457,0.2021882635544892,huber
spectral,9,2300,0.024067291989922523,0.19795660401420345,huber
spectral,9,2350,0.02420572191476822,0.1990952081341796,huber
spectral,9,2400,0.02459220588207245,0.20227408898647978,huber
spectral,9,2450,0.023956188932061195,0.1970427669261326,huber
spectral,9,2500,0.024518726393580437,0.2016697106454238,huber
spectral,9,2550,0.024929560720920563,0.20504887637319924,huber
spectral,9,2600,0.024094514548778534,0.1981805130981988,huber
spectral,9,2650,0.024775512516498566,0.2037818098742083,huber
spectral,9,2700,0.023980483412742615,0.19724259218665613,huber
spectral,9,2750,0.02467448264360428,0.20295082604144,huber
spectral,9,2800,0.023582549765706062,0.1939695362307419,huber
spectral,9,2850,0.026086971163749695,0.21456872766386237,huber
spectral,9,2900,0.02469344437122345,0.20310678871506796,huber
spectral,9,2950,0.024028977379202843,0.19764146136228525,huber
spectral,9,3000,0.02352287620306015,0.19347871342376555,huber
spectral,9,3050,0.02422924153506756,0.1992886600673722,huber
spectral,9,3100,0.02384338155388832,0.19611491158203326,huber
spectral,9,3150,0.023022230714559555,0.18936083922503527,huber
spectral,9,3200,0.02414831519126892,0.198623030373746,huber
spectral,9,3250,0.023955080658197403,0.1970336512295895,huber
spectral,9,3300,0.024248670786619186,0.1994484681860965,huber
spectral,9,3350,0.02403275854885578,0.19767256197402047,huber
spectral,9,3400,0.02385108172893524,0.19617824652238475,huber
spectral,9,3450,0.024509146809577942,0.20159091732219506,huber
spectral,9,3500,0.0239566620439291,0.19704665833272408,huber
spectral,9,3550,0.024948466569185257,0.20520437943187547,huber
spectral,9,3600,0.025075845420360565,0.20625208703489342,huber
spectral,9,3650,0.024362212046980858,0.20038235980656216,huber
spectral,9,3700,0.023715276271104813,0.19506122898464254,huber
spectral,9,3750,0.023729318752884865,0.19517673022201792,huber
spectral,9,3800,0.024860691279172897,0.20448241626566283,huber
spectral,9,3850,0.023930316790938377,0.19682996520347124,huber
spectral,9,3900,0.024603476747870445,0.20236679332224825,huber
spectral,9,3950,0.023375730961561203,0.19226842469181438,huber
spectral,9,4000,0.02430826798081398,0.1999386628526388,huber
spectral,9,4050,0.023930717259645462,0.19683325911062546,huber
spectral,9,4100,0.02333039417862892,0.19189552376095928,huber
spectral,9,4150,0.024417085573077202,0.200833701689183,huber
spectral,9,4200,0.023916050791740417,0.19671262550628885,huber
spectral,9,4250,0.024466272443532944,0.20123827009021383,huber
spectral,9,4300,0.0235934779047966,0.19405942159480627,huber
spectral,9,4350,0.023270899429917336,0.19140617172182853,huber
spectral,9,4400,0.023870285600423813,0.19633620086080364,huber
spectral,9,4450,0.02380959317088127,0.195836997741207,huber
spectral,9,4500,0.02397189289331436,0.1971719340480734,huber
spectral,9,4550,0.023729953914880753,0.1951819545119695,huber
spectral,9,4600,0.023989930748939514,0.19732029775449905,huber
spectral,9,4650,0.023938992992043495,0.19690132808497998,huber
spectral,9,4700,0.023795869201421738,0.19572411630905662,huber
spectral,9,4750,0.023819025605916977,0.1959145807450628,huber
spectral,9,4800,0.023855650797486305,0.1962158277049397,huber
spectral,9,4850,0.0228387713432312,0.18785186205643864,huber
spectral,9,4900,0.023781944066286087,0.19560958026307992,huber
spectral,9,4950,0.02358677238225937,0.194004267800596,huber
spectral,9,5000,0.023388035595417023,0.19236963190419026,huber
spectral,10,1,0.2877712845802307,1.0,mse
spectral,10,50,0.04690682888031006,0.16300038048873644,mse
spectral,10,100,0.05125556141138077,0.17811214724272012,mse
spectral,10,150,0.05249845236539841,0.18243117078890414,mse
spectral,10,200,0.047593556344509125,0.16538674598451822,mse
spectral,10,250,0.05036734417080879,0.17502560842468756,mse
spectral,10,300,0.050178974866867065,0.17437102850641498,mse
spectral,10,350,0.05158749222755432,0.17926560081491283,mse
spectral,10,400,0.05222418159246445,0.1814780848222691,mse
spectral,10,450,0.05039157718420029,0.17510981770716286,mse
spectral,10,500,0.04974034056067467,0.17284678223968886,mse
spectral,10,550,0.05079866945743561,0.17652445598085004,mse
spectral,10,600,0.052896782755851746,0.18381536167867404,mse
spectral,10,650,0.049629103392362595,0.17246023509522884,mse
spectral,10,700,0.04711155965924263,0.16371181623616068,mse
spectral,10,750,0.05292712152004242,0.1839207883345509,mse
spectral,10,800,0.05039295554161072,0.17511460747419066,mse
spectral,10,850,0.04959768056869507,0.17235104135231125,mse
spectral,10,900,0.051466669887304306,0.17884574537163517,mse
spectral,10,950,0.05321286618709564,0.18491374587536333,mse
spectral,10,1000,0.049488186836242676,0.1719705526158756,mse
spectral,10,1050,0.05102599039673805,0.1773143921262651,mse
spectral,10,1100,0.0527433417737484,0.18328215704594925,mse
spectral,10,1150,0.05210353061556816,0.18105882486354083,mse
spectral,10,1200,0.052635081112384796,0.18290595320920605,mse
spectral,10,1250,0.048441123217344284,0.16833202551117948,mse
spectral,10,1300,0.04990534484386444,0.17342016913418204,mse
spectral,10,1350,0.050480395555496216,0.17541845993818145,mse
spectral,10,1400,0.05160185694694519,0.17931551795453232,mse
spectral,10,1450,0.052504122257232666,0.1824508735602996,mse
spectral,10,1500,0.047262802720069885,0.1642373831322736,mse
spectral,10,1550,0.048571813851594925,0.16878617309731295,mse
spectral,10,1600,0.052964575588703156,0.1840509405445442,mse
spectral,10,1650,0.05154779180884361,0.17912764257919583,mse
spectral,10,1700,0.05465008318424225,0.1899080489005698,mse
spectral,10,1750,0.04751843586564064,0.16512570368150298,mse
spectral,10,1800,0.05123892426490784,0.17805433346016292,mse
spectral,10,1850,0.0526912659406662,0.18310119446951234,mse
spectral,10,1900,0.047875046730041504,0.16636491997412595,mse
spectral,10,1950,0.05368851125240326,0.1865666038594441,mse
spectral,10,2000,0.05087660253047943,0.1767952719976653,mse
spectral,10,2050,0.05066532641649246,0.1760610913295171,mse
spectral,10,2100,0.050142671912908554,0.17424487639915567,mse
spectral,10,2150,0.049009304493665695,0.17030644515193763,mse
spectral,10,2200,0.04798690974712372,0.16675364193172287,mse
spectral,10,2250,0.051594074815511703,0.17928847518879967,mse
spectral,10,2300,0.05451710522174835,0.18944595289023344,mse
spectral,10,2350,0.04748900607228279,0.16502343568280123,mse
spectral,10,2400,0.04697738587856293,0.16324556477929478,mse
spectral,10,2450,0.049063459038734436,0.1704946312148651,mse
spectral,10,2500,0.05293109267950058,0.18393458804171747,mse
spectral,10,2550,0.048491012305021286,0.16850538918695335,mse
spectral,10,2600,0.05005733668804169,0.1739483380388695,mse
spectral,10,2650,0.05090271681547165,0.17688601866486772,mse
spectral,10,2700,0.04903186485171318,0.1703848419873981,mse
spectral,10,2750,0.047538772225379944,0.16519637216313748,mse
spectral,10,2800,0.05141349136829376,0.17866095098157603,mse
spectral,10,2850,0.04960642009973526,0.17238141106433078,mse
spectral,10,2900,0.04781946539878845,0.16617177585505885,mse
spectral,10,2950,0.05144546180963516,0.17877204768598848,mse
spectral,10,3000,0.0487709566950798,0.16947819087030014,mse
spectral,10,3050,0.05036916583776474,0.17503193868435404,mse
spectral,10,3100,0.04952285438776016,0.17209102172928298,mse
spectral,10,3150,0.05083175748586655,0.17663943628014991,mse
spectral,10,3200,0.050939008593559265,0.17701213193617815,mse
spectral,10,3250,0.05232403427362442,0.1818250710801427,mse
spectral,10,3300,0.04960104078054428,0.17236271802760605,mse
spectral,10,3350,0.0481896847486496,0.16745828138809415,mse
spectral,10,3400,0.050559788942337036,0.1756943505189829,mse
spectral,10,3450,0.0507684089243412,0.17641930117661533,mse
spectral,10,3500,0.05275573208928108,0.18332521316793432,mse
spectral,10,3550,0.050701677799224854,0.1761874117258882,mse
spectral,10,3600,0.05018334835767746,0.17438622630774103,mse
spectral,10,3650,0.04779767990112305,0.16609607164538698,mse
spectral,10,3700,0.0495024248957634,0.17202002961474117,mse
spectral,10,3750,0.0521191731095314,0.18111318224664824,mse
spectral,10,3800,0.04735936224460602,0.16457292573054563,mse
spectral,10,3850,0.04934123158454895,0.17145988577881405,mse
spectral,10,3900,0.04871028661727905,0.16926736344917906,mse
spectral,10,3950,0.052188269793987274,0.1813532919732204,mse
spectral,10,4000,0.0498095378279686,0.17308724148980084,mse
spectral,10,4050,0.0493272989988327,0.17141147029588436,mse
spectral,10,4100,0.04702272266149521,0.16340310927856064,mse
spectral,10,4150,0.04883651062846184,0.16970598960107922,mse
spectral,10,4200,0.04946764186024666,0.17189915919652876,mse
spectral,10,4250,0.048342421650886536,0.1679890393560399,mse
spectral,10,4300,0.04917106032371521,0.17086854373062474,mse
spectral,10,4350,0.046495091170072556,0.16156959940563392,mse
spectral,10,4400,0.04821142926812172,0.16753384319928682,mse
spectral,10,4450,0.052035845816135406,0.18082362141184313,mse
spectral,10,4500,0.05037684738636017,0.17505863192654683,mse
spectral,10,4550,0.04629044979810715,0.16085847434580067,mse
spectral,10,4600,0.051197201013565063,0.1779093459176997,mse
spectral,10,4650,0.05114208161830902,0.17771780701785272,mse
spectral,10,4700,0.04925204813480377,0.1711499749067989,mse
spectral,10,4750,0.05181325227022171,0.18005011287280182,mse
spectral,10,4800,0.04880965128540993,0.1696126538706185,mse
spectral,10,4850,0.05187494307756424,0.18026448731058672,mse
spectral,10,4900,0.05126214027404785,0.17813500867129067,mse
spectral,10,4950,0.05220396816730499,0.18140784353607217,mse
spectral,10,5000,0.04611809551715851,0.16025954634226464,mse
spectral,11,1,0.7034487128257751,1.0,mse
spectral,11,50,0.06285513192415237,0.08935282811402323,mse
spectral,11,100,0.05358964204788208,0.07618130656975806,mse
spectral,11,150,0.0535200759768486,0.07608241368707153,mse
spectral,11,200,0.048252880573272705,0.06859473859784233,mse
spectral,11,250,0.05153737962245941,0.07326387650271214,mse
spectral,11,300,0.050424374639987946,0.07168166452026287,mse
spectral,11,350,0.05134674161672592,0.07299287166290273,mse
spectral,11,400,0.051797062158584595,0.07363303281985434,mse
spectral,11,450,0.051278501749038696,0.07289586406811575,mse
spectral,11,500,0.04856708645820618,0.06904140354896762,mse
spectral,11,550,0.05023837834596634,0.0714172581881019,mse
spectral,11,600,0.0521039143204689,0.07406924395549161,mse
spectral,11,650,0.05014429986476898,0.07128351925378865,mse
spectral,11,700,0.047659628093242645,0.06775139000794024,mse
spectral,11,750,0.05198275297880173,0.0738970049003081,mse
spectral,11,800,0.04948002099990845,0.07033920184620948,mse
spectral,11,850,0.04973194748163223,0.07069733240659076,mse
spectral,11,900,0.05198536068201065,0.0739007119270769,mse
spectral,11,950,0.053097669035196304,0.07548193360380366,mse
spectral,11,1000,0.049240581691265106,0.06999882264829822,mse
spectral,11,1050,0.05010011047124863,0.07122070103731507,mse
spectral,11,1100,0.05245122313499451,0.07456296696357056,mse
spectral,11,1150,0.05289266258478165,0.07519050304649814,mse
spectral,11,1200,0.051371969282627106,0.0730287344990146,mse
spectral,11,1250,0.04775508493185043,0.06788708837068844,mse
spectral,11,1300,0.0503838025033474,0.07162398847949286,mse
spectral,11,1350,0.05074481666088104,0.07213719456111811,mse
spectral,11,1400,0.050093527883291245,0.0712113434426001,mse
spectral,11,1450,0.051817283034324646,0.07366177816457013,mse
spectral,11,1500,0.04816007614135742,0.06846281081089325,mse
spectral,11,1550,0.047666728496551514,0.06776148371225643,mse
spectral,11,1600,0.052850350737571716,0.0751303538892981,mse
spectral,11,1650,0.05226829648017883,0.07430292433149174,mse
spectral,11,1700,0.0532904714345932,0.07575601527583117,mse
spectral,11,1750,0.04681539535522461,0.06655125597879868,mse
spectral,11,1800,0.051255516707897186,0.07286318927502504,mse
spectral,11,1850,0.052082665264606476,0.07403903698307841,mse
spectral,11,1900,0.0482323057949543,0.0685654901566365,mse
spectral,11,1950,0.05199620872735977,0.07391613315843511,mse
spectral,11,2000,0.0508301667869091,0.07225852554726095,mse
spectral,11,2050,0.04996073246002197,0.07102256575227521,mse
spectral,11,2100,0.051664162427186966,0.0734441068484587,mse
spectral,11,2150,0.04928553104400635,0.0700627211982873,mse
spectral,11,2200,0.04889675974845886,0.06951005646458443,mse
spectral,11,2250,0.051003746688365936,0.07250528113624988,mse
spectral,11,2300,0.05455399677157402,0.07755220213912814,mse
spectral,11,2350,0.050116658210754395,0.07124422477003936,mse
spectral,11,2400,0.04710058122873306,0.06695666701773975,mse
spectral,11,2450,0.04913574084639549,0.06984978428493487,mse
spectral,11,2500,0.05349704250693321,0.07604967004919796,mse
spectral,11,2550,0.04870561137795448,0.06923832610667882,mse
spectral,11,2600,0.05076184123754501,0.07216139615016585,mse
spectral,11,2650,0.05111435800790787,0.07266252262027734,mse
spectral,11,2700,0.04946480691432953,0.07031757399288979,mse
spectral,11,2750,0.04806780815124512,0.06833164561230803,mse
spectral,11,2800,0.05015966668725014,0.07130536423296194,mse
spectral,11,2850,0.04919500648975372,0.06993403441188466,mse
spectral,11,2900,0.04831914231181145,0.06868893414803755,mse
spectral,11,2950,0.05181952565908432,0.07366496620759129,mse
spectral,11,3000,0.05080561339855194,0.07222362124235643,mse
spectral,11,3050,0.05067114159464836,0.07203246046339444,mse
spectral,11,3100,0.04938241466879845,0.07020044783425328,mse
spectral,11,3150,0.05129164457321167,0.0729145474830305,mse
spectral,11,3200,0.05153399705886841,0.07325906795941776,mse
spectral,11,3250,0.05163642019033432,0.07340466937939119,mse
spectral,11,3300,0.05015251785516739,0.0712952016838629,mse
spectral,11,3350,0.049041423946619034,0.06971570642245989,mse
spectral,11,3400,0.05072787031531334,0.07211310418287344,mse
spectral,11,3450,0.05091703310608864,0.07238201190468221,mse
spectral,11,3500,0.05254340171813965,0.07469400506409513,mse
spectral,11,3550,0.05136888474225998,0.07302434961592237,mse
spectral,11,3600,0.05100589245557785,0.07250833148970535,mse
spectral,11,3650,0.04805976152420044,0.06832020678685002,mse
spectral,11,3700,0.050185587257146835,0.07134221207904382,mse
spectral,11,3750,0.052119821310043335,0.0740918568187813,mse
spectral,11,3800,0.04771023243665695,0.06782332751026507,mse
spectral,11,3850,0.04957829415798187,0.07047890379786799,mse
spectral,11,3900,0.04904638230800629,0.06972275506907313,mse
spectral,11,3950,0.053030796349048615,0.07538686955019404,mse
spectral,11,4000,0.05017566308379173,0.07132810419431226,mse
spectral,11,4050,0.04940786957740784,0.0702366337112693,mse
spectral,11,4100,0.047141581773757935,0.06701495207005036,mse
spectral,11,4150,0.04965895414352417,0.07059356743157952,mse
spectral,11,4200,0.049571823328733444,0.07046970507572883,mse
spectral,11,4250,0.04857952147722244,0.06905908077090227,mse
spectral,11,4300,0.048723429441452026,0.06926365569101478,mse
spectral,11,4350,0.04646579548716545,0.06605427608291572,mse
spectral,11,4400,0.0478210374712944,0.06798084437342393,mse
spectral,11,4450,0.052385635673999786,0.0744697299445827,mse
spectral,11,4500,0.05161408334970474,0.07337291604724015,mse
spectral,11,4550,0.04713870584964752,0.06701086374909962,mse
spectral,11,4600,0.051245152950286865,0.07284845649149532,mse
spectral,11,4650,0.051372088491916656,0.07302890396309547,mse
spectral,11,4700,0.04917382448911667,0.06990392276301693,mse
spectral,11,4750,0.052688147872686386,0.07489977152852619,mse
spectral,11,4800,0.048690393567085266,0.06921669295760662,mse
spectral,11,4850,0.05190543085336685,0.07378708626086064,mse
spectral,11,4900,0.05127301812171936,0.07288806872039622,mse
spectral,11,4950,0.052273593842983246,0.07431045489158493,mse
spectral,11,5000,0.04649984836578369,0.06610268455676373,mse
spectral,12,1,0.23753641545772552,1.0,mse
spectral,12,50,0.05780797824263573,0.24336469897148819,mse
spectral,12,100,0.05299502611160278,0.2231027440970807,mse
spectral,12,150,0.04835032671689987,0.20354911319062488,mse
spectral,12,200,0.05101107060909271,0.21475052787504567,mse
spectral,12,250,0.050873223692178726,0.21417020878313564,mse
spectral,12,300,0.0512925386428833,0.21593547475255162,mse
spectral,12,350,0.05082875117659569,0.21398298479266942,mse
spectral,12,400,0.052001744508743286,0.21892114692619863,mse
spectral,12,450,0.051358528435230255,0.21621328391381134,mse
spectral,12,500,0.05091484263539314,0.21434541957401257,mse
spectral,12,550,0.05118592083454132,0.21548662648591202,mse
spectral,12,600,0.04991387575864792,0.21013146831598592,mse
spectral,12,650,0.051180895417928696,0.21546547008089117,mse
spectral,12,700,0.05180218815803528,0.21808103847241284,mse
spectral,12,750,0.05192206799983978,0.21858571831938914,mse
spectral,12,800,0.05311409384012222,0.22360400504391278,mse
spectral,12,850,0.05143020302057266,0.21651502537608058,mse
spectral,12,900,0.04895560443401337,0.2060972602439815,mse
spectral,12,950,0.05113237723708153,0.2152612143218166,mse
spectral,12,1000,0.0502009242773056,0.2113399083697122,mse
spectral,12,1050,0.04877038300037384,0.20531750008264957,mse
spectral,12,1100,0.049763984978199005,0.2095004459939555,mse
spectral,12,1150,0.05159103497862816,0.2171921087518888,mse
spectral,12,1200,0.051049865782260895,0.21491385093055876,mse
spectral,12,1250,0.048525333404541016,0.204285870488675,mse
spectral,12,1300,0.048143260180950165,0.2026773877520192,mse
spectral,12,1350,0.05138528347015381,0.21632591942223223,mse
spectral,12,1400,0.050430215895175934,0.21230519875446643,mse
spectral,12,1450,0.04937335476279259,0.20785593934156,mse
spectral,12,1500,0.04968445003032684,0.20916561334221703,mse
spectral,12,1550,0.0484653115272522,0.20403318553856678,mse
spectral,12,1600,0.04949747771024704,0.2083784821576384,mse
spectral,12,1650,0.04802228510379791,0.20216809709475667,mse
spectral,12,1700,0.04877447336912155,0.20533472004759612,mse
spectral,12,1750,0.05098236724734306,0.2146296901428843,mse
spectral,12,1800,0.04895834997296333,0.20610881863575345,mse
spectral,12,1850,0.04998684674501419,0.21043866747206336,mse
spectral,12,1900,0.04893691837787628,0.2060185941746082,mse
spectral,12,1950,0.04915892332792282,0.2069532085562336,mse
spectral,12,2000,0.051545143127441406,0.21699890952768427,mse
spectral,12,2050,0.05249768868088722,0.22100901278536916,mse
spectral,12,2100,0.04879236966371536,0.2054100613149943,mse
spectral,12,2150,0.04913917928934097,0.2068700885068559,mse
spectral,12,2200,0.0512586310505867,0.21579272783001655,mse
spectral,12,2250,0.04795156419277191,0.20187037048770265,mse
spectral,12,2300,0.04914194345474243,0.20688172531376878,mse
spectral,12,2350,0.04954089596867561,0.2085612678511284,mse
spectral,12,2400,0.050466522574424744,0.2124580455471523,mse
spectral,12,2450,0.050333403050899506,0.2118976282180084,mse
spectral,12,2500,0.05048646032810211,0.2125419811139956,mse
spectral,12,2550,0.04749745875597,0.1999586407180719,mse
spectral,12,2600,0.048701848834753036,0.20502897941313983,mse
spectral,12,2650,0.05079837515950203,0.21385510538085326,mse
spectral,12,2700,0.04812849313020706,0.20261522022829595,mse
spectral,12,2750,0.05169432610273361,0.21762695207435964,mse
spectral,12,2800,0.04823179543018341,0.20305011059985137,mse
spectral,12,2850,0.05037650838494301,0.21207909653713092,mse
spectral,12,2900,0.048979148268699646,0.20619637698210735,mse
spectral,12,2950,0.04897678643465042,0.2061864339422384,mse
spectral,12,3000,0.04701295495033264,0.19791893743845587,mse
spectral,12,3050,0.04968436807394028,0.20916526831559698,mse
spectral,12,3100,0.049304235726594925,0.2075649564366253,mse
spectral,12,3150,0.04910022020339966,0.20670607539810268,mse
spectral,12,3200,0.049727000296115875,0.20934474489014007,mse
spectral,12,3250,0.04835393279790878,0.20356429436190746,mse
spectral,12,3300,0.04809872806072235,0.20248991283310203,mse
spectral,12,3350,0.04680623486638069,0.19704867052147135,mse
spectral,12,3400,0.048247080296278,0.20311445806449224,mse
spectral,12,3450,0.0486404113471508,0.20477033491232152,mse
spectral,12,3500,0.049179498106241226,0.20703982592089643,mse
spectral,12,3550,0.04762014001607895,0.20047511420224293,mse
spectral,12,3600,0.04888881742954254,0.20581609491469027,mse
spectral,12,3650,0.050948746502399445,0.21448815081351943,mse
spectral,12,3700,0.05107733607292175,0.21502949758039105,mse
spectral,12,3750,0.04876122251152992,0.20527893551634394,mse
spectral,12,3800,0.04991674795746803,0.21014355993071615,mse
spectral,12,3850,0.048877913504838943,0.20577019069119434,mse
spectral,12,3900,0.04978968948125839,0.20960865888842836,mse
spectral,12,3950,0.04730352759361267,0.19914221363684467,mse
spectral,12,4000,0.04817061126232147,0.2027925325449496,mse
spectral,12,4050,0.04881837218999863,0.20551952885172192,mse
spectral,12,4100,0.049845896661281586,0.20984528441767566,mse
spectral,12,4150,0.04919420927762985,0.2071017581991969,mse
spectral,12,4200,0.0499878004193306,0.21044268232727859,mse
spectral,12,4250,0.04957350343465805,0.2086985413968271,mse
spectral,12,4300,0.04868797957897186,0.20497059149920904,mse
spectral,12,4350,0.047606371343135834,0.20041714973007313,mse
spectral,12,4400,0.04821673408150673,0.20298670411690153,mse
spectral,12,4450,0.048359233886003494,0.20358661131101397,mse
spectral,12,4500,0.050638698041439056,0.21318288374378222,mse
spectral,12,4550,0.049340516328811646,0.20771769344811386,mse
spectral,12,4600,0.04951675981283188,0.20845965751152123,mse
spectral,12,4650,0.05064701288938522,0.21321788826268998,mse
spectral,12,4700,0.05042675510048866,0.21229062922128308,mse
spectral,12,4750,0.04867496341466904,0.2049157949987325,mse
spectral,12,4800,0.04780187830328941,0.2012402107322224,mse
spectral,12,4850,0.05029889941215515,0.2117523720109638,mse
spectral,12,4900,0.04889458417892456,0.20584037224231985,mse
spectral,12,4950,0.048485927283763885,0.20411997541653967,mse
spectral,12,5000,0.04927860200405121,0.20745704151968794,mse
spectral,13,1,0.14666089415550232,1.0,huber
spectral,13,50,0.1253822147846222,0.8549123848357377,huber
spectral,13,100,0.07252590358257294,0.49451426026132655,huber
spectral,13,150,0.026383137330412865,0.17989210745189665,huber
spectral,13,200,0.02560844086110592,0.1746098781721164,huber
spectral,13,250,0.02570933662354946,0.1752978309016052,huber
spectral,13,300,0.025518251582980156,0.17399492707254016,huber
spectral,13,350,0.026823770254850388,0.18289654109438028,huber
spectral,13,400,0.024594934657216072,0.16769933661483363,huber
spectral,13,450,0.024800816550850868,0.16910313204933103,huber
spectral,13,500,0.026102891191840172,0.17798126311819476,huber
spectral,13,550,0.02405994012951851,0.1640515030817153,huber
spectral,13,600,0.025196952745318413,0.17180416695538803,huber
spectral,13,650,0.025461619719862938,0.1736087855353341,huber
spectral,13,700,0.02514662966132164,0.17146104151430477,huber
spectral,13,750,0.024933049455285072,0.1700047555202339,huber
spectral,13,800,0.025522997602820396,0.17402728757236915,huber
spectral,13,850,0.024564700201153755,0.16749318448248499,huber
spectral,13,900,0.02413693442940712,0.16457648487956916,huber
spectral,13,950,0.024419432505965233,0.1665026839402307,huber
spectral,13,1000,0.02429279312491417,0.16563919962984058,huber
spectral,13,1050,0.02466401644051075,0.16817036731250165,huber
spectral,13,1100,0.025211501866579056,0.17190336941385126,huber
spectral,13,1150,0.025057239457964897,0.17085153886623033,huber
spectral,13,1200,0.024227656424045563,0.16519506828014663,huber
spectral,13,1250,0.024255018681287766,0.16538163646793627,huber
spectral,13,1300,0.024828091263771057,0.16928910332052258,huber
spectral,13,1350,0.025404345244169235,0.17321826237629093,huber
spectral,13,1400,0.02539922669529915,0.17318336180583171,huber
spectral,13,1450,0.02499094046652317,0.17039948249617007,huber
spectral,13,1500,0.024020977318286896,0.1637858370945006,huber
spectral,13,1550,0.02409038320183754,0.16425907765361686,huber
spectral,13,1600,0.0247885063290596,0.1690191954153554,huber
spectral,13,1650,0.02425384894013405,0.16537366064615738,huber
spectral,13,1700,0.024612249806523323,0.16781739909772628,huber
spectral,13,1750,0.02652849443256855,0.18088321761110218,huber
spectral,13,1800,0.025440338999032974,0.1734636840005828,huber
spectral,13,1850,0.024711720645427704,0.16849563605705445,huber
spectral,13,1900,0.024107158184051514,0.16437345703409567,huber
spectral,13,1950,0.024509791284799576,0.16711879077194372,huber
spectral,13,2000,0.02486257627606392,0.16952423765876204,huber
spectral,13,2050,0.02522614225745201,0.1720031941896189,huber
spectral,13,2100,0.024942578747868538,0.17006973052695493,huber
spectral,13,2150,0.02473708614706993,0.16866858946626614,huber
spectral,13,2200,0.024692215025424957,0.16836263795885614,huber
spectral,13,2250,0.02424645610153675,0.16532325294450068,huber
spectral,13,2300,0.023960962891578674,0.16337663171597214,huber
spectral,13,2350,0.02454938367009163,0.1673887494785235,huber
spectral,13,2400,0.02556992508471012,0.17434726026965797,huber
spectral,13,2450,0.02578052133321762,0.17578320029798078,huber
spectral,13,2500,0.025354009121656418,0.17287504803273562,huber
spectral,13,2550,0.025074662640690804,0.17097033796960573,huber
spectral,13,2600,0.025505879893898964,0.17391057132691054,huber
spectral,13,2650,0.025093011558055878,0.1710954491484972,huber
spectral,13,2700,0.024399347603321075,0.1663657360322024,huber
spectral,13,2750,0.02355247363448143,0.16059136806781704,huber
spectral,13,2800,0.024980999529361725,0.17033170071140266,huber
spectral,13,2850,0.024857355281710625,0.1694886385688795,huber
spectral,13,2900,0.025216203182935715,0.17193542510520465,huber
spectral,13,2950,0.025395667180418968,0.17315909143095998,huber
spectral,13,3000,0.024329937994480133,0.1658924700723798,huber
spectral,13,3050,0.024372950196266174,0.16618574662734503,huber
spectral,13,3100,0.024909496307373047,0.16984415955463825,huber
spectral,13,3150,0.025127464905381203,0.17133036758073308,huber
spectral,13,3200,0.02498575672507286,0.17036413741335057,huber
spectral,13,3250,0.025280557572841644,0.17237422230657515,huber
spectral,13,3300,0.025071287527680397,0.17094732492969592,huber
spectral,13,3350,0.02405395731329918,0.16401070954739397,huber
spectral,13,3400,0.025572985410690308,0.1743681269498852,huber
spectral,13,3450,0.025080211460590363,0.17100817232164284,huber
spectral,13,3500,0.024438265711069107,0.1666310972109415,huber
spectral,13,3550,0.024939481168985367,0.17004860983966463,huber
spectral,13,3600,0.024323508143424988,0.16584862845330223,huber
spectral,13,3650,0.024254493415355682,0.16537805496834768,huber
spectral,13,3700,0.02402021922171116,0.16378066805076807,huber
spectral,13,3750,0.02443971484899521,0.16664097808569303,huber
spectral,13,3800,0.025176839902997017,0.17166702854206245,huber
spectral,13,3850,0.024069715291261673,0.16411815453505227,huber
spectral,13,3900,0.024268383160233498,0.16547276150179543,huber
spectral,13,3950,0.025358721613883972,0.1729071799262079,huber
spectral,13,4000,0.023892614990472794,0.1629106049574457,huber
spectral,13,4050,0.024778595194220543,0.16895161683623838,huber
spectral,13,4100,0.024248741567134857,0.16533883627781706,huber
spectral,13,4150,0.024711593985557556,0.16849477243304017,huber
spectral,13,4200,0.025424614548683167,0.1733564676192812,huber
spectral,13,4250,0.024993766099214554,0.1704187489319003,huber
spectral,13,4300,0.02479586750268936,0.16906938721100853,huber
spectral,13,4350,0.023588765412569046,0.16083882174861308,huber
spectral,13,4400,0.024377312511205673,0.16621549085442489,huber
spectral,13,4450,0.02469596080482006,0.168388178369043,huber
spectral,13,4500,0.02403314784169197,0.16386882120198987,huber
spectral,13,4550,0.02493944577872753,0.17004836853295477,huber
spectral,13,4600,0.024485476315021515,0.16695300036190927,huber
spectral,13,4650,0.024854090064764023,0.16946637484980562,huber
spectral,13,4700,0.024413153529167175,0.16645987104975835,huber
spectral,13,4750,0.02402391843497753,0.16380589095212617,huber
spectral,13,4800,0.024777308106422424,0.16894284089221098,huber
spectral,13,4850,0.02418927475810051,0.16493336480311507,huber
spectral,13,4900,0.025503987446427345,0.17389766776810903,huber
spectral,13,4950,0.02511599473655224,0.17125215880602862,huber
spectral,13,5000,0.024686511605978012,0.16832374947750747,huber
spectral,14,1,0.14353595674037933,1.0,huber
spectral,14,50,0.02635802887380123,0.1836336307109188,huber
spectral,14,100,0.025129210203886032,0.17507257954422176,huber
spectral,14,150,0.02544558048248291,0.17727669819004033,huber
spectral,14,200,0.025541972368955612,0.1779482503826874,huber
spectral,14,250,0.02722928859293461,0.189703606060087,huber
spectral,14,300,0.024106940254569054,0.16795053171361432,huber
spectral,14,350,0.02472734823822975,0.17227284925515454,huber
spectral,14,400,0.026044396683573723,0.18144858804042757,huber
spectral,14,450,0.02416278049349785,0.16833956481860693,huber
spectral,14,500,0.025300290435552597,0.17626447762712516,huber
spectral,14,550,0.027057640254497528,0.1885077500367245,huber
spectral,14,600,0.025850016623735428,0.18009436249128605,huber
spectral,14,650,0.024242199957370758,0.16889287191793229,huber
spectral,14,700,0.022700220346450806,0.158150061224797,huber
spectral,14,750,0.024795901030302048,0.17275044938845277,huber
spectral,14,800,0.02431418001651764,0.16939434946252466,huber
spectral,14,850,0.023368917405605316,0.16280880370535897,huber
spectral,14,900,0.02529604360461235,0.1762348904000868,huber
spectral,14,950,0.02478322759270668,0.1726621548740804,huber
spectral,14,1000,0.026688795536756516,0.1859380474610266,huber
spectral,14,1050,0.02614698000252247,0.18216327529565166,huber
spectral,14,1100,0.02478681318461895,0.17268713531796148,huber
spectral,14,1150,0.02517128363251686,0.175365700721565,huber
spectral,14,1200,0.026240870356559753,0.18281739957342485,huber
spectral,14,1250,0.023713339120149612,0.1652083537718783,huber
spectral,14,1300,0.024735305458307266,0.17232828637528957,huber
spectral,14,1350,0.025155875831842422,0.17525835618557317,huber
spectral,14,1400,0.025631839409470558,0.17857434465589794,huber
spectral,14,1450,0.022617042064666748,0.1575705668341719,huber
spectral,14,1500,0.025518760085105896,0.17778653282858561,huber
spectral,14,1550,0.023555193096399307,0.1641065669629023,huber
spectral,14,1600,0.023220684379339218,0.1617760797131804,huber
spectral,14,1650,0.025499127805233,0.177649756787803,huber
spectral,14,1700,0.024169158190488815,0.16838399756658035,huber
spectral,14,1750,0.024803251028060913,0.1728016560541955,huber
spectral,14,1800,0.02558654174208641,0.1782587605443427,huber
spectral,14,1850,0.02522982843220234,0.1757735762185136,huber
spectral,14,1900,0.02550295554101467,0.17767642422269941,huber
spectral,14,1950,0.024381553754210472,0.16986373524726356,huber
spectral,14,2000,0.02492417022585869,0.17364408745984314,huber
spectral,14,2050,0.02415156364440918,0.16826141820403456,huber
spectral,14,2100,0.024921612814068794,0.1736262702393503,huber
spectral,14,2150,0.027081795036792755,0.18867603387893217,huber
spectral,14,2200,0.026633355766534805,0.1855518043796363,huber
spectral,14,2250,0.023344779387116432,0.16264063665483697,huber
spectral,14,2300,0.02350638434290886,0.16376652148162452,huber
spectral,14,2350,0.024661455303430557,0.17181378006931716,huber
spectral,14,2400,0.024030009284615517,0.16741456169118513,huber
spectral,14,2450,0.02584943175315857,0.1800902877591413,huber
spectral,14,2500,0.02472601644694805,0.17226357080457014,huber
spectral,14,2550,0.02483488619327545,0.17302205494192338,huber
spectral,14,2600,0.02456706203520298,0.17115615204097365,huber
spectral,14,2650,0.02555680274963379,0.17805157209395034,huber
spectral,14,2700,0.024364333599805832,0.1697437642323646,huber
spectral,14,2750,0.024343550205230713,0.1695989684958321,huber
spectral,14,2800,0.025769710540771484,0.1795348784094737,huber
spectral,14,2850,0.025630483403801918,0.17856489750621202,huber
spectral,14,2900,0.02454330399632454,0.17099063226866032,huber
spectral,14,2950,0.025579895824193954,0.17821245912939843,huber
spectral,14,3000,0.02615799754858017,0.18224003338684988,huber
spectral,14,3050,0.025955189019441605,0.18082708757352037,huber
spectral,14,3100,0.024986766278743744,0.17408018761416388,huber
spectral,14,3150,0.023428313434123993,0.16322260962456922,huber
spectral,14,3200,0.02433418110013008,0.1695336949203922,huber
spectral,14,3250,0.02434854581952095,0.16963377241816407,huber
spectral,14,3300,0.023269837722182274,0.16211852591244152,huber
spectral,14,3350,0.023145947605371475,0.161255396424721,huber
spectral,14,3400,0.024404825642704964,0.17002586806069223,huber
spectral,14,3450,0.024357151240110397,0.16969372548347864,huber
spectral,14,3500,0.023847531527280807,0.16614325823887482,huber
spectral,14,3550,0.02459600754082203,0.17135781235157724,huber
spectral,14,3600,0.023314673453569412,0.1624308917642137,huber
spectral,14,3650,0.023764610290527344,0.16556555465409678,huber
spectral,14,3700,0.02291884645819664,0.15967320648199046,huber
spectral,14,3750,0.023849908262491226,0.16615981670453311,huber
spectral,14,3800,0.023776989430189133,0.16565179882554282,huber
spectral,14,3850,0.022960299625992775,0.15996200636696362,huber
spectral,14,3900,0.02408415451645851,0.16779178585907034,huber
spectral,14,3950,0.023901548236608505,0.16651958700383648,huber
spectral,14,4000,0.021315932273864746,0.14850587098827048,huber
spectral,14,4050,0.022807300090789795,0.15889607460549066,huber
spectral,14,4100,0.023582465946674347,0.16429657405864603,huber
spectral,14,4150,0.02294965833425522,0.15988786960026619,huber
spectral,14,4200,0.026113253086805344,0.18192830340092198,huber
spectral,14,4250,0.02409685216844082,0.16788024907254426,huber
spectral,14,4300,0.023594757542014122,0.16438220831795577,huber
spectral,14,4350,0.023495100438594818,0.16368790770030942,huber
spectral,14,4400,0.025900600478053093,0.1804467749143917,huber
spectral,14,4450,0.023668158799409866,0.1648935872021228,huber
spectral,14,4500,0.023692581802606583,0.16506373971130134,huber
spectral,14,4550,0.02382810413837433,0.16600790965202825,huber
spectral,14,4600,0.02346476912498474,0.16347659261035646,huber
spectral,14,4650,0.02189834788441658,0.152563499639503,huber
spectral,14,4700,0.02378256246447563,0.1656906255726037,huber
spectral,14,4750,0.02474186010658741,0.1723739519243896,huber
spectral,14,4800,0.0257740318775177,0.17956498471067067,huber
spectral,14,4850,0.023918647319078445,0.1666387145232278,huber
spectral,14,4900,0.02442990429699421,0.17020058842246616,huber
spectral,14,4950,0.023851659148931503,0.16617201494725947,huber
spectral,14,5000,0.02281133644282818,0.15892419544803107,huber
spectral,15,1,1.3103647232055664,1.0,mse
spectral,15,50,0.10753771662712097,0.08206701136157704,mse
spectral,15,100,0.06969718635082245,0.053189150407163814,mse
spectral,15,150,0.058607302606105804,0.0447259465767163,mse
spectral,15,200,0.05822182446718216,0.04443177035837257,mse
spectral,15,250,0.05621995031833649,0.04290404749358996,mse
spectral,15,300,0.054752469062805176,0.04178414459209748,mse
spectral,15,350,0.053494177758693695,0.040823884229598324,mse
spectral,15,400,0.053237803280353546,0.04062823299311435,mse
spectral,15,450,0.05188282951712608,0.03959418976894027,mse
spectral,15,500,0.05352248251438141,0.040845484899386254,mse
spectral,15,550,0.05187105014920235,0.03958520038780452,mse
spectral,15,600,0.053488392382860184,0.04081946914139345,mse
spectral,15,650,0.05299007147550583,0.040439177380993105,mse
spectral,15,700,0.05197703838348389,0.03966608491743552,mse
spectral,15,750,0.05189937353134155,0.039606815272300123,mse
spectral,15,800,0.051020994782447815,0.03893648377349043,mse
spectral,15,850,0.05350382626056671,0.04083124744817568,mse
spectral,15,900,0.049921244382858276,0.0380972133168658,mse
spectral,15,950,0.0528852753341198,0.04035920259265351,mse
spectral,15,1000,0.0500485822558403,0.03819439074443766,mse
spectral,15,1050,0.050873562693595886,0.03882397151927523,mse
spectral,15,1100,0.04950825124979019,0.037782039132339705,mse
spectral,15,1150,0.05224064737558365,0.03986725714638174,mse
spectral,15,1200,0.04824028164148331,0.03681439280773091,mse
spectral,15,1250,0.05251869186758995,0.04007944577377864,mse
spectral,15,1300,0.051486026495695114,0.039291371008328135,mse
spectral,15,1350,0.05274457857012749,0.040251830376734785,mse
spectral,15,1400,0.05010105296969414,0.038234433575967404,mse
spectral,15,1450,0.05033186823129654,0.038410579390575225,mse
spectral,15,1500,0.0469900444149971,0.03586027888483185,mse
spectral,15,1550,0.04953346773982048,0.03780128300359457,mse
spectral,15,1600,0.050690919160842896,0.038684587781665,mse
spectral,15,1650,0.05023663491010666,0.03833790243315767,mse
spectral,15,1700,0.05177035182714462,0.03950835283515415,mse
spectral,15,1750,0.048882775008678436,0.037304709248502745,mse
spectral,15,1800,0.05143659561872482,0.03925364801709149,mse
spectral,15,1850,0.05181475356221199,0.03954223785531766,mse
spectral,15,1900,0.04979310184717178,0.03799942181392224,mse
spectral,15,1950,0.04948209226131439,0.03776207599687631,mse
spectral,15,2000,0.04732074588537216,0.03611265249083526,mse
spectral,15,2050,0.04985632002353668,0.038047666531782355,mse
spectral,15,2100,0.04956914484500885,0.037828509854681565,mse
spectral,15,2150,0.052807025611400604,0.040299486605697016,mse
spectral,15,2200,0.049990326166152954,0.03814993282470304,mse
spectral,15,2250,0.052929073572158813,0.04039262705628824,mse
spectral,15,2300,0.050145216286182404,0.038268136647872625,mse
spectral,15,2350,0.04867175221443176,0.03714366798227387,mse
spectral,15,2400,0.05075884610414505,0.038736425977626186,mse
spectral,15,2450,0.051516011357307434,0.039314253844748646,mse
spectral,15,2500,0.051726244390010834,0.03947469240737196,mse
spectral,15,2550,0.04898031800985336,0.037379148829672415,mse
spectral,15,2600,0.050637681037187576,0.03864395930417892,mse
spectral,15,2650,0.050263937562704086,0.03835873835167251,mse
spectral,15,2700,0.05128330737352371,0.039136666658782245,mse
spectral,15,2750,0.05145414173603058,0.03926703827172444,mse
spectral,15,2800,0.04925214499235153,0.037586592587646295,mse
spectral,15,2850,0.053877055644989014,0.041116076074750166,mse
spectral,15,2900,0.049862585961818695,0.03805244835944534,mse
spectral,15,2950,0.051941923797130585,0.03963928735052041,mse
spectral,15,3000,0.05032913386821747,0.038408492671488055,mse
spectral,15,3050,0.0499933622777462,0.038152249822054604,mse
spectral,15,3100,0.047884099185466766,0.03654257348162359,mse
spectral,15,3150,0.0510234497487545,0.03893835727196243,mse
spectral,15,3200,0.04988039657473564,0.03806604046292732,mse
spectral,15,3250,0.0505090206861496,0.0385457726323619,mse
spectral,15,3300,0.05274340510368347,0.040250934850151056,mse
spectral,15,3350,0.050940707325935364,0.038875212697513935,mse
spectral,15,3400,0.051613159477710724,0.039388392074115534,mse
spectral,15,3450,0.0490182489156723,0.03740809566038848,mse
spectral,15,3500,0.049885187298059464,0.03806969648574217,mse
spectral,15,3550,0.05029953643679619,0.03838590550098725,mse
spectral,15,3600,0.0513702817261219,0.039203040814815245,mse
spectral,15,3650,0.05213385820388794,0.03978576138432057,mse
spectral,15,3700,0.05204080417752266,0.03971474754770137,mse
spectral,15,3750,0.05197428911924362,0.039663986826582204,mse
spectral,15,3800,0.04897507652640343,0.03737514881093174,mse
spectral,15,3850,0.049757979810237885,0.037972618561124064,mse
spectral,15,3900,0.05080219358205795,0.038769506445335104,mse
spectral,15,3950,0.05333394557237625,0.04070160362826661,mse
spectral,15,4000,0.048953209072351456,0.03735846074411743,mse
spectral,15,4050,0.051372721791267395,0.039204902941521104,mse
spectral,15,4100,0.05067766457796097,0.03867447259568113,mse
spectral,15,4150,0.04855631664395332,0.037055573752908445,mse
spectral,15,4200,0.049892544746398926,0.0380753112952751,mse
spectral,15,4250,0.05105997622013092,0.038966232313719554,mse
spectral,15,4300,0.05068044364452362,0.038676593430066734,mse
spectral,15,4350,0.05001235008239746,0.038166740295061855,mse
spectral,15,4400,0.05246708169579506,0.040040059661743635,mse
spectral,15,4450,0.05195018649101257,0.0396455929948465,mse
spectral,15,4500,0.05139615386724472,0.03922278504378039,mse
spectral,15,4550,0.04866580665111542,0.037139130647582966,mse
spectral,15,4600,0.04925726354122162,0.03759049878931629,mse
spectral,15,4650,0.048144273459911346,0.03674112451847394,mse
spectral,15,4700,0.04918074980378151,0.037532107613115415,mse
spectral,15,4750,0.049145277589559555,0.03750503712381288,mse
spectral,15,4800,0.04675919562578201,0.0356841074837502,mse
spectral,15,4850,0.053174156695604324,0.040579661336977636,mse
spectral,15,4900,0.04968027397990227,0.037913317643631775,mse
spectral,15,4950,0.049888357520103455,0.03807211582898901,mse
spectral,15,5000,0.047230783849954605,0.03604399829569067,mse
spectral,16,1,1.0587952136993408,1.0,mse
spectral,16,50,0.08894051611423492,0.08400162275335973,mse
spectral,16,100,0.06083999574184418,0.05746153265018491,mse
spectral,16,150,0.05638788640499115,0.05325665027137462,mse
spectral,16,200,0.05188480764627457,0.04900362881788391,mse
spectral,16,250,0.05349990352988243,0.050529037945834965,mse
spectral,16,300,0.051695600152015686,0.0488249280721582,mse
spectral,16,350,0.051010966300964355,0.048178312142851835,mse
spectral,16,400,0.05213109403848648,0.04923623885335187,mse
spectral,16,450,0.04972551390528679,0.04696424130172449,mse
spectral,16,500,0.048581939190626144,0.04588416963171279,mse
spectral,16,550,0.051432669162750244,0.04857659771907058,mse
spectral,16,600,0.04948561266064644,0.046737661844680894,mse
spectral,16,650,0.04993943125009537,0.04716627975263623,mse
spectral,16,700,0.05123285949230194,0.048387883539158315,mse
spectral,16,750,0.0491630993783474,0.0464330578210452,mse
spectral,16,800,0.04923269897699356,0.04649879253324038,mse
spectral,16,850,0.04943883419036865,0.046693480996795926,mse
spectral,16,900,0.050078652799129486,0.047297770287569506,mse
spectral,16,950,0.04883355647325516,0.04612181453166458,mse
spectral,16,1000,0.04991765692830086,0.047145714565418925,mse
spectral,16,1050,0.04960945248603821,0.04685462480766888,mse
spectral,16,1100,0.04969401657581329,0.04693449302834172,mse
spectral,16,1150,0.047917820513248444,0.04525692966237318,mse
spectral,16,1200,0.04999484866857529,0.04721861982535557,mse
spectral,16,1250,0.04973722994327545,0.04697530674463268,mse
spectral,16,1300,0.04999449849128723,0.04721828909351666,mse
spectral,16,1350,0.048410993069410324,0.04572271619954383,mse
spectral,16,1400,0.0496579147875309,0.04690039598311967,mse
spectral,16,1450,0.04988754540681839,0.047117275145696524,mse
spectral,16,1500,0.0475129634141922,0.044874554398660275,mse
spectral,16,1550,0.04904645308852196,0.046322888934450135,mse
spectral,16,1600,0.050047844648361206,0.0472686729225931,mse
spectral,16,1650,0.04891005530953407,0.04619406536477104,mse
spectral,16,1700,0.04990556836128235,0.04713429728012891,mse
spectral,16,1750,0.04960843175649643,0.0468536607595427,mse
spectral,16,1800,0.04863292723894119,0.04593232629851231,mse
spectral,16,1850,0.04794695973396301,0.045284450773479035,mse
spectral,16,1900,0.050175733864307404,0.047389460412271454,mse
spectral,16,1950,0.04849715530872345,0.04580409382403467,mse
spectral,16,2000,0.04742663726210594,0.04479302196352143,mse
spectral,16,2050,0.0483081191778183,0.045625554925804605,mse
spectral,16,2100,0.04980526864528656,0.04703956723724805,mse
spectral,16,2150,0.04890644550323486,0.04619065601209122,mse
spectral,16,2200,0.04924484342336655,0.04651026259488767,mse
spectral,16,2250,0.04846592992544174,0.045774602395590634,mse
spectral,16,2300,0.04829978197813034,0.0456176806932995,mse
spectral,16,2350,0.04969947040081024,0.04693964400081155,mse
spectral,16,2400,0.049076519906520844,0.046351286133086714,mse
spectral,16,2450,0.04925336316227913,0.046518309230159864,mse
spectral,16,2500,0.04879529029130936,0.04608567328220416,mse
spectral,16,2550,0.04910387098789215,0.046377118400759844,mse
spectral,16,2600,0.0464121550321579,0.043834874234081354,mse
spectral,16,2650,0.04916374385356903,0.046433666508365744,mse
spectral,16,2700,0.04976992309093475,0.047006184432061095,mse
spectral,16,2750,0.0496482327580452,0.046891251599616206,mse
spectral,16,2800,0.04819948226213455,0.04552295065041864,mse
spectral,16,2850,0.047187939286231995,0.044567578957371116,mse
spectral,16,2900,0.04879484325647354,0.04608525107134598,mse
spectral,16,2950,0.048317402601242065,0.045634322837959526,mse
spectral,16,3000,0.0479472316801548,0.04528470761841776,mse
spectral,16,3050,0.04777371138334274,0.04512082295539044,mse
spectral,16,3100,0.049468882381916046,0.046721860603313424,mse
spectral,16,3150,0.048317279666662216,0.04563420672997352,mse
spectral,16,3200,0.048031874001026154,0.04536464972599078,mse
spectral,16,3250,0.04858160391449928,0.04588385297356915,mse
spectral,16,3300,0.047132253646850586,0.044514985558136856,mse
spectral,16,3350,0.048791900277137756,0.04608247151652961,mse
spectral,16,3400,0.04768655076622963,0.045038502393316325,mse
spectral,16,3450,0.04706193506717682,0.04444857179014477,mse
spectral,16,3500,0.046941883862018585,0.04433518706417988,mse
spectral,16,3550,0.046922847628593445,0.044317207918468944,mse
spectral,16,3600,0.04795847833156586,0.04529532973992487,mse
spectral,16,3650,0.04581530764698982,0.04327116996205056,mse
spectral,16,3700,0.04639147222042084,0.04381533994504278,mse
spectral,16,3750,0.04587746411561966,0.04332987486345701,mse
spectral,16,3800,0.04660790413618088,0.0440197533320318,mse
spectral,16,3850,0.044663991779088974,0.04218378700734467,mse
spectral,16,3900,0.04528015851974487,0.04276573782529658,mse
spectral,16,3950,0.04641261696815491,0.04383531051863481,mse
spectral,16,4000,0.04643061384558678,0.04385230802410047,mse
spectral,16,4050,0.044619522988796234,0.042141787582226975,mse
spectral,16,4100,0.04605899751186371,0.04350132765611725,mse
spectral,16,4150,0.04573141038417816,0.043191931539241175,mse
spectral,16,4200,0.04599549248814583,0.04344134908528862,mse
spectral,16,4250,0.04503630846738815,0.042535428839005705,mse
spectral,16,4300,0.04276268184185028,0.04038805737744232,mse
spectral,16,4350,0.04322631657123566,0.04082594633215857,mse
spectral,16,4400,0.0428900420665741,0.04050834525093849,mse
spectral,16,4450,0.043300554156303406,0.0408960614820074,mse
spectral,16,4500,0.04281578212976456,0.04043820899054675,mse
spectral,16,4550,0.04256676137447357,0.040203016431996245,mse
spectral,16,4600,0.04171300679445267,0.03939667109819183,mse
spectral,16,4650,0.043370701372623444,0.04096231340250386,mse
spectral,16,4700,0.04197334498167038,0.039642552628302,mse
spectral,16,4750,0.04250858724117279,0.040148072725651435,mse
spectral,16,4800,0.040099143981933594,0.037872426568524596,mse
spectral,16,4850,0.042104851454496384,0.03976675650750781,mse
spectral,16,4900,0.041084811091423035,0.038803359289731,mse
spectral,16,4950,0.038073912262916565,0.03595965657031027,mse
spectral,16,5000,0.0394567996263504,0.03726575178640229,mse
spectral,17,1,0.14996233582496643,1.0,huber
spectral,17,50,0.03201286494731903,0.2134727014700806,huber
spectral,17,100,0.025500435382127762,0.17004560006248134,huber
spectral,17,150,0.02613261714577675,0.17426120366835515,huber
spectral,17,200,0.023598868399858475,0.15736530289447268,huber
spectral,17,250,0.024742085486650467,0.16498866432388076,huber
spectral,17,300,0.024366913363337517,0.16248688865301603,huber
spectral,17,350,0.025374826043844223,0.16920799415568788,huber
spectral,17,400,0.025455543771386147,0.16974624749175313,huber
spectral,17,450,0.02510334923863411,0.1673976942312657,huber
spectral,17,500,0.024162348359823227,0.1611227794426003,huber
spectral,17,550,0.025071706622838974,0.167186690477416,huber
spectral,17,600,0.025993511080741882,0.17333359698451936,huber
spectral,17,650,0.024617794901132584,0.1641598523102899,huber
spectral,17,700,0.023378467187285423,0.15589559244110726,huber
spectral,17,750,0.02587752416729927,0.17256015668829733,huber
spectral,17,800,0.024684924632310867,0.16460749625241036,huber
spectral,17,850,0.024556122720241547,0.16374860117478465,huber
spectral,17,900,0.02559168078005314,0.17065405549512996,huber
spectral,17,950,0.026694070547819138,0.17800516643709802,huber
spectral,17,1000,0.024420946836471558,0.16284720228001306,huber
spectral,17,1050,0.024719292297959328,0.16483667156806145,huber
spectral,17,1100,0.025921382009983063,0.17285261574104896,huber
spectral,17,1150,0.025920085608959198,0.1728439708968837,huber
spectral,17,1200,0.025736091658473015,0.1716170364838259,huber
spectral,17,1250,0.023718278855085373,0.15816157253491275,huber
spectral,17,1300,0.024431884288787842,0.16292013694228086,huber
spectral,17,1350,0.024658236652612686,0.16442953170183594,huber
spectral,17,1400,0.024830499663949013,0.16557824021180068,huber
spectral,17,1450,0.025510836392641068,0.1701149575478532,huber
spectral,17,1500,0.023047693073749542,0.15368987784139632,huber
spectral,17,1550,0.023677736520767212,0.1578912224226987,huber
spectral,17,1600,0.025796398520469666,0.17201918320730078,huber
spectral,17,1650,0.024902697652578354,0.16605968102313617,huber
spectral,17,1700,0.026238735765218735,0.17496883881459513,huber
spectral,17,1750,0.02300133928656578,0.15338077497947594,huber
spectral,17,1800,0.024889584630727768,0.16597223892123475,huber
spectral,17,1850,0.02555813267827034,0.17043034531084772,huber
spectral,17,1900,0.02321738377213478,0.15482143329131476,huber
spectral,17,1950,0.02556920424103737,0.17050417426733952,huber
spectral,17,2000,0.024895593523979187,0.16601230827077082,huber
spectral,17,2050,0.024348877370357513,0.1623666185006422,huber
spectral,17,2100,0.026346459984779358,0.17568718065001676,huber
spectral,17,2150,0.022994091734290123,0.15333244582912103,huber
spectral,17,2200,0.023873142898082733,0.1591942587900676,huber
spectral,17,2250,0.024175306782126427,0.16120919062199357,huber
spectral,17,2300,0.025940807536244392,0.1729821517752436,huber
spectral,17,2350,0.023270508274435997,0.15517568559079362,huber
spectral,17,2400,0.02299519255757332,0.15333978649420965,huber
spectral,17,2450,0.023127052932977676,0.15421907644844363,huber
spectral,17,2500,0.02547561191022396,0.16988006868577105,huber
spectral,17,2550,0.02344324439764023,0.15632754897204854,huber
spectral,17,2600,0.023721668869256973,0.15818417830557477,huber
spectral,17,2650,0.023727811872959137,0.15822514194933485,huber
spectral,17,2700,0.023156024515628815,0.15441226884233214,huber
spectral,17,2750,0.023501943796873093,0.15671897658558862,huber
spectral,17,2800,0.024008311331272125,0.16009560800182673,huber
spectral,17,2850,0.023120766505599022,0.15417715640669402,huber
spectral,17,2900,0.021014485508203506,0.14013175636802075,huber
spectral,17,2950,0.02336786314845085,0.1558248810936463,huber
spectral,17,3000,0.022747205570340157,0.15168612468727027,huber
spectral,17,3050,0.023297438398003578,0.15535526483927248,huber
spectral,17,3100,0.022504054009914398,0.15006470715540707,huber
spectral,17,3150,0.02404697611927986,0.1603534379949049,huber
spectral,17,3200,0.02261444553732872,0.15080083550928366,huber
spectral,17,3250,0.023206736892461777,0.15475043626653226,huber
spectral,17,3300,0.0221085324883461,0.14742723475680464,huber
spectral,17,3350,0.020878078415989876,0.1392221473554428,huber
spectral,17,3400,0.021970808506011963,0.1465088442717772,huber
spectral,17,3450,0.021749231964349747,0.14503129632319872,huber
spectral,17,3500,0.024460531771183014,0.16311116812512805,huber
spectral,17,3550,0.021174723282456398,0.14120027649590086,huber
spectral,17,3600,0.021347662433981895,0.14235349373924486,huber
spectral,17,3650,0.02180587314069271,0.14540899900455118,huber
spectral,17,3700,0.020610719919204712,0.13743930971614904,huber
spectral,17,3750,0.021117553114891052,0.1408190463206649,huber
spectral,17,3800,0.019874166697263718,0.13252772163045337,huber
spectral,17,3850,0.02100297063589096,0.14005497127228855,huber
spectral,17,3900,0.020639333873987198,0.13763011732544023,huber
spectral,17,3950,0.020856237038969994,0.1390765016044632,huber
spectral,17,4000,0.02021748200058937,0.13481706516086067,huber
spectral,17,4050,0.020389126613736153,0.13596164998079255,huber
spectral,17,4100,0.019763031974434853,0.13178663739608548,huber
spectral,17,4150,0.019231218844652176,0.128240326071598,huber
spectral,17,4200,0.021403612568974495,0.14272658832119312,huber
spectral,17,4250,0.019828636199235916,0.13222410874140808,huber
spectral,17,4300,0.018822871148586273,0.1255173243670732,huber
spectral,17,4350,0.018504247069358826,0.12339263033990533,huber
spectral,17,4400,0.01832975447177887,0.12222905418846675,huber
spectral,17,4450,0.020281773060560226,0.13524577987524,huber
spectral,17,4500,0.019518889486789703,0.13015861202356724,huber
spectral,17,4550,0.016987212002277374,0.11327652312714419,huber
spectral,17,4600,0.019020946696400642,0.12683815967365017,huber
spectral,17,4650,0.019971279427409172,0.13317530243540165,huber
spectral,17,4700,0.017626482993364334,0.11753940011935847,huber
spectral,17,4750,0.018613800406455994,0.12412316935488198,huber
spectral,17,4800,0.01789163053035736,0.1193074943247095,huber
spectral,17,4850,0.01823379471898079,0.12158916182969419,huber
spectral,17,4900,0.018320459872484207,0.12216707463044285,huber
spectral,17,4950,0.01707596704363823,0.1138683720128834,huber
spectral,17,5000,0.01781793124973774,0.1188160423863665,huber
spectral,18,1,0.0779409408569336,1.0,huber
spectral,18,50,0.05049675703048706,0.6478848789261811,huber
spectral,18,100,0.03603430837392807,0.46232837296731805,huber
spectral,18,150,0.02891542762517929,0.37099151366745386,huber
spectral,18,200,0.0285489484667778,0.3662895027041247,huber
spectral,18,250,0.027325769886374474,0.350595843287714,huber
spectral,18,300,0.027076825499534607,0.34740183017852116,huber
spectral,18,350,0.02628852054476738,0.3372876982973803,huber
spectral,18,400,0.026698727160692215,0.3425507424871829,huber
spectral,18,450,0.026073642075061798,0.3345307586538109,huber
spectral,18,500,0.025751246139407158,0.3303943454656968,huber
spectral,18,550,0.025930706411600113,0.3326968615787928,huber
spectral,18,600,0.024996615946292877,0.3207122684363797,huber
spectral,18,650,0.025740625336766243,0.3302580781519571,huber
spectral,18,700,0.026535548269748688,0.3404571201989551,huber
spectral,18,750,0.025604363530874252,0.32850980818762465,huber
spectral,18,800,0.026719480752944946,0.3428170157964932,huber
spectral,18,850,0.026378527283668518,0.33844250523082947,huber
spectral,18,900,0.024675622582435608,0.3165938505634613,huber
spectral,18,950,0.025531109422445297,0.3275699413137641,huber
spectral,18,1000,0.025290850549936295,0.3244873653290834,huber
spectral,18,1050,0.02481808513402939,0.3184216775055979,huber
spectral,18,1100,0.024999994784593582,0.32075561970034383,huber
spectral,18,1150,0.025922227650880814,0.3325880771501462,huber
spectral,18,1200,0.025630909949541092,0.3288504047774909,huber
spectral,18,1250,0.02438195049762726,0.31282597091536457,huber
spectral,18,1300,0.024330763146281242,0.3121692255542844,huber
spectral,18,1350,0.025702469050884247,0.3297685243248865,huber
spectral,18,1400,0.025312654674053192,0.32476711720116974,huber
spectral,18,1450,0.02476218156516552,0.3177044220009911,huber
spectral,18,1500,0.02486054226756096,0.31896641218630317,huber
spectral,18,1550,0.024569332599639893,0.315230125906983,huber
spectral,18,1600,0.0250200517475605,0.3210129550974586,huber
spectral,18,1650,0.024134252220392227,0.30964794567584764,huber
spectral,18,1700,0.0245111845433712,0.31448407311843085,huber
spectral,18,1750,0.025639137253165245,0.3289559629544092,huber
spectral,18,1800,0.024534696713089943,0.3147857396041088,huber
spectral,18,1850,0.02491258643567562,0.3196341507014206,huber
spectral,18,1900,0.02463139221072197,0.31602636483353114,huber
spectral,18,1950,0.024968180805444717,0.3203474391113096,huber
spectral,18,2000,0.025727298110723495,0.3300870868103564,huber
spectral,18,2050,0.026244135573506355,0.3367182290200913,huber
spectral,18,2100,0.024809177964925766,0.3183073964999327,huber
spectral,18,2150,0.02487858571112156,0.31919791367143047,huber
spectral,18,2200,0.02594645321369171,0.33289889663146816,huber
spectral,18,2250,0.024016350507736206,0.30813523988400404,huber
spectral,18,2300,0.024809561669826508,0.3183123195210885,huber
spectral,18,2350,0.02487868070602417,0.319199132477639,huber
spectral,18,2400,0.025293976068496704,0.32452746644315833,huber
spectral,18,2450,0.025446346029639244,0.32648240770339054,huber
spectral,18,2500,0.02562950924038887,0.32883243336045614,huber
spectral,18,2550,0.023781245574355125,0.30511879011067333,huber
spectral,18,2600,0.024587007239460945,0.3154568955562421,huber
spectral,18,2650,0.025419170036911964,0.32613373353512304,huber
spectral,18,2700,0.024234693497419357,0.3109366301069414,huber
spectral,18,2750,0.02631220407783985,0.33759156341386565,huber
spectral,18,2800,0.024297673255205154,0.31174467472499906,huber
spectral,18,2850,0.02539004385471344,0.3257600379923404,huber
spectral,18,2900,0.025108398869633675,0.3221464687695009,huber
spectral,18,2950,0.024872910231351852,0.3191250959750144,huber
spectral,18,3000,0.023673400282859802,0.3037351104898014,huber
spectral,18,3050,0.025021569803357124,0.32103243209863325,huber
spectral,18,3100,0.025258444249629974,0.32407158512486695,huber
spectral,18,3150,0.024845723062753677,0.31877627841778117,huber
spectral,18,3200,0.025212550535798073,0.323482758337208,huber
spectral,18,3250,0.02469688467681408,0.316866648070711,huber
spectral,18,3300,0.02431400865316391,0.31195426159653483,huber
spectral,18,3350,0.023610569536685944,0.3029289777246198,huber
spectral,18,3400,0.0245981402695179,0.31559973486424314,huber
spectral,18,3450,0.024608150124549866,0.31572816358119105,huber
spectral,18,3500,0.025289658457040787,0.3244720705060751,huber
spectral,18,3550,0.0240633487701416,0.30873823828110664,huber
spectral,18,3600,0.024868614971637726,0.31906998681586257,huber
spectral,18,3650,0.02550535462796688,0.3272395014423018,huber
spectral,18,3700,0.02567003294825554,0.3293523617500948,huber
spectral,18,3750,0.02468545362353325,0.3167199850569579,huber
spectral,18,3800,0.025026917457580566,0.3211010437187221,huber
spectral,18,3850,0.024615205824375153,0.3158186898148715,huber
spectral,18,3900,0.02541484124958515,0.32607819420907413,huber
spectral,18,3950,0.023890914395451546,0.3065258660311158,huber
spectral,18,4000,0.02446628548204899,0.31390800794871954,huber
spectral,18,4050,0.024807985872030258,0.3182921016769244,huber
spectral,18,4100,0.024953702464699745,0.3201616787062415,huber
spectral,18,4150,0.02470160648226738,0.3169272299087205,huber
spectral,18,4200,0.025803137570619583,0.33106012433161625,huber
spectral,18,4250,0.024959128350019455,0.3202312940490903,huber
spectral,18,4300,0.024628326296806335,0.31598702846060667,huber
spectral,18,4350,0.023906193673610687,0.30672190264539256,huber
spectral,18,4400,0.024482961744070053,0.3141219681837092,huber
spectral,18,4450,0.02459898218512535,0.3156105368329928,huber
spectral,18,4500,0.02541927620768547,0.3261350957302972,huber
spectral,18,4550,0.02506626583635807,0.321605892368801,huber
spectral,18,4600,0.024701593443751335,0.31692706262159387,huber
spectral,18,4650,0.02537716180086136,0.3255947583112068,huber
spectral,18,4700,0.02516697719693184,0.3228980420332326,huber
spectral,18,4750,0.024605270475149155,0.3156912170243616,huber
spectral,18,4800,0.024190811440348625,0.31037361333310903,huber
spectral,18,4850,0.025359515100717545,0.32536834713436197,huber
spectral,18,4900,0.024570254608988762,0.3152419554966535,huber
spectral,18,4950,0.02433004416525364,0.3121600008641575,huber
spectral,18,5000,0.025010846555233,0.3208948503860413,huber
spectral,19,1,0.13104888796806335,1.0,huber
spectral,19,50,0.03400544077157974,0.2594866793518071,huber
spectral,19,100,0.026108011603355408,0.1992234501808053,huber
spectral,19,150,0.025718126446008682,0.19624833788956833,huber
spectral,19,200,0.026168910786509514,0.1996881560176755,huber
spectral,19,250,0.025895699858665466,0.1976033544441541,huber
spectral,19,300,0.025306496769189835,0.19310729882238326,huber
spectral,19,350,0.024288225919008255,0.18533713864803875,huber
spectral,19,400,0.025036044418811798,0.19104354723645642,huber
spectral,19,450,0.02598286047577858,0.19826845445732136,huber
spectral,19,500,0.024599894881248474,0.18771540348547996,huber
spectral,19,550,0.025986144319176674,0.1982935126127091,huber
spectral,19,600,0.02537929266691208,0.19366278539576023,huber
spectral,19,650,0.025109613314270973,0.1916049323546354,huber
spectral,19,700,0.02621220238506794,0.200018502953309,huber
spectral,19,750,0.024579554796218872,0.18756019358370227,huber
spectral,19,800,0.02444891631603241,0.18656332529880465,huber
spectral,19,850,0.025294078513979912,0.19301253834480522,huber
spectral,19,900,0.024605516344308853,0.18775829940888336,huber
spectral,19,950,0.02439473196864128,0.18614985862822647,huber
spectral,19,1000,0.025609957054257393,0.1954229253780356,huber
spectral,19,1050,0.025768756866455078,0.1966346854674183,huber
spectral,19,1100,0.023932509124279022,0.18262275625041077,huber
spectral,19,1150,0.025882747024297714,0.19750451473197808,huber
spectral,19,1200,0.024029051885008812,0.18335944896277714,huber
spectral,19,1250,0.025908056646585464,0.19769764588082017,huber
spectral,19,1300,0.024662833660840988,0.18819567295261083,huber
spectral,19,1350,0.025154629722237587,0.19194844086252588,huber
spectral,19,1400,0.025070402771234512,0.19130572689288425,huber
spectral,19,1450,0.025031685829162598,0.1910102879717898,huber
spectral,19,1500,0.025317959487438202,0.19319476784578435,huber
spectral,19,1550,0.02533719129860401,0.19334152079778572,huber
spectral,19,1600,0.024980559945106506,0.19062015963992213,huber
spectral,19,1650,0.02440682053565979,0.18624210334091304,huber
spectral,19,1700,0.02616053819656372,0.1996242669601214,huber
spectral,19,1750,0.024521799758076668,0.18711947990014716,huber
spectral,19,1800,0.024128973484039307,0.18412192471194067,huber
spectral,19,1850,0.024736475199460983,0.18875761239186759,huber
spectral,19,1900,0.02439008466899395,0.18611439629260967,huber
spectral,19,1950,0.024058867245912552,0.1835869622318024,huber
spectral,19,2000,0.024720557034015656,0.18863614500902948,huber
spectral,19,2050,0.02415870502591133,0.18434879837972235,huber
spectral,19,2100,0.025639288127422333,0.19564674317320901,huber
spectral,19,2150,0.02505660429596901,0.19120043431482844,huber
spectral,19,2200,0.024951092898845673,0.190395304269398,huber
spectral,19,2250,0.02492094226181507,0.1901652325953984,huber
spectral,19,2300,0.025035593658685684,0.19104010760310203,huber
spectral,19,2350,0.024835899472236633,0.18951629317365248,huber
spectral,19,2400,0.025522276759147644,0.1947538598371581,huber
spectral,19,2450,0.02480294555425644,0.18926483039139502,huber
spectral,19,2500,0.023875832557678223,0.18219027210285652,huber
spectral,19,2550,0.024931805208325386,0.19024812491656756,huber
spectral,19,2600,0.025150684639811516,0.19191833696399427,huber
spectral,19,2650,0.02543517015874386,0.19408917201145892,huber
spectral,19,2700,0.026123657822608948,0.19934284241294203,huber
spectral,19,2750,0.026032183319330215,0.19864482425577137,huber
spectral,19,2800,0.02469656616449356,0.1884530769197532,huber
spectral,19,2850,0.024714238941669464,0.18858793328862378,huber
spectral,19,2900,0.02535533905029297,0.19348000157370332,huber
spectral,19,2950,0.024496562778949738,0.18692690307238286,huber
spectral,19,3000,0.025244511663913727,0.19263430659606834,huber
spectral,19,3050,0.02407977357506752,0.1837464929953146,huber
spectral,19,3100,0.023606043308973312,0.18013158047343455,huber
spectral,19,3150,0.02569628320634365,0.19608165780548892,huber
spectral,19,3200,0.025321438908576965,0.1932213184040738,huber
spectral,19,3250,0.025182023644447327,0.1921574767622919,huber
spectral,19,3300,0.02365076169371605,0.18047281484357003,huber
spectral,19,3350,0.025639023631811142,0.19564472487595147,huber
spectral,19,3400,0.02436995506286621,0.18596079250062142,huber
spectral,19,3450,0.02452509105205536,0.18714459490897878,huber
spectral,19,3500,0.02611934021115303,0.19930989584221667,huber
spectral,19,3550,0.025136861950159073,0.19181285961224587,huber
spectral,19,3600,0.02545839734375477,0.19426641262273805,huber
spectral,19,3650,0.024152986705303192,0.18430516336154856,huber
spectral,19,3700,0.024327173829078674,0.18563434002589332,huber
spectral,19,3750,0.025435715913772583,0.19409333652622274,huber
spectral,19,3800,0.02400844544172287,0.1832022065503809,huber
spectral,19,3850,0.02515614777803421,0.19196002475171534,huber
spectral,19,3900,0.024007577449083328,0.1831955831241695,huber
spectral,19,3950,0.024613089859485626,0.18781609093458193,huber
spectral,19,4000,0.02481245994567871,0.18933743223922292,huber
spectral,19,4050,0.024494046345353127,0.1869077008217142,huber
spectral,19,4100,0.024799443781375885,0.18923810927277396,huber
spectral,19,4150,0.024141699075698853,0.1842190303940785,huber
spectral,19,4200,0.024948392063379288,0.19037469489599346,huber
spectral,19,4250,0.02423512563109398,0.18493194415354433,huber
spectral,19,4300,0.023959044367074966,0.18282523979077023,huber
spectral,19,4350,0.023635800927877426,0.1803586531282698,huber
spectral,19,4400,0.025497324764728546,0.19456345765362199,huber
spectral,19,4450,0.024670902639627457,0.18825724523232706,huber
spectral,19,4500,0.024591173976659775,0.18764885652942473,huber
spectral,19,4550,0.024768345057964325,0.18900080299804128,huber
spectral,19,4600,0.023099210113286972,0.17626406810041956,huber
spectral,19,4650,0.026048269122838974,0.19876757084109667,huber
spectral,19,4700,0.024056611582636833,0.18356974985166938,huber
spectral,19,4750,0.024770716205239296,0.18901889660655438,huber
spectral,19,4800,0.025462927296757698,0.19430097951661382,huber
spectral,19,4850,0.025448719039559364,0.19419255999914492,huber
spectral,19,4900,0.02643716149032116,0.20173510741093736,huber
spectral,19,4950,0.02545616775751114,0.1942493992296586,huber
spectral,19,5000,0.025725480169057846,0.19630445223867257,huber
spectral,20,1,0.3347233533859253,1.0,mse
spectral,20,50,0.1683235764503479,0.5028737157047904,mse
spectral,20,100,0.10193540155887604,0.3045362701100445,mse
spectral,20,150,0.08179429173469543,0.24436386319418005,mse
spectral,20,200,0.06148320809006691,0.18368365238973555,mse
spectral,20,250,0.05787091702222824,0.17289178193522975,mse
spectral,20,300,0.055054616183042526,0.16447796553820468,mse
spectral,20,350,0.055512670427560806,0.16584642172712843,mse
spectral,20,400,0.05245175585150719,0.1567018115734279,mse
spectral,20,450,0.05269814282655716,0.15743790295324236,mse
spectral,20,500,0.05030602961778641,0.150291364820862,mse
spectral,20,550,0.051671352237463,0.15437032317816077,mse
spectral,20,600,0.05347374081611633,0.15975503434462437,mse
spectral,20,650,0.05020448565483093,0.14998799798993043,mse
spectral,20,700,0.047266244888305664,0.14120988096641468,mse
spectral,20,750,0.05266297236084938,0.15733282971783166,mse
spectral,20,800,0.05038909614086151,0.15053952952832814,mse
spectral,20,850,0.05007362365722656,0.149597042305839,mse
spectral,20,900,0.05173565447330475,0.15456242879371251,mse
spectral,20,950,0.05309521406888962,0.15862416987580946,mse
spectral,20,1000,0.0496697798371315,0.14839054202430815,mse
spectral,20,1050,0.05053701251745224,0.15098143588202131,mse
spectral,20,1100,0.052501216530799866,0.1568495774188413,mse
spectral,20,1150,0.05247336998581886,0.15676638470253002,mse
spectral,20,1200,0.051313914358615875,0.15330246258453492,mse
spectral,20,1250,0.048093151301145554,0.1436802984155566,mse
spectral,20,1300,0.04978037625551224,0.14872095344395364,mse
spectral,20,1350,0.05061667785048485,0.1512194393921641,mse
spectral,20,1400,0.0502515509724617,0.150128607592322,mse
spectral,20,1450,0.051987238228321075,0.15531404577075164,mse
spectral,20,1500,0.04788874089717865,0.14306961379525995,mse
spectral,20,1550,0.04810580238699913,0.14371809406299382,mse
spectral,20,1600,0.052760589867830276,0.15762446609752684,mse
spectral,20,1650,0.050451867282390594,0.15072706093566532,mse
spectral,20,1700,0.05393785983324051,0.1611416092950404,mse
spectral,20,1750,0.046574562788009644,0.13914345179946458,mse
spectral,20,1800,0.051074378192424774,0.1525868382823521,mse
spectral,20,1850,0.05156432092189789,0.1540505626520952,mse
spectral,20,1900,0.04860573261976242,0.14521165651600523,mse
spectral,20,1950,0.052163220942020416,0.15583980147891832,mse
spectral,20,2000,0.05128902569413185,0.15322810665976225,mse
spectral,20,2050,0.04991167038679123,0.14911320014544868,mse
spectral,20,2100,0.05070415884256363,0.15148079251017588,mse
spectral,20,2150,0.048441603779792786,0.14472131475075528,mse
spectral,20,2200,0.0478145107626915,0.1428478481678059,mse
spectral,20,2250,0.050775788724422455,0.1516947897742874,mse
spectral,20,2300,0.05406869202852249,0.1615324759434488,mse
spectral,20,2350,0.04777646064758301,0.14273417185952447,mse
spectral,20,2400,0.046881575137376785,0.1400606640174396,mse
spectral,20,2450,0.04822618514299393,0.1440777425750473,mse
spectral,20,2500,0.053483087569475174,0.15978295816070798,mse
spectral,20,2550,0.04810413718223572,0.1437131191942057,mse
spectral,20,2600,0.05021338909864426,0.1500145974002293,mse
spectral,20,2650,0.0506635457277298,0.1513594591331557,mse
spectral,20,2700,0.04943519085645676,0.1476896976455048,mse
spectral,20,2750,0.04739391803741455,0.14159130983242416,mse
spectral,20,2800,0.050484009087085724,0.15082308591979024,mse
spectral,20,2850,0.04884379357099533,0.14592287355187913,mse
spectral,20,2900,0.04758095741271973,0.14215009777898707,mse
spectral,20,2950,0.052181072533130646,0.15589313385304054,mse
spectral,20,3000,0.048018842935562134,0.14345829906943466,mse
spectral,20,3050,0.050174977630376816,0.1498998415342914,mse
spectral,20,3100,0.04917343705892563,0.14690769724163893,mse
spectral,20,3150,0.051351986825466156,0.15341620566957861,mse
spectral,20,3200,0.05129481852054596,0.15324541297064706,mse
spectral,20,3250,0.05128868669271469,0.15322709387886801,mse
spectral,20,3300,0.050063226372003555,0.14956597998192933,mse
spectral,20,3350,0.04834912344813347,0.14444502589691877,mse
spectral,20,3400,0.05070821940898895,0.15149292362198583,mse
spectral,20,3450,0.05043044686317444,0.15066306653850278,mse
spectral,20,3500,0.05249142646789551,0.15682032919697292,mse
spectral,20,3550,0.05099683254957199,0.15235516743516334,mse
spectral,20,3600,0.050417423248291016,0.15062415794502795,mse
spectral,20,3650,0.04764069989323616,0.1423285809350385,mse
spectral,20,3700,0.049170736223459244,0.14689962838286627,mse
spectral,20,3750,0.05126889795064926,0.15316797418535022,mse
spectral,20,3800,0.047926146537065506,0.14318136470689632,mse
spectral,20,3850,0.04943857342004776,0.14769980319552628,mse
spectral,20,3900,0.04879776015877724,0.14578534681001173,mse
spectral,20,3950,0.05217963829636574,0.15588884901079575,mse
spectral,20,4000,0.0496540330350399,0.14834349779529843,mse
spectral,20,4050,0.0492563359439373,0.14715536112338815,mse
spectral,20,4100,0.04690391570329666,0.14012740739131505,mse
spectral,20,4150,0.049314193427562714,0.14732821277248925,mse
spectral,20,4200,0.04935110732913017,0.14743849459535596,mse
spectral,20,4250,0.04869036376476288,0.14546449559682934,mse
spectral,20,4300,0.048612046986818314,0.1452305209513427,mse
spectral,20,4350,0.04610183835029602,0.13773116779557976,mse
spectral,20,4400,0.04804801195859909,0.14354544274417946,mse
spectral,20,4450,0.052168019115924835,0.15585413622388272,mse
spectral,20,4500,0.05067957192659378,0.15140733807169368,mse
spectral,20,4550,0.04648197069764137,0.13886682906181677,mse
spectral,20,4600,0.05088012292981148,0.15200649257104068,mse
spectral,20,4650,0.05093858391046524,0.15218114719272272,mse
spectral,20,4700,0.04870973899960518,0.1455223799202454,mse
spectral,20,4750,0.0522746704518795,0.1561727615449899,mse
spectral,20,4800,0.04868137836456299,0.1454376513384022,mse
spectral,20,4850,0.0520683228969574,0.1555562896052977,mse
spectral,20,4900,0.051033444702625275,0.15246454777173957,mse
spectral,20,4950,0.05223023518919945,0.15604000934162385,mse
spectral,20,5000,0.04554017633199692,0.1360531790546761,mse
spectral,21,1,0.12012702226638794,1.0,huber
spectral,21,50,0.030090631917119026,0.25049011745576677,huber
spectral,21,100,0.025324763730168343,0.21081654445749398,huber
spectral,21,150,0.025672003626823425,0.21370715050186143,huber
spectral,21,200,0.025587160140275955,0.2130008690595451,huber
spectral,21,250,0.025593817234039307,0.21305628618083683,huber
spectral,21,300,0.025353459641337395,0.21105542419185896,huber
spectral,21,350,0.02392616495490074,0.19917387864524955,huber
spectral,21,400,0.024937117472290993,0.207589574783529,huber
spectral,21,450,0.025893649086356163,0.21555224293278197,huber
spectral,21,500,0.024695154279470444,0.2055753469415703,huber
spectral,21,550,0.025996938347816467,0.21641207662807874,huber
spectral,21,600,0.02523890882730484,0.21010184345813754,huber
spectral,21,650,0.024796437472105026,0.206418481073456,huber
spectral,21,700,0.026080504059791565,0.21710772120827806,huber
spectral,21,750,0.024282533675432205,0.20214047778179683,huber
spectral,21,800,0.02427072823047638,0.20204220309943896,huber
spectral,21,850,0.025175713002681732,0.20957576844661374,huber
spectral,21,900,0.02423962391912937,0.20178327458560275,huber
spectral,21,950,0.0244827251881361,0.2038069763674353,huber
spectral,21,1000,0.024960950016975403,0.2077879693182038,huber
spectral,21,1050,0.025458281859755516,0.21192801902057015,huber
spectral,21,1100,0.022935407236218452,0.19092629454643428,huber
spectral,21,1150,0.02577050030231476,0.2145270882114045,huber
spectral,21,1200,0.023731986060738564,0.1975574322329546,huber
spectral,21,1250,0.02555622160434723,0.2127433205467707,huber
spectral,21,1300,0.02407844178378582,0.2004415104071307,huber
spectral,21,1350,0.024831410497426987,0.20670961478061145,huber
spectral,21,1400,0.024975469335913658,0.20790883570333785,huber
spectral,21,1450,0.024769330397248268,0.20619282764140265,huber
spectral,21,1500,0.024441590532660484,0.20346455003654368,huber
spectral,21,1550,0.02401316724717617,0.1998981311126294,huber
spectral,21,1600,0.024880634620785713,0.20711938206219419,huber
spectral,21,1650,0.024114035069942474,0.20073780748904557,huber
spectral,21,1700,0.025778505951166153,0.21459373140874974,huber
spectral,21,1750,0.024011608213186264,0.1998851529003963,huber
spectral,21,1800,0.023887095972895622,0.19884864805792607,huber
spectral,21,1850,0.024478929117321968,0.2037753758936825,huber
spectral,21,1900,0.02372586727142334,0.1975064962387063,huber
spectral,21,1950,0.023448806256055832,0.19520009581238834,huber
spectral,21,2000,0.02413974702358246,0.2009518472042977,huber
spectral,21,2050,0.02339410036802292,0.1947446954619859,huber
spectral,21,2100,0.02502090111374855,0.20828703352242758,huber
spectral,21,2150,0.024859391152858734,0.20694254035309173,huber
spectral,21,2200,0.02399630658328533,0.19975777415070084,huber
spectral,21,2250,0.024099456146359444,0.20061644492375447,huber
spectral,21,2300,0.024195481091737747,0.20141580666240944,huber
spectral,21,2350,0.023729616776108742,0.19753770907171142,huber
spectral,21,2400,0.02444268763065338,0.20347368285255957,huber
spectral,21,2450,0.024016600102186203,0.19992670798855014,huber
spectral,21,2500,0.023353327065706253,0.19440527722329645,huber
spectral,21,2550,0.023914271965622902,0.19907487519828598,huber
spectral,21,2600,0.024414492771029472,0.20323897413263986,huber
spectral,21,2650,0.02437133714556694,0.2028797241932979,huber
spectral,21,2700,0.024909619241952896,0.20736066516919496,huber
spectral,21,2750,0.02471904456615448,0.2057742221507723,huber
spectral,21,2800,0.023375190794467926,0.19458728230715835,huber
spectral,21,2850,0.024262696504592896,0.201975342823275,huber
spectral,21,2900,0.023967310786247253,0.19951639800992063,huber
spectral,21,2950,0.02350606769323349,0.19567676988702473,huber
spectral,21,3000,0.023618603125214577,0.19661357352918557,huber
spectral,21,3050,0.02283671498298645,0.19010472874575085,huber
spectral,21,3100,0.022471807897090912,0.18706705180170458,huber
spectral,21,3150,0.02427949383854866,0.20211517259378672,huber
spectral,21,3200,0.023836340755224228,0.1984261351485588,huber
spectral,21,3250,0.023219186812639236,0.19328862377983097,huber
spectral,21,3300,0.02266808971762657,0.18870100407016582,huber
spectral,21,3350,0.02400561422109604,0.19983525578335187,huber
spectral,21,3400,0.02305680885910988,0.1919369049869579,huber
spectral,21,3450,0.022424772381782532,0.18667550363526392,huber
spectral,21,3500,0.02511918544769287,0.20910520359016113,huber
spectral,21,3550,0.023706762120127678,0.1973474549927384,huber
spectral,21,3600,0.023608312010765076,0.19652790492394304,huber
spectral,21,3650,0.022816626355051994,0.1899375005271914,huber
spectral,21,3700,0.023046642541885376,0.1918522752589192,huber
spectral,21,3750,0.023961734026670456,0.19946997415397563,huber
spectral,21,3800,0.02221432700753212,0.18492364655698107,huber
spectral,21,3850,0.023696407675743103,0.19726125919607898,huber
spectral,21,3900,0.022927291691303253,0.19085873651692445,huber
spectral,21,3950,0.023421594873070717,0.19497357406506013,huber
spectral,21,4000,0.022719644010066986,0.18913016889476367,huber
spectral,21,4050,0.023250101134181023,0.19354597071941657,huber
spectral,21,4100,0.023206844925880432,0.19318588347605956,huber
spectral,21,4150,0.021875642240047455,0.1821042578707818,huber
spectral,21,4200,0.02355840802192688,0.1961124780874438,huber
spectral,21,4250,0.02311912178993225,0.19245563032990523,huber
spectral,21,4300,0.02262267656624317,0.18832296130737516,huber
spectral,21,4350,0.022415535524487495,0.1865986112165494,huber
spectral,21,4400,0.023760098963975906,0.19779145870515835,huber
spectral,21,4450,0.023190833628177643,0.19305259708136907,huber
spectral,21,4500,0.02355443872511387,0.19607943559010954,huber
spectral,21,4550,0.022791115567088127,0.18972513541996935,huber
spectral,21,4600,0.021530939266085625,0.17923477049434924,huber
spectral,21,4650,0.023957181721925735,0.1994320783944801,huber
spectral,21,4700,0.02288258820772171,0.19048660139912882,huber
spectral,21,4750,0.022861849516630173,0.19031396171573145,huber
spectral,21,4800,0.023640930652618408,0.1967994395148946,huber
spectral,21,4850,0.024247320368885994,0.2018473438483832,huber
spectral,21,4900,0.02489214390516281,0.20721519134939667,huber
spectral,21,4950,0.023935947567224503,0.19925531421352716,huber
spectral,21,5000,0.024074526503682137,0.20040891757306376,huber
spectral,22,1,0.31588733196258545,1.0,mse
spectral,22,50,0.1846952736377716,0.584687180996696,mse
spectral,22,100,0.05329484865069389,0.16871473863664238,mse
spectral,22,150,0.04811069369316101,0.15230333357862977,mse
spectral,22,200,0.05033504217863083,0.159344921703263,mse
spectral,22,250,0.048883698880672455,0.15475042502325598,mse
spectral,22,300,0.05075426027178764,0.16067203441320374,mse
spectral,22,350,0.050005048513412476,0.15830026548622472,mse
spectral,22,400,0.05125072970986366,0.16224370059871202,mse
spectral,22,450,0.04990386962890625,0.15797996494147792,mse
spectral,22,500,0.04996829479932785,0.15818391478024268,mse
spectral,22,550,0.050343967974185944,0.15937317796634157,mse
spectral,22,600,0.049111053347587585,0.15547015780108722,mse
spectral,22,650,0.05094761401414871,0.1612841315845584,mse
spectral,22,700,0.05175140127539635,0.16382866939889162,mse
spectral,22,750,0.05098368972539902,0.16139833594668387,mse
spectral,22,800,0.05233757570385933,0.1656843133869589,mse
spectral,22,850,0.05172396078705788,0.1637418014381919,mse
spectral,22,900,0.04830697551369667,0.15292470012510118,mse
spectral,22,950,0.050681501626968384,0.16044170341396038,mse
spectral,22,1000,0.050077881664037704,0.15853083234743034,mse
spectral,22,1050,0.04890123009681702,0.15480592334297538,mse
spectral,22,1100,0.04948423057794571,0.15665151961145043,mse
spectral,22,1150,0.051402777433395386,0.16272503589819065,mse
spectral,22,1200,0.05030457675457001,0.15924847774689557,mse
spectral,22,1250,0.04797806963324547,0.15188348749271186,mse
spectral,22,1300,0.047950588166713715,0.1517964898079329,mse
spectral,22,1350,0.05063680559396744,0.16030020982280163,mse
spectral,22,1400,0.05017834156751633,0.15884885682424132,mse
spectral,22,1450,0.048858288675546646,0.1546699843010278,mse
spectral,22,1500,0.04952320456504822,0.15677489900390776,mse
spectral,22,1550,0.048442989587783813,0.15335527793030185,mse
spectral,22,1600,0.04953191801905632,0.15680248306039388,mse
spectral,22,1650,0.047524068504571915,0.15044626262569083,mse
spectral,22,1700,0.04823407903313637,0.15269393278122764,mse
spectral,22,1750,0.051546625792980194,0.1631804145887228,mse
spectral,22,1800,0.04858286678791046,0.1537980851782456,mse
spectral,22,1850,0.04957975447177887,0.15695391823326182,mse
spectral,22,1900,0.04890371859073639,0.1548138011325148,mse
spectral,22,1950,0.049126267433166504,0.15551832081378036,mse
spectral,22,2000,0.05086167901754379,0.16101208839728967,mse
spectral,22,2050,0.05234538018703461,0.16570901992750547,mse
spectral,22,2100,0.04840242117643356,0.1532268510918522,mse
spectral,22,2150,0.049267325550317764,0.15596486647382593,mse
spectral,22,2200,0.050961028784513474,0.161326598530863,mse
spectral,22,2250,0.0475272461771965,0.15045632213838114,mse
spectral,22,2300,0.048916783183813095,0.1548551595275968,mse
spectral,22,2350,0.04933592677116394,0.15618203637557526,mse
spectral,22,2400,0.050232745707035065,0.15902108322908234,mse
spectral,22,2450,0.04988769441843033,0.15792875930947164,mse
spectral,22,2500,0.0503702312707901,0.1594563193080376,mse
spectral,22,2550,0.04720303416252136,0.14942996880961412,mse
spectral,22,2600,0.04841572046279907,0.1532689524521153,mse
spectral,22,2650,0.05065521225333214,0.16035847952057755,mse
spectral,22,2700,0.047867029905319214,0.1515319706172602,mse
spectral,22,2750,0.051913537085056305,0.16434194040806005,mse
spectral,22,2800,0.0485604889690876,0.15372724403788132,mse
spectral,22,2850,0.050370827317237854,0.1594582062037357,mse
spectral,22,2900,0.0488409623503685,0.15461513460170462,mse
spectral,22,2950,0.048928387463092804,0.1548918950282185,mse
spectral,22,3000,0.046747371554374695,0.14798748422083471,mse
spectral,22,3050,0.049554288387298584,0.15687330061456192,mse
spectral,22,3100,0.05002034828066826,0.15834869974017446,mse
spectral,22,3150,0.04902253299951553,0.15518993020372812,mse
spectral,22,3200,0.04974322021007538,0.15747139937845656,mse
spectral,22,3250,0.04825698211789131,0.15276643674842585,mse
spectral,22,3300,0.048443108797073364,0.15335565530944145,mse
spectral,22,3350,0.0469658300280571,0.14867905508037232,mse
spectral,22,3400,0.048428941518068314,0.15331080615731804,mse
spectral,22,3450,0.04861399158835411,0.153896616512979,mse
spectral,22,3500,0.04985477030277252,0.1578245319083497,mse
spectral,22,3550,0.04714740812778473,0.14925387426859205,mse
spectral,22,3600,0.049085766077041626,0.15539010625109675,mse
spectral,22,3650,0.05060392990708351,0.16019613573195515,mse
spectral,22,3700,0.05095168575644493,0.16129702144079583,mse
spectral,22,3750,0.04926571995019913,0.15595978364853927,mse
spectral,22,3800,0.04953346401453018,0.15680737719611074,mse
spectral,22,3850,0.048633646219968796,0.15395883689862275,mse
spectral,22,3900,0.049691926687955856,0.15730902021053983,mse
spectral,22,3950,0.04761696606874466,0.15074034711333262,mse
spectral,22,4000,0.048546984791755676,0.153684494057222,mse
spectral,22,4050,0.049463264644145966,0.15658514805527096,mse
spectral,22,4100,0.049345195293426514,0.1562113776036802,mse
spectral,22,4150,0.04915505275130272,0.15560944608289887,mse
spectral,22,4200,0.0500098317861557,0.1583154078242017,mse
spectral,22,4250,0.04947168007493019,0.156611788663908,mse
spectral,22,4300,0.04840293526649475,0.15322847853939178,mse
spectral,22,4350,0.0472940132021904,0.14971797985172774,mse
spectral,22,4400,0.048419926315546036,0.15328226685988477,mse
spectral,22,4450,0.04893886297941208,0.15492505722011204,mse
spectral,22,4500,0.050494737923145294,0.15985046823316748,mse
spectral,22,4550,0.04947716370224953,0.15662914810433023,mse
spectral,22,4600,0.048784468322992325,0.15443629226882225,mse
spectral,22,4650,0.05036555603146553,0.1594415189699059,mse
spectral,22,4700,0.05017770081758499,0.1588468284113659,mse
spectral,22,4750,0.04901917651295662,0.1551793046223284,mse
spectral,22,4800,0.04786526411771774,0.15152638068875468,mse
spectral,22,4850,0.05027472600340843,0.1591539796517168,mse
spectral,22,4900,0.04862293601036072,0.15392493174154812,mse
spectral,22,4950,0.048421476036310196,0.15328717278869977,mse
spectral,22,5000,0.04940424859523773,0.15639832179496613,mse
spectral,23,1,0.20224550366401672,1.0,mse
spectral,23,50,0.10687810182571411,0.5284572457208587,mse
spectral,23,100,0.06540364027023315,0.32338736379962196,mse
spectral,23,150,0.05587821081280708,0.2762890140966277,mse
spectral,23,200,0.055477872490882874,0.274309546990208,mse
spectral,23,250,0.06191345676779747,0.3061302013944997,mse
spectral,23,300,0.0517641045153141,0.25594687435577296,mse
spectral,23,350,0.05200734734535217,0.25714958504961444,mse
spectral,23,400,0.05404491722583771,0.2672243201788091,mse
spectral,23,450,0.04990985989570618,0.2467785883567511,mse
spectral,23,500,0.051938630640506744,0.25680981628541194,mse
spectral,23,550,0.05537433549761772,0.27379760980797446,mse
spectral,23,600,0.052692100405693054,0.2605353367619414,mse
spectral,23,650,0.049474261701107025,0.2446247793142381,mse
spectral,23,700,0.04646192863583565,0.22973034156062722,mse
spectral,23,750,0.0512070432305336,0.2531924928012345,mse
spectral,23,800,0.05052289366722107,0.24980972507133192,mse
spectral,23,850,0.047616880387067795,0.23544098397446714,mse
spectral,23,900,0.05111440271139145,0.2527344330794419,mse
spectral,23,950,0.05048318952322006,0.2496134084992366,mse
spectral,23,1000,0.05375589057803154,0.26579523205289296,mse
spectral,23,1050,0.0537639856338501,0.26583525794059826,mse
spectral,23,1100,0.050314370542764664,0.2487786854651174,mse
spectral,23,1150,0.05117440223693848,0.25303109987529165,mse
spectral,23,1200,0.05337344855070114,0.26390425291910846,mse
spectral,23,1250,0.04806651547551155,0.2376641982378147,mse
spectral,23,1300,0.0498838797211647,0.2466501297553444,mse
spectral,23,1350,0.051572151482105255,0.2549977653287177,mse
spectral,23,1400,0.05128653347492218,0.2535855311776062,mse
spectral,23,1450,0.045532919466495514,0.22513686901112887,mse
spectral,23,1500,0.051922865211963654,0.2567318643494852,mse
spectral,23,1550,0.04811998829245567,0.23792859381633374,mse
spectral,23,1600,0.04608456790447235,0.2278644868220705,mse
spectral,23,1650,0.051425281912088394,0.25427157084055324,mse
spectral,23,1700,0.047931283712387085,0.2369955467193655,mse
spectral,23,1750,0.04937098175287247,0.24411411308748168,mse
spectral,23,1800,0.051992595195770264,0.25707664325701757,mse
spectral,23,1850,0.051527298986911774,0.2547759928077919,mse
spectral,23,1900,0.05151941627264023,0.2547370168398285,mse
spectral,23,1950,0.04918242245912552,0.24318178435665266,mse
spectral,23,2000,0.05037544295191765,0.24908065711861058,mse
spectral,23,2050,0.0487881563603878,0.24123234127092305,mse
spectral,23,2100,0.05015671253204346,0.2479991476862053,mse
spectral,23,2150,0.054562199860811234,0.2697820167683603,mse
spectral,23,2200,0.05338564142584801,0.2639645404158684,mse
spectral,23,2250,0.04738440737128258,0.23429152447315027,mse
spectral,23,2300,0.047315675765275955,0.23395168203036942,mse
spectral,23,2350,0.04985669255256653,0.24651570318908886,mse
spectral,23,2400,0.049038030207157135,0.24246783893214394,mse
spectral,23,2450,0.05268963798880577,0.260523161376864,mse
spectral,23,2500,0.05016356706619263,0.2480330398322604,mse
spectral,23,2550,0.050401944667100906,0.2492116944702606,mse
spectral,23,2600,0.048913225531578064,0.24185074399891662,mse
spectral,23,2650,0.05145837366580963,0.2544351925434921,mse
spectral,23,2700,0.047736041247844696,0.23603017314613275,mse
spectral,23,2750,0.048696454614400864,0.2407789232995684,mse
spectral,23,2800,0.052229877561330795,0.25824988251950676,mse
spectral,23,2850,0.051652707159519196,0.25539607172344364,mse
spectral,23,2900,0.04962591081857681,0.2453746062064182,mse
spectral,23,2950,0.05227638781070709,0.25847985178227745,mse
spectral,23,3000,0.0539102703332901,0.26655856054456134,mse
spectral,23,3050,0.05136589705944061,0.25397794328606166,mse
spectral,23,3100,0.050059765577316284,0.24751979485526066,mse
spectral,23,3150,0.04746954143047333,0.23471246861108364,mse
spectral,23,3200,0.047216206789016724,0.23345985910003383,mse
spectral,23,3250,0.048861678689718246,0.24159587137665328,mse
spectral,23,3300,0.046496376395225525,0.22990066801419876,mse
spectral,23,3350,0.047259874641895294,0.23367577417397842,mse
spectral,23,3400,0.05008871108293533,0.2476629154937651,mse
spectral,23,3450,0.04904463142156601,0.2425004785423666,mse
spectral,23,3500,0.049171678721904755,0.2431286621016402,mse
spectral,23,3550,0.05046837776899338,0.24954017199232623,mse
spectral,23,3600,0.049790672957897186,0.24618927024757328,mse
spectral,23,3650,0.04844032600522041,0.23951249905507224,mse
spectral,23,3700,0.047240715473890305,0.23358104194182547,mse
spectral,23,3750,0.048492565751075745,0.23977079773123028,mse
spectral,23,3800,0.049596257507801056,0.24522798583544067,mse
spectral,23,3850,0.04649878665804863,0.2299125855242518,mse
spectral,23,3900,0.0493524894118309,0.24402267797171126,mse
spectral,23,3950,0.04698935151100159,0.2323381764227665,mse
spectral,23,4000,0.043993450701236725,0.21752498772146492,mse
spectral,23,4050,0.04782009497284889,0.23644577558713353,mse
spectral,23,4100,0.050053201615810394,0.24748733944148396,mse
spectral,23,4150,0.04751509055495262,0.23493768560554876,mse
spectral,23,4200,0.0537424199283123,0.26572862661803687,mse
spectral,23,4250,0.05027037486433983,0.24856114946244845,mse
spectral,23,4300,0.04958803579211235,0.24518733367981912,mse
spectral,23,4350,0.04947364330291748,0.2446217216532353,mse
spectral,23,4400,0.05273585766553879,0.26075169390735625,mse
spectral,23,4450,0.04932911694049835,0.24390711312152116,mse
spectral,23,4500,0.04899628087878227,0.2422614099751659,mse
spectral,23,4550,0.048810429871082306,0.24134247232595757,mse
spectral,23,4600,0.05026880279183388,0.2485533763724293,mse
spectral,23,4650,0.04524890333414078,0.22373255530719324,mse
spectral,23,4700,0.049312904477119446,0.24382695082824302,mse
spectral,23,4750,0.051519885659217834,0.25473933771504753,mse
spectral,23,4800,0.05366408824920654,0.26534131675113426,mse
spectral,23,4850,0.051813360303640366,0.25619041889661026,mse
spectral,23,4900,0.0502304881811142,0.248363930327768,mse
spectral,23,4950,0.05034444481134415,0.2489273872559342,mse
spectral,23,5000,0.0475449338555336,0.23508524537840064,mse
spectral,24,1,0.10548493266105652,1.0,huber
spectral,24,50,0.03216789662837982,0.30495252560611186,huber
spectral,24,100,0.02765474282205105,0.26216770608283063,huber
spectral,24,150,0.0248517245054245,0.2355950170180029,huber
spectral,24,200,0.026315908879041672,0.24947552427795328,huber
spectral,24,250,0.025869708508253098,0.2452455327565831,huber
spectral,24,300,0.0252804234623909,0.23965909466541338,huber
spectral,24,350,0.025267457589507103,0.23953617784159117,huber
spectral,24,400,0.02547305077314377,0.24148520675453816,huber
spectral,24,450,0.024880368262529373,0.23586656060609915,huber
spectral,24,500,0.0254535935819149,0.24130075205813725,huber
spectral,24,550,0.025156257674098015,0.2384819996513619,huber
spectral,24,600,0.02540246769785881,0.24081607730159765,huber
spectral,24,650,0.025315802544355392,0.23999448931441195,huber
spectral,24,700,0.024839214980602264,0.23547642638608363,huber
spectral,24,750,0.025446392595767975,0.24123248651570128,huber
spectral,24,800,0.02489052340388298,0.2359628316193844,huber
spectral,24,850,0.026189811527729034,0.24828011799450034,huber
spectral,24,900,0.024379223585128784,0.23111569557961364,huber
spectral,24,950,0.02564675733447075,0.24313194962998874,huber
spectral,24,1000,0.024222880601882935,0.22963355989158882,huber
spectral,24,1050,0.02508774772286415,0.2378325234702091,huber
spectral,24,1100,0.024027878418564796,0.22778493394664254,huber
spectral,24,1150,0.025541547685861588,0.24213455933020803,huber
spectral,24,1200,0.023511001840233803,0.22288493007602514,huber
spectral,24,1250,0.02572369948029518,0.2438613632427524,huber
spectral,24,1300,0.024800220504403114,0.235106757702458,huber
spectral,24,1350,0.025445593520998955,0.24122491126538959,huber
spectral,24,1400,0.024445857852697372,0.23174739022914903,huber
spectral,24,1450,0.0248777586966753,0.2358418218515847,huber
spectral,24,1500,0.023014718666672707,0.2181801522367507,huber
spectral,24,1550,0.02449670433998108,0.23222941629676844,huber
spectral,24,1600,0.024844538420438766,0.235526892738976,huber
spectral,24,1650,0.024685926735401154,0.23402324969691934,huber
spectral,24,1700,0.02523740381002426,0.2392512672034111,huber
spectral,24,1750,0.024024836719036102,0.22775609855326492,huber
spectral,24,1800,0.025229617953300476,0.23917745707216892,huber
spectral,24,1850,0.025596924126148224,0.2426595294741865,huber
spectral,24,1900,0.024221306666731834,0.22961863894400517,huber
spectral,24,1950,0.02420426532626152,0.22945708657780067,huber
spectral,24,2000,0.023245057091116905,0.22036376669839444,huber
spectral,24,2050,0.02467498555779457,0.23391952703880534,huber
spectral,24,2100,0.024321794509887695,0.23057126640103495,huber
spectral,24,2150,0.026057500392198563,0.2470258048694627,huber
spectral,24,2200,0.02434336207807064,0.23077572752774625,huber
spectral,24,2250,0.026628917083144188,0.25244285047522425,huber
spectral,24,2300,0.024622928351163864,0.2334260233191985,huber
spectral,24,2350,0.023838074877858162,0.22598559127353765,huber
spectral,24,2400,0.024790329858660698,0.23501299411468385,huber
spectral,24,2450,0.025392841547727585,0.2407248211393346,huber
spectral,24,2500,0.0252702459692955,0.23956261175701452,huber
spectral,24,2550,0.02397821843624115,0.2273141559779708,huber
spectral,24,2600,0.02518598735332489,0.23876383781039456,huber
spectral,24,2650,0.024693317711353302,0.23409331634782102,huber
spectral,24,2700,0.025092553347349167,0.23787808091963608,huber
spectral,24,2750,0.025338701903820038,0.2402115758583094,huber
spectral,24,2800,0.02419605851173401,0.2293792857552521,huber
spectral,24,2850,0.026332715526223183,0.24963485174546482,huber
spectral,24,2900,0.024498581886291504,0.232247215486312,huber
spectral,24,2950,0.025156907737255096,0.23848816226758285,huber
spectral,24,3000,0.024916615337133408,0.23621018384867637,huber
spectral,24,3050,0.02470393292605877,0.2341939488688615,huber
spectral,24,3100,0.02370726503431797,0.22474551043696445,huber
spectral,24,3150,0.024817505851387978,0.2352706232569861,huber
spectral,24,3200,0.024214807897806168,0.22955703043972192,huber
spectral,24,3250,0.024768473580479622,0.2348057960094217,huber
spectral,24,3300,0.025790847837924957,0.2444979314799009,huber
spectral,24,3350,0.02502436377108097,0.23723164190177842,huber
spectral,24,3400,0.025348078459501266,0.24030046585847045,huber
spectral,24,3450,0.023951034992933273,0.22705645620396403,huber
spectral,24,3500,0.024539662525057793,0.23263666104720826,huber
spectral,24,3550,0.02481500431895256,0.23524690866218748,huber
spectral,24,3600,0.025386609137058258,0.2406657377184886,huber
spectral,24,3650,0.02575981244444847,0.24420371511464797,huber
spectral,24,3700,0.025590697303414345,0.24260049902711892,huber
spectral,24,3750,0.025442779064178467,0.24119823013900038,huber
spectral,24,3800,0.023985277861356735,0.22738107951802056,huber
spectral,24,3850,0.024151116609573364,0.22895323531347905,huber
spectral,24,3900,0.024892907589673996,0.23598543376483655,huber
spectral,24,3950,0.026016268879175186,0.24663492901654957,huber
spectral,24,4000,0.023828653618693352,0.2258962774831494,huber
spectral,24,4050,0.025138219818472862,0.23831100029467547,huber
spectral,24,4100,0.024785632267594337,0.23496846082497266,huber
spectral,24,4150,0.02375514805316925,0.2251994427441039,huber
spectral,24,4200,0.02429928258061409,0.23035785270577347,huber
spectral,24,4250,0.02514197677373886,0.23834661633168874,huber
spectral,24,4300,0.02474045567214489,0.23454018548450664,huber
spectral,24,4350,0.02428322657942772,0.23020564138249414,huber
spectral,24,4400,0.025887127965688705,0.24541066968179287,huber
spectral,24,4450,0.025185246020555496,0.23875680995579304,huber
spectral,24,4500,0.025236498564481735,0.23924268545130975,huber
spectral,24,4550,0.02388223633170128,0.22640424304426038,huber
spectral,24,4600,0.02426847442984581,0.23006579060750895,huber
spectral,24,4650,0.023526735603809357,0.2230340865780832,huber
spectral,24,4700,0.023974470794200897,0.22727862823058823,huber
spectral,24,4750,0.02399040386080742,0.22742967413074267,huber
spectral,24,4800,0.02311723120510578,0.21915197385948867,huber
spectral,24,4850,0.026110371574759483,0.24752702510279032,huber
spectral,24,4900,0.02403924986720085,0.22789273558569365,huber
spectral,24,4950,0.024541830644011497,0.2326572148732288,huber
spectral,24,5000,0.023409539833664894,0.221923067523627,huber
spectral,25,1,0.3057284355163574,1.0,mse
spectral,25,50,0.049521297216415405,0.16197805458552403,mse
spectral,25,100,0.053033649921417236,0.17346652702371798,mse
spectral,25,150,0.054050277918577194,0.1767917917981343,mse
spectral,25,200,0.04838889464735985,0.1582741054675985,mse
spectral,25,250,0.049888864159584045,0.16318032071607821,mse
spectral,25,300,0.049240633845329285,0.16106003931941998,mse
spectral,25,350,0.052346616983413696,0.17121932703120443,mse
spectral,25,400,0.05125901475548744,0.16766191430284844,mse
spectral,25,450,0.05079830810427666,0.16615499967636732,mse
spectral,25,500,0.050047434866428375,0.16369898593796547,mse
spectral,25,550,0.05076015740633011,0.16603021344939398,mse
spectral,25,600,0.05379564315080643,0.17595891288276386,mse
spectral,25,650,0.05067843571305275,0.16576291187131428,mse
spectral,25,700,0.04752502962946892,0.15544850955457226,mse
spectral,25,750,0.052224040031433105,0.17081839294153245,mse
spectral,25,800,0.05008172243833542,0.16381113635619246,mse
spectral,25,850,0.04950591176748276,0.16192773067990934,mse
spectral,25,900,0.052318572998046875,0.17112759861438426,mse
spectral,25,950,0.05343960225582123,0.17479434703404303,mse
spectral,25,1000,0.04898685961961746,0.16022997513097376,mse
spectral,25,1050,0.050392329692840576,0.164827094371287,mse
spectral,25,1100,0.052612125873565674,0.17208777385952626,mse
spectral,25,1150,0.05317386984825134,0.1739251691078188,mse
spectral,25,1200,0.0518721267580986,0.1696673280340758,mse
spectral,25,1250,0.0477495938539505,0.15618303143214085,mse
spectral,25,1300,0.050774913281202316,0.16607847809591691,mse
spectral,25,1350,0.051645707339048386,0.16892673804391733,mse
spectral,25,1400,0.05133649706840515,0.16791534939071276,mse
spectral,25,1450,0.051735516637563705,0.1692204931810986,mse
spectral,25,1500,0.04748702421784401,0.15532419854123547,mse
spectral,25,1550,0.048325590789318085,0.15806704635667596,mse
spectral,25,1600,0.052321407943964005,0.1711368713727796,mse
spectral,25,1650,0.05061720684170723,0.16556263978591892,mse
spectral,25,1700,0.05382701754570007,0.1760615346583297,mse
spectral,25,1750,0.04672432318329811,0.15282949753883202,mse
spectral,25,1800,0.05104910954833031,0.16697534026271174,mse
spectral,25,1850,0.052161358296871185,0.17061336871977154,mse
spectral,25,1900,0.04871005192399025,0.159324571303686,mse
spectral,25,1950,0.05271627753973007,0.17242844111211103,mse
spectral,25,2000,0.051364779472351074,0.16800785764529547,mse
spectral,25,2050,0.0498000904917717,0.16288995299917805,mse
spectral,25,2100,0.05060635507106781,0.16552714498275778,mse
spectral,25,2150,0.047935549169778824,0.15679126833203622,mse
spectral,25,2200,0.04797092825174332,0.15690698894501987,mse
spectral,25,2250,0.05044744908809662,0.16500738311401697,mse
spectral,25,2300,0.05421030521392822,0.17731522134135214,mse
spectral,25,2350,0.04826171696186066,0.1578581229461023,mse
spectral,25,2400,0.04671252891421318,0.1527909199395158,mse
spectral,25,2450,0.048589274287223816,0.15892952255212825,mse
spectral,25,2500,0.053083330392837524,0.17362902571748973,mse
spectral,25,2550,0.04851599782705307,0.15868984428979396,mse
spectral,25,2600,0.050441138446331024,0.1649867417832394,mse
spectral,25,2650,0.050388701260089874,0.16481522621533817,mse
spectral,25,2700,0.04916081205010414,0.16079895207351064,mse
spectral,25,2750,0.04760461300611496,0.15570881696271907,mse
spectral,25,2800,0.05107881873846054,0.16707251535890474,mse
spectral,25,2850,0.049504805356264114,0.1619241117452925,mse
spectral,25,2900,0.047971777617931366,0.15690976711704896,mse
spectral,25,2950,0.05187702551484108,0.16968335126310322,mse
spectral,25,3000,0.04844997078180313,0.15847387796942725,mse
spectral,25,3050,0.05012943223118782,0.16396718920345812,mse
spectral,25,3100,0.04979363828897476,0.162868848639729,mse
spectral,25,3150,0.0509251244366169,0.1665698002562547,mse
spectral,25,3200,0.051604174077510834,0.1687908878686878,mse
spectral,25,3250,0.05200494825839996,0.17010177077760744,mse
spectral,25,3300,0.0498952716588974,0.16320127885594682,mse
spectral,25,3350,0.04873272031545639,0.1593987168159536,mse
spectral,25,3400,0.051029615104198456,0.1669115763406581,mse
spectral,25,3450,0.05056190490722656,0.165381753979902,mse
spectral,25,3500,0.05193126201629639,0.16986075216911872,mse
spectral,25,3550,0.0512186624109745,0.16752992676153652,mse
spectral,25,3600,0.05066893994808197,0.16573185239542765,mse
spectral,25,3650,0.047606468200683594,0.15571488507530892,mse
spectral,25,3700,0.048763781785964966,0.15950031505445608,mse
spectral,25,3750,0.051585808396339417,0.16873081599104123,mse
spectral,25,3800,0.04775203764438629,0.15619102476920702,mse
spectral,25,3850,0.049707528203725815,0.16258719317283232,mse
spectral,25,3900,0.049094073474407196,0.1605806584248213,mse
spectral,25,3950,0.051826365292072296,0.169517647923526,mse
spectral,25,4000,0.04969555884599686,0.1625480428801592,mse
spectral,25,4050,0.04927659034729004,0.16117764860198483,mse
spectral,25,4100,0.04766007512807846,0.1558902267222327,mse
spectral,25,4150,0.0488390251994133,0.15974642697833144,mse
spectral,25,4200,0.04903590306639671,0.16039039019572368,mse
spectral,25,4250,0.04869341105222702,0.15927014106485288,mse
spectral,25,4300,0.0485793873667717,0.15889718365491243,mse
spectral,25,4350,0.04669469594955444,0.1527325905118699,mse
spectral,25,4400,0.04797575622797012,0.15692278065971155,mse
spectral,25,4450,0.05255160480737686,0.17188981691748847,mse
spectral,25,4500,0.05045849457383156,0.16504351153536018,mse
spectral,25,4550,0.046045124530792236,0.1506079225277973,mse
spectral,25,4600,0.051068395376205444,0.16703842182672315,mse
spectral,25,4650,0.05123379826545715,0.16757943427449354,mse
spectral,25,4700,0.04843534529209137,0.1584260397966807,mse
spectral,25,4750,0.051900073885917664,0.1697587396418049,mse
spectral,25,4800,0.04902041703462601,0.16033973729605294,mse
spectral,25,4850,0.051537495106458664,0.1685727891794391,mse
spectral,25,4900,0.051129862666130066,0.16723947374988107,mse
spectral,25,4950,0.05196384713053703,0.1699673340583225,mse
spectral,25,5000,0.04600367695093155,0.1504723526067637,mse
spectral,26,1,0.573009192943573,1.0,mse
spectral,26,50,0.05626099184155464,0.09818514700006731,mse
spectral,26,100,0.05154500529170036,0.08995493602277381,mse
spectral,26,150,0.054966576397418976,0.09592616850534857,mse
spectral,26,200,0.05171964690089226,0.09025971579130554,mse
spectral,26,250,0.05109395086765289,0.08916776815600647,mse
spectral,26,300,0.0502486452460289,0.0876925638625437,mse
spectral,26,350,0.05002228170633316,0.08729752039293914,mse
spectral,26,400,0.04981164261698723,0.0869299188047973,mse
spectral,26,450,0.04935000091791153,0.0861242743146902,mse
spectral,26,500,0.04866884648799896,0.0849355421995675,mse
spectral,26,550,0.047826990485191345,0.08346635808668623,mse
spectral,26,600,0.05126958340406418,0.08947427726366851,mse
spectral,26,650,0.05150332301855087,0.0898821932576266,mse
spectral,26,700,0.049681246280670166,0.08670235467856188,mse
spectral,26,750,0.047825850546360016,0.08346436869655886,mse
spectral,26,800,0.04987501725554466,0.08704051849383872,mse
spectral,26,850,0.05080905184149742,0.08867057015348938,mse
spectral,26,900,0.04956577718257904,0.08650084116095502,mse
spectral,26,950,0.05018109828233719,0.08757468274558514,mse
spectral,26,1000,0.0511193610727787,0.08921211335227683,mse
spectral,26,1050,0.05038684606552124,0.08793374815974912,mse
spectral,26,1100,0.04894515126943588,0.08541774176083027,mse
spectral,26,1150,0.05084391310811043,0.08873140908424705,mse
spectral,26,1200,0.049495771527290344,0.08637866920254529,mse
spectral,26,1250,0.05010579526424408,0.0874432659742306,mse
spectral,26,1300,0.04931548982858658,0.08606404650377558,mse
spectral,26,1350,0.04917960613965988,0.08582690599957414,mse
spectral,26,1400,0.049040280282497406,0.08558375831734107,mse
spectral,26,1450,0.04957371577620506,0.08651469537782237,mse
spectral,26,1500,0.05014592409133911,0.08751329770773368,mse
spectral,26,1550,0.04890097305178642,0.08534064314148261,mse
spectral,26,1600,0.048726700246334076,0.08503650699916857,mse
spectral,26,1650,0.04988867789506912,0.08706435866899243,mse
spectral,26,1700,0.04853242635726929,0.08469746551177672,mse
spectral,26,1750,0.05010021850466728,0.08743353356566635,mse
spectral,26,1800,0.04641609638929367,0.08100410422885569,mse
spectral,26,1850,0.04867734760046005,0.08495037810894868,mse
spectral,26,1900,0.05065974220633507,0.08840999905445457,mse
spectral,26,1950,0.0495198518037796,0.08642069344366708,mse
spectral,26,2000,0.049253493547439575,0.08595585228645679,mse
spectral,26,2050,0.0498572438955307,0.08700950091116669,mse
spectral,26,2100,0.0495675653219223,0.08650396177291951,mse
spectral,26,2150,0.04858815670013428,0.08479472458466995,mse
spectral,26,2200,0.04890112951397896,0.08534091619502951,mse
spectral,26,2250,0.0492725670337677,0.08598913881407799,mse
spectral,26,2300,0.047915421426296234,0.08362068535088005,mse
spectral,26,2350,0.048648543655872345,0.08490011025122071,mse
spectral,26,2400,0.0494917593896389,0.08637166732944998,mse
spectral,26,2450,0.04970782995223999,0.08674874777643395,mse
spectral,26,2500,0.04946647584438324,0.08632754317652709,mse
spectral,26,2550,0.0498538613319397,0.08700359775353386,mse
spectral,26,2600,0.0484921932220459,0.08462725174257572,mse
spectral,26,2650,0.04938651993870735,0.08618800631278996,mse
spectral,26,2700,0.04825912043452263,0.0842204994768294,mse
spectral,26,2750,0.050179991871118546,0.08757275186693211,mse
spectral,26,2800,0.04749680310487747,0.08289012408489355,mse
spectral,26,2850,0.052036985754966736,0.09081352689587839,mse
spectral,26,2900,0.04945684224367142,0.0863107308795684,mse
spectral,26,2950,0.04854342341423035,0.08471665727535832,mse
spectral,26,3000,0.04748541861772537,0.08287025618871963,mse
spectral,26,3050,0.05237402394413948,0.09140171674226003,mse
spectral,26,3100,0.04810424894094467,0.08395022197433005,mse
spectral,26,3150,0.046717289835214615,0.08152973880789918,mse
spectral,26,3200,0.04893841966986656,0.08540599395703895,mse
spectral,26,3250,0.04815656691789627,0.08404152587939105,mse
spectral,26,3300,0.04899713397026062,0.08550846055114793,mse
spectral,26,3350,0.04832727462053299,0.0843394403016009,mse
spectral,26,3400,0.04850179702043533,0.084644012029335,mse
spectral,26,3450,0.050227340310811996,0.08765538307124181,mse
spectral,26,3500,0.04986991360783577,0.08703161174719007,mse
spectral,26,3550,0.050885625183582306,0.08880420385959369,mse
spectral,26,3600,0.050128549337387085,0.08748297576147873,mse
spectral,26,3650,0.04930092766880989,0.08603863302008977,mse
spectral,26,3700,0.04810700938105583,0.08395503941905023,mse
spectral,26,3750,0.048837512731552124,0.0852298939231179,mse
spectral,26,3800,0.04937323182821274,0.08616481626512885,mse
spectral,26,3850,0.04854964464902878,0.08472751440448478,mse
spectral,26,3900,0.0493626743555069,0.08614639165198852,mse
spectral,26,3950,0.0490000955760479,0.0855136290647141,mse
spectral,26,4000,0.05022972822189331,0.08765955038846938,mse
spectral,26,4050,0.04800570756196976,0.08377825024998703,mse
spectral,26,4100,0.048318058252334595,0.08432335614743394,mse
spectral,26,4150,0.04840285703539848,0.08447134466857488,mse
spectral,26,4200,0.049060605466365814,0.08561922927333741,mse
spectral,26,4250,0.04975748434662819,0.08683540326992284,mse
spectral,26,4300,0.04770755022764206,0.08325791421000824,mse
spectral,26,4350,0.04767957329750061,0.08320908963531384,mse
spectral,26,4400,0.048149410635232925,0.08402903693025818,mse
spectral,26,4450,0.04827341064810753,0.08424543836744561,mse
spectral,26,4500,0.04885344207286835,0.08525769337470156,mse
spectral,26,4550,0.04756663739681244,0.08301199698465668,mse
spectral,26,4600,0.05006745457649231,0.08737635485269203,mse
spectral,26,4650,0.04844624921679497,0.08454707151891315,mse
spectral,26,4700,0.04748962074518204,0.08287758962683618,mse
spectral,26,4750,0.04913809895515442,0.08575446879434845,mse
spectral,26,4800,0.04826422408223152,0.08422940622347805,mse
spectral,26,4850,0.04713384062051773,0.08225669186630175,mse
spectral,26,4900,0.04864970222115517,0.0849021321477227,mse
spectral,26,4950,0.048127226531505585,0.08399032183807373,mse
spectral,26,5000,0.0483635775744915,0.08440279522575495,mse
spectral,27,1,0.2794858515262604,1.0,mse
spectral,27,50,0.0548534020781517,0.19626539869048684,mse
spectral,27,100,0.052243754267692566,0.1869280823426003,mse
spectral,27,150,0.05178902670741081,0.1853010677449078,mse
spectral,27,200,0.05251699313521385,0.18790573064225177,mse
spectral,27,250,0.050432950258255005,0.18044902803788743,mse
spectral,27,300,0.05203181505203247,0.1861697641146732,mse
spectral,27,350,0.051003970205783844,0.18249213664038208,mse
spectral,27,400,0.04937006160616875,0.17664601387355008,mse
spectral,27,450,0.048551999032497406,0.17371898708774344,mse
spectral,27,500,0.04931665584445,0.17645492813011404,mse
spectral,27,550,0.049482520669698715,0.17704839225125985,mse
spectral,27,600,0.05108404904603958,0.1827786586228668,mse
spectral,27,650,0.05037493258714676,0.18024144088887287,mse
spectral,27,700,0.04993709549307823,0.17867486035652205,mse
spectral,27,750,0.048067592084407806,0.17198577968048373,mse
spectral,27,800,0.04890499264001846,0.1749819977396007,mse
spectral,27,850,0.050690244883298874,0.18136962785944832,mse
spectral,27,900,0.04792196676135063,0.17146473247089541,mse
spectral,27,950,0.048846304416656494,0.17477201135552622,mse
spectral,27,1000,0.05130375921726227,0.18356478131932122,mse
spectral,27,1050,0.04865507781505585,0.17408780283278216,mse
spectral,27,1100,0.04874968156218529,0.1744262949124807,mse
spectral,27,1150,0.04723333939909935,0.1690008246970646,mse
spectral,27,1200,0.04746903479099274,0.1698441424915299,mse
spectral,27,1250,0.048445072025060654,0.17333640239927772,mse
spectral,27,1300,0.04849056899547577,0.1734991904980908,mse
spectral,27,1350,0.04793143272399902,0.17149860167249076,mse
spectral,27,1400,0.046420954167842865,0.16609411143476496,mse
spectral,27,1450,0.0443381741642952,0.1586419273897634,mse
spectral,27,1500,0.046819426119327545,0.16751984354001695,mse
spectral,27,1550,0.04525601118803024,0.16192594702339702,mse
spectral,27,1600,0.04527898132801056,0.1620081341532817,mse
spectral,27,1650,0.043243199586868286,0.15472410982781062,mse
spectral,27,1700,0.045360468327999115,0.16229969452939216,mse
spectral,27,1750,0.04437369108200073,0.15876900687343523,mse
spectral,27,1800,0.04673534259200096,0.16721899279259125,mse
spectral,27,1850,0.04343067482113838,0.155394895963303,mse
spectral,27,1900,0.04844173043966293,0.1733244462112293,mse
spectral,27,1950,0.042921032756567,0.1535713973432897,mse
spectral,27,2000,0.043618738651275635,0.15606778809401461,mse
spectral,27,2050,0.04614977538585663,0.16512383411838083,mse
spectral,27,2100,0.043821051716804504,0.15679166396974875,mse
spectral,27,2150,0.041005536913871765,0.1467177558003107,mse
spectral,27,2200,0.04006565362215042,0.1433548546495416,mse
spectral,27,2250,0.043922893702983856,0.15715605445901035,mse
spectral,27,2300,0.04259920120239258,0.1524198844762987,mse
spectral,27,2350,0.044172875583171844,0.15805048928933485,mse
spectral,27,2400,0.04369603469967842,0.15634435325100082,mse
spectral,27,2450,0.04006602615118027,0.14335618755790822,mse
spectral,27,2500,0.04024907946586609,0.14401115207108903,mse
spectral,27,2550,0.04704717546701431,0.16833473039902264,mse
spectral,27,2600,0.03990170732140541,0.1427682550064838,mse
spectral,27,2650,0.03773245960474014,0.1350066896005103,mse
spectral,27,2700,0.036852650344371796,0.1318587332529394,mse
spectral,27,2750,0.03505135700106621,0.12541370809882588,mse
spectral,27,2800,0.038204122334718704,0.13669429821254855,mse
spectral,27,2850,0.04247865453362465,0.15198856865795002,mse
spectral,27,2900,0.04137061536312103,0.14802400599958052,mse
spectral,27,2950,0.03869326412677765,0.13844444688514776,mse
spectral,27,3000,0.038019128143787384,0.13603238924677774,mse
spectral,27,3050,0.039241548627614975,0.14040620809002868,mse
spectral,27,3100,0.03627564013004303,0.12979419148390983,mse
spectral,27,3150,0.034138306975364685,0.1221468163377031,mse
spectral,27,3200,0.034180667251348495,0.1222983813480694,mse
spectral,27,3250,0.0369853675365448,0.13233359518762497,mse
spectral,27,3300,0.03404400497674942,0.12180940391378152,mse
spectral,27,3350,0.03554026782512665,0.12716303036823778,mse
spectral,27,3400,0.03516167402267456,0.12580842225342767,mse
spectral,27,3450,0.03288678079843521,0.11766885736376957,mse
spectral,27,3500,0.03145420178771019,0.11254309159458387,mse
spectral,27,3550,0.0313594751060009,0.11220415965512436,mse
spectral,27,3600,0.03764127567410469,0.13468043361961718,mse
spectral,27,3650,0.03435393422842026,0.12291833035845957,mse
spectral,27,3700,0.029998164623975754,0.10733339258555326,mse
spectral,27,3750,0.03232821822166443,0.1156703212170541,mse
spectral,27,3800,0.029404031112790108,0.10520758368345282,mse
spectral,27,3850,0.028221510350704193,0.10097652599080677,mse
spectral,27,3900,0.02851834148168564,0.10203858737731511,mse
spectral,27,3950,0.025026196613907814,0.08954369774799267,mse
spectral,27,4000,0.02848326414823532,0.10191308072551589,mse
spectral,27,4050,0.02844216674566269,0.10176603427451238,mse
spectral,27,4100,0.02655266411602497,0.09500539641281303,mse
spectral,27,4150,0.025522202253341675,0.09131840525724652,mse
spectral,27,4200,0.029988640919327736,0.10729931678316108,mse
spectral,27,4250,0.028437916189432144,0.10175082579004945,mse
spectral,27,4300,0.03078959323465824,0.11016512308768969,mse
spectral,27,4350,0.0286199152469635,0.10240201817255278,mse
spectral,27,4400,0.026288749650120735,0.09406111080957762,mse
spectral,27,4450,0.029190555214881897,0.10444376720851346,mse
spectral,27,4500,0.02295767515897751,0.08214253077072281,mse
spectral,27,4550,0.026377150788903236,0.09437740996497224,mse
spectral,27,4600,0.029053296893835068,0.10395265712083902,mse
spectral,27,4650,0.02591986022889614,0.09274122495771749,mse
spectral,27,4700,0.02773437276482582,0.09923354836521987,mse
spectral,27,4750,0.029181240126490593,0.1044104378348066,mse
spectral,27,4800,0.028900502249598503,0.10340595808973545,mse
spectral,27,4850,0.02180427685379982,0.07801567318963586,mse
spectral,27,4900,0.028289832174777985,0.10122098138524155,mse
spectral,27,4950,0.0269906185567379,0.09657239681129931,mse
spectral,27,5000,0.028140656650066376,0.10068723155891951,mse
spectral,28,1,0.16051597893238068,1.0,huber
spectral,28,50,0.02510584332048893,0.1564071283586357,huber
spectral,28,100,0.024917561560869217,0.1552341500615714,huber
spectral,28,150,0.02512367255985737,0.15651820290390545,huber
spectral,28,200,0.023968450725078583,0.14932127557952088,huber
spectral,28,250,0.025295138359069824,0.1575864192917872,huber
spectral,28,300,0.024594299495220184,0.15322025669220654,huber
spectral,28,350,0.02465885505080223,0.15362243195233588,huber
spectral,28,400,0.024908605962991714,0.15517835749850656,huber
spectral,28,450,0.023515993729233742,0.14650250950492688,huber
spectral,28,500,0.02281728759407997,0.1421496336118165,huber
spectral,28,550,0.025374172255396843,0.1580787933024788,huber
spectral,28,600,0.023204850032925606,0.14456411247817846,huber
spectral,28,650,0.024436363950371742,0.15223633256266567,huber
spectral,28,700,0.024700120091438293,0.15387950941534315,huber
spectral,28,750,0.0230996273458004,0.14390858467449774,huber
spectral,28,800,0.02414816804230213,0.15044089817671574,huber
spectral,28,850,0.02374965324997902,0.1479581871408818,huber
spectral,28,900,0.02321980893611908,0.14465730508923794,huber
spectral,28,950,0.022529281675815582,0.14035538284513294,huber
spectral,28,1000,0.023601122200489044,0.1470328521650253,huber
spectral,28,1050,0.02268574945628643,0.14133016293563572,huber
spectral,28,1100,0.02223731204867363,0.13853643853140235,huber
spectral,28,1150,0.021480116993188858,0.1338191819659127,huber
spectral,28,1200,0.022129731252789497,0.1378662199238863,huber
spectral,28,1250,0.021060196682810783,0.13120311649273653,huber
spectral,28,1300,0.023919928818941116,0.1490189885021832,huber
spectral,28,1350,0.022122491151094437,0.13782111474654998,huber
spectral,28,1400,0.023490335792303085,0.1463426628834172,huber
spectral,28,1450,0.02209320478141308,0.1376386633178751,huber
spectral,28,1500,0.02061089500784874,0.1284040077812523,huber
spectral,28,1550,0.020810715854167938,0.12964887354258176,huber
spectral,28,1600,0.02347470074892044,0.1462452579802628,huber
spectral,28,1650,0.020459085702896118,0.12745824957099602,huber
spectral,28,1700,0.02038578689098358,0.12700160461639365,huber
spectral,28,1750,0.020833265036344528,0.12978935290374297,huber
spectral,28,1800,0.01995912939310074,0.12434356707570382,huber
spectral,28,1850,0.018511630594730377,0.1153257807593637,huber
spectral,28,1900,0.01993325725197792,0.12418238598149191,huber
spectral,28,1950,0.01865704357624054,0.1162316904543195,huber
spectral,28,2000,0.017833363264799118,0.11110023677026971,huber
spectral,28,2050,0.01813412830233574,0.11297397569356608,huber
spectral,28,2100,0.01776222698390484,0.1106570641879049,huber
spectral,28,2150,0.018072176724672318,0.11258802297985201,huber
spectral,28,2200,0.017340436577796936,0.10802934818783248,huber
spectral,28,2250,0.0175064317882061,0.10906348330330963,huber
spectral,28,2300,0.017019931226968765,0.10603262890194017,huber
spectral,28,2350,0.01672166958451271,0.10417448590309454,huber
spectral,28,2400,0.01626105047762394,0.10130487061648925,huber
spectral,28,2450,0.016000360250473022,0.09968079412961978,huber
spectral,28,2500,0.015475940890610218,0.09641370904967442,huber
spectral,28,2550,0.01546085812151432,0.09631974476526974,huber
spectral,28,2600,0.01530300360172987,0.09533632541453364,huber
spectral,28,2650,0.014790805988013744,0.09214538070533497,huber
spectral,28,2700,0.015006393194198608,0.09348846945960586,huber
spectral,28,2750,0.014730062335729599,0.0917669532572506,huber
spectral,28,2800,0.013537675142288208,0.08433848911696896,huber
spectral,28,2850,0.01350321713835001,0.0841238188756174,huber
spectral,28,2900,0.013906074687838554,0.08663358489497584,huber
spectral,28,2950,0.012984246015548706,0.08089067581875121,huber
spectral,28,3000,0.012844327837228775,0.08001899824963597,huber
spectral,28,3050,0.012712299823760986,0.07919647569240566,huber
spectral,28,3100,0.012737464159727097,0.0793532472246449,huber
spectral,28,3150,0.012617751955986023,0.07860745104573923,huber
spectral,28,3200,0.012025576084852219,0.0749182490418486,huber
spectral,28,3250,0.012024343013763428,0.07491056712072777,huber
spectral,28,3300,0.011959739960730076,0.07450809595578184,huber
spectral,28,3350,0.011987605132162571,0.07468169344817999,huber
spectral,28,3400,0.011439485475420952,0.07126695766681257,huber
spectral,28,3450,0.011552661657333374,0.07197203502213367,huber
spectral,28,3500,0.01161174289882183,0.07234010580163748,huber
spectral,28,3550,0.010922037065029144,0.06804330097024289,huber
spectral,28,3600,0.011255865916609764,0.0701230244582157,huber
spectral,28,3650,0.010680384933948517,0.06653783009632804,huber
spectral,28,3700,0.010449003428220749,0.06509634428745888,huber
spectral,28,3750,0.01057528704404831,0.06588307976804776,huber
spectral,28,3800,0.010440544225275517,0.06504364421983012,huber
spectral,28,3850,0.010409364476799965,0.06484939721287833,huber
spectral,28,3900,0.010333281010389328,0.06437540411314657,huber
spectral,28,3950,0.010345273651182652,0.06445011717830737,huber
spectral,28,4000,0.010175398550927639,0.06339181070075367,huber
spectral,28,4050,0.009909398853778839,0.06173465669703385,huber
spectral,28,4100,0.010023972019553185,0.06244843713519578,huber
spectral,28,4150,0.010265730321407318,0.06395456944340652,huber
spectral,28,4200,0.010074092075228691,0.06276068053930335,huber
spectral,28,4250,0.009914381429553032,0.06176569769249943,huber
spectral,28,4300,0.009620437398552895,0.05993445302168715,huber
spectral,28,4350,0.00968627817928791,0.06034463511803005,huber
spectral,28,4400,0.009652151726186275,0.060132030408339365,huber
spectral,28,4450,0.00952189601957798,0.059320549162206436,huber
spectral,28,4500,0.009630698710680008,0.059998380066180565,huber
spectral,28,4550,0.009336658753454685,0.05816653778367989,huber
spectral,28,4600,0.009335439652204514,0.058158942893387466,huber
spectral,28,4650,0.009634029120206833,0.06001912821567307,huber
spectral,28,4700,0.009383507072925568,0.058458398567774274,huber
spectral,28,4750,0.0094178831204772,0.05867255822826585,huber
spectral,28,4800,0.009144490584731102,0.05696934751015244,huber
spectral,28,4850,0.009641934186220169,0.06006837606044163,huber
spectral,28,4900,0.00977188628166914,0.06087796583657049,huber
spectral,28,4950,0.009166036732494831,0.057103578057833955,huber
spectral,28,5000,0.009253449738025665,0.05764815315940474,huber
spectral,29,1,0.17519411444664001,1.0,huber
spectral,29,50,0.027847252786159515,0.15895084646031948,huber
spectral,29,100,0.027416782453656197,0.1564937414721583,huber
spectral,29,150,0.02730233035981655,0.1558404541502574,huber
spectral,29,200,0.026417957618832588,0.15079249495495395,huber
spectral,29,250,0.026543185114860535,0.15150728778017802,huber
spectral,29,300,0.02650185488164425,0.15127137669750937,huber
spectral,29,350,0.027848804369568825,0.15895970282752228,huber
spectral,29,400,0.02528822422027588,0.14434402833765328,huber
spectral,29,450,0.0255257710814476,0.14569993496683445,huber
spectral,29,500,0.027008259668946266,0.15416191208393787,huber
spectral,29,550,0.024950839579105377,0.14241825222219331,huber
spectral,29,600,0.02567598968744278,0.14655737590581605,huber
spectral,29,650,0.025982948020100594,0.14830948004257521,huber
spectral,29,700,0.025500286370515823,0.14555446940132574,huber
spectral,29,750,0.025409728288650513,0.14503756800796933,huber
spectral,29,800,0.026113763451576233,0.14905616854800147,huber
spectral,29,850,0.02508477307856083,0.1431827385171724,huber
spectral,29,900,0.02452331781387329,0.13997797752128546,huber
spectral,29,950,0.024756841361522675,0.14131091926072106,huber
spectral,29,1000,0.02472364529967308,0.14112143765653337,huber
spectral,29,1050,0.025075403973460197,0.14312926009336674,huber
spectral,29,1100,0.02555251307785511,0.14585257706038865,huber
spectral,29,1150,0.025441190227866173,0.14521715131940097,huber
spectral,29,1200,0.024651162326335907,0.14070770815673758,huber
spectral,29,1250,0.024513209238648415,0.13992027823579975,huber
spectral,29,1300,0.02517370507121086,0.14369035826758997,huber
spectral,29,1350,0.02561209723353386,0.14619268069838443,huber
spectral,29,1400,0.025764960795640945,0.14706521892599506,huber
spectral,29,1450,0.025151457637548447,0.1435633709328117,huber
spectral,29,1500,0.02427932620048523,0.1385852845409378,huber
spectral,29,1550,0.02423430234193802,0.1383282904136555,huber
spectral,29,1600,0.025138627737760544,0.1434901384510675,huber
spectral,29,1650,0.024369947612285614,0.13910254741866984,huber
spectral,29,1700,0.024941232055425644,0.14236341291603236,huber
spectral,29,1750,0.026647023856639862,0.1520999945734816,huber
spectral,29,1800,0.025695640593767166,0.1466695423811937,huber
spectral,29,1850,0.024962887167930603,0.1424870193087092,huber
spectral,29,1900,0.024234706535935402,0.13833059753452345,huber
spectral,29,1950,0.024566650390625,0.14022531788935994,huber
spectral,29,2000,0.024887340143322945,0.1420558003442692,huber
spectral,29,2050,0.025326386094093323,0.14456185456964732,huber
spectral,29,2100,0.025134269148111343,0.1434652598205098,huber
spectral,29,2150,0.024804934859275818,0.14158543474832777,huber
spectral,29,2200,0.02463340014219284,0.14060632242126828,huber
spectral,29,2250,0.024424927309155464,0.13941636901617901,huber
spectral,29,2300,0.024065852165222168,0.1373667845020676,huber
spectral,29,2350,0.02476966381072998,0.14138410921489167,huber
spectral,29,2400,0.025885943323373795,0.14775578166615888,huber
spectral,29,2450,0.025795234367251396,0.147238019089437,huber
spectral,29,2500,0.025439605116844177,0.14520810357811695,huber
spectral,29,2550,0.0251198410987854,0.1433829051742278,huber
spectral,29,2600,0.02574719488620758,0.14696381192673894,huber
spectral,29,2650,0.025173181667923927,0.14368737070554435,huber
spectral,29,2700,0.02451772801578045,0.1399460712091899,huber
spectral,29,2750,0.02347433567047119,0.1339904353785864,huber
spectral,29,2800,0.024952411651611328,0.14242722554022352,huber
spectral,29,2850,0.0251762792468071,0.14370505154426977,huber
spectral,29,2900,0.025148674845695496,0.143547486884071,huber
spectral,29,2950,0.025501616299152374,0.14556206057321386,huber
spectral,29,3000,0.02441440522670746,0.13935630945035832,huber
spectral,29,3050,0.024238474667072296,0.13835210585487312,huber
spectral,29,3100,0.02507040835916996,0.14310074535526598,huber
spectral,29,3150,0.02517944946885109,0.14372314702683778,huber
spectral,29,3200,0.025113318115472794,0.14334567228353848,huber
spectral,29,3250,0.025424236431717873,0.14512037982566756,huber
spectral,29,3300,0.025110557675361633,0.1433299158175186,huber
spectral,29,3350,0.024148909375071526,0.1378408712606993,huber
spectral,29,3400,0.025744209066033363,0.14694676900161757,huber
spectral,29,3450,0.025164205580949783,0.14363613561124627,huber
spectral,29,3500,0.024661310017108917,0.14076563071198472,huber
spectral,29,3550,0.024933502078056335,0.14231929055841935,huber
spectral,29,3600,0.024613043293356895,0.14049012645829176,huber
spectral,29,3650,0.024485168978571892,0.13976022571254523,huber
spectral,29,3700,0.02416699379682541,0.13794409631372692,huber
spectral,29,3750,0.024582264944911003,0.1403144450517382,huber
spectral,29,3800,0.025320786982774734,0.14452989509808475,huber
spectral,29,3850,0.024347279220819473,0.13897315727598303,huber
spectral,29,3900,0.02432316541671753,0.13883551678401726,huber
spectral,29,3950,0.02540707401931286,0.1450224175598733,huber
spectral,29,4000,0.024052653461694717,0.13729144690543008,huber
spectral,29,4050,0.024950431659817696,0.14241592383753854,huber
spectral,29,4100,0.024351727217435837,0.13899854623742397,huber
spectral,29,4150,0.02469485253095627,0.14095708984834499,huber
spectral,29,4200,0.025545384734869003,0.14581188880434406,huber
spectral,29,4250,0.025145119056105614,0.14352719059956903,huber
spectral,29,4300,0.025102823972702026,0.1432857721961188,huber
spectral,29,4350,0.02376367524266243,0.1356419724356681,huber
spectral,29,4400,0.02459259331226349,0.1403733989006452,huber
spectral,29,4450,0.024785039946436882,0.14147187549491463,huber
spectral,29,4500,0.02418418601155281,0.1380422286898156,huber
spectral,29,4550,0.02506611868739128,0.14307626010476412,huber
spectral,29,4600,0.02474660612642765,0.1412524970064841,huber
spectral,29,4650,0.025059808045625687,0.14304023924992249,huber
spectral,29,4700,0.0245981328189373,0.14040501815161896,huber
spectral,29,4750,0.02409634366631508,0.13754082859703745,huber
spectral,29,4800,0.024977630004286766,0.1425711707449759,huber
spectral,29,4850,0.02419678494334221,0.1381141428167781,huber
spectral,29,4900,0.025415483862161636,0.14507042055857758,huber
spectral,29,4950,0.025253282859921455,0.1441445846493491,huber
spectral,29,5000,0.024886805564165115,0.1420527489908632,huber
spectral,30,1,0.7988618612289429,1.0,mse
spectral,30,50,0.10749635845422745,0.1345618856917998,mse
spectral,30,100,0.06947474926710129,0.08696716245812963,mse
spectral,30,150,0.05859867483377457,0.07335270048269457,mse
spectral,30,200,0.05460153892636299,0.06834916219728625,mse
spectral,30,250,0.052777890115976334,0.06606635349293626,mse
spectral,30,300,0.053567372262477875,0.06705461214542348,mse
spectral,30,350,0.05082850903272629,0.06362615553399105,mse
spectral,30,400,0.05141344293951988,0.06435836461190816,mse
spectral,30,450,0.05289521440863609,0.06621321779871157,mse
spectral,30,500,0.05058310925960541,0.06331896879116249,mse
spectral,30,550,0.05272301286458969,0.06599765919915408,mse
spectral,30,600,0.05165056884288788,0.06465519428281423,mse
spectral,30,650,0.050425317138433456,0.06312144763158527,mse
spectral,30,700,0.05347730591893196,0.06694186881905242,mse
spectral,30,750,0.0495653860270977,0.06204500231222447,mse
spectral,30,800,0.04829207807779312,0.06045109977274691,mse
spectral,30,850,0.05110931396484375,0.06397766177774322,mse
spectral,30,900,0.048744648694992065,0.06101761901613991,mse
spectral,30,950,0.04859893023967743,0.06083521144057926,mse
spectral,30,1000,0.050055649131536484,0.06265870429029184,mse
spectral,30,1050,0.05127977952361107,0.06419104730412832,mse
spectral,30,1100,0.04660829156637192,0.05834336801943612,mse
spectral,30,1150,0.051861971616744995,0.06491982423214226,mse
spectral,30,1200,0.04765907675027847,0.05965872081683974,mse
spectral,30,1250,0.05145016312599182,0.0644043302390761,mse
spectral,30,1300,0.04871658980846405,0.06098249543859817,mse
spectral,30,1350,0.05087712034583092,0.06368700624606516,mse
spectral,30,1400,0.050108619034290314,0.06272501100153267,mse
spectral,30,1450,0.04987074434757233,0.062427244017949246,mse
spectral,30,1500,0.048986729234457016,0.06132065080575688,mse
spectral,30,1550,0.04885777086019516,0.06115922317912883,mse
spectral,30,1600,0.05001029372215271,0.06260192925622775,mse
spectral,30,1650,0.04901774972677231,0.06135948166478371,mse
spectral,30,1700,0.052035052329301834,0.06513648335802741,mse
spectral,30,1750,0.04857055842876434,0.06079969615027683,mse
spectral,30,1800,0.04778102785348892,0.05981137687557666,mse
spectral,30,1850,0.04966932162642479,0.062175106907738885,mse
spectral,30,1900,0.04858972132205963,0.060823683893621854,mse
spectral,30,1950,0.04777874797582626,0.05980852296832021,mse
spectral,30,2000,0.04922046512365341,0.061613236921755486,mse
spectral,30,2050,0.04750331491231918,0.05946374112695985,mse
spectral,30,2100,0.05099022388458252,0.06382858709281831,mse
spectral,30,2150,0.04979140684008598,0.06232793084337324,mse
spectral,30,2200,0.04896882176399231,0.06129823457670176,mse
spectral,30,2250,0.04916420951485634,0.061542817226527415,mse
spectral,30,2300,0.049133703112602234,0.06150462989560743,mse
spectral,30,2350,0.04890924319624901,0.06122365526501495,mse
spectral,30,2400,0.0505041629076004,0.06322014525753733,mse
spectral,30,2450,0.04931376874446869,0.0617300326099008,mse
spectral,30,2500,0.04708614945411682,0.058941541384490474,mse
spectral,30,2550,0.050086863338947296,0.06269777763817053,mse
spectral,30,2600,0.04979407787322998,0.06233127439158055,mse
spectral,30,2650,0.05045161023736,0.06315436082997741,mse
spectral,30,2700,0.052285030484199524,0.06544940123160461,mse
spectral,30,2750,0.04981086775660515,0.06235229164649035,mse
spectral,30,2800,0.048738136887550354,0.061009467660119866,mse
spectral,30,2850,0.04928407818078995,0.061692866530106895,mse
spectral,30,2900,0.0509195476770401,0.06374011596786851,mse
spectral,30,2950,0.04819932207465172,0.060334989581932806,mse
spectral,30,3000,0.04916737601161003,0.06154678098660581,mse
spectral,30,3050,0.047440849244594574,0.05938554779873097,mse
spectral,30,3100,0.04665485769510269,0.0584016586088243,mse
spectral,30,3150,0.049230001866817474,0.061625174834462185,mse
spectral,30,3200,0.049066804349422455,0.06142088730326879,mse
spectral,30,3250,0.04888230189681053,0.06118993066161852,mse
spectral,30,3300,0.04647738113999367,0.05817949685130091,mse
spectral,30,3350,0.05030929297208786,0.06297621079906568,mse
spectral,30,3400,0.04849003255367279,0.06069889539985964,mse
spectral,30,3450,0.04830532521009445,0.06046768227961606,mse
spectral,30,3500,0.05161210894584656,0.06460705091922674,mse
spectral,30,3550,0.04912412539124489,0.06149264068718207,mse
spectral,30,3600,0.05048961937427521,0.06320193994065962,mse
spectral,30,3650,0.047880880534648895,0.05993637055221352,mse
spectral,30,3700,0.04824578016996384,0.06039314493715361,mse
spectral,30,3750,0.05009771138429642,0.0627113570138744,mse
spectral,30,3800,0.04698619246482849,0.05881641713693338,mse
spectral,30,3850,0.05015220865607262,0.06277957565644716,mse
spectral,30,3900,0.0470900759100914,0.058946456446987684,mse
spectral,30,3950,0.04848865419626236,0.06069716999841375,mse
spectral,30,4000,0.04669239744544029,0.058448650150365475,mse
spectral,30,4050,0.04759203642606735,0.05957480102110936,mse
spectral,30,4100,0.04905330762267113,0.061403992358840524,mse
spectral,30,4150,0.04517131298780441,0.05654458571637698,mse
spectral,30,4200,0.04815898835659027,0.06028450060502834,mse
spectral,30,4250,0.049907684326171875,0.062473484776699104,mse
spectral,30,4300,0.046961069107055664,0.058784968198146666,mse
spectral,30,4350,0.04556161165237427,0.057033154120392955,mse
spectral,30,4400,0.04883883148431778,0.06113551523061287,mse
spectral,30,4450,0.047447092831134796,0.059393363400956134,mse
spectral,30,4500,0.04759633168578148,0.05958017774507453,mse
spectral,30,4550,0.04706072062253952,0.058909710059437376,mse
spectral,30,4600,0.04403119534254074,0.05511740825229107,mse
spectral,30,4650,0.049489498138427734,0.061950007304510335,mse
spectral,30,4700,0.04700351506471634,0.05883810123618578,mse
spectral,30,4750,0.04923237860202789,0.06162814998614456,mse
spectral,30,4800,0.050488319247961044,0.0632003124674039,mse
spectral,30,4850,0.048858098685741425,0.06115963354487812,mse
spectral,30,4900,0.050635527819395065,0.06338458534182496,mse
spectral,30,4950,0.04954206943511963,0.06201581504830602,mse
spectral,30,5000,0.0483207069337368,0.06048693682710276,mse
spectral,31,1,0.1539883315563202,1.0,huber
spectral,31,50,0.026458129286766052,0.17181905290719493,huber
spectral,31,100,0.025143282487988472,0.1632804397182035,huber
spectral,31,150,0.024096688255667686,0.15648385830360456,huber
spectral,31,200,0.025532368570566177,0.16580716416962987,huber
spectral,31,250,0.02565060555934906,0.16657499500192666,huber
spectral,31,300,0.025100605562329292,0.1630032958253653,huber
spectral,31,350,0.025078363716602325,0.16285885731173133,huber
spectral,31,400,0.02539680525660515,0.16492681620695682,huber
spectral,31,450,0.024982132017612457,0.16223392879917925,huber
spectral,31,500,0.02551838755607605,0.16571637148197085,huber
spectral,31,550,0.025275181978940964,0.16413699481961552,huber
spectral,31,600,0.025598326697945595,0.16623549615240282,huber
spectral,31,650,0.025386152788996696,0.16485763909788115,huber
spectral,31,700,0.02541361004114151,0.1650359464531678,huber
spectral,31,750,0.025501037016510963,0.1656036971034012,huber
spectral,31,800,0.02521391771733761,0.16373914479433,huber
spectral,31,850,0.02634725160896778,0.1710990134296731,huber
spectral,31,900,0.024589046835899353,0.15968123420381417,huber
spectral,31,950,0.026409586891531944,0.17150381866351228,huber
spectral,31,1000,0.02471957728266716,0.16052889873429235,huber
spectral,31,1050,0.02551671490073204,0.16570550926061223,huber
spectral,31,1100,0.024548904970288277,0.15942055298722216,huber
spectral,31,1150,0.025422601029276848,0.16509433391697412,huber
spectral,31,1200,0.024017872288823128,0.15597202753014278,huber
spectral,31,1250,0.026074346154928207,0.16932676581012043,huber
spectral,31,1300,0.025323234498500824,0.16444904781138578,huber
spectral,31,1350,0.02570686861872673,0.16694036722727018,huber
spectral,31,1400,0.024666445329785347,0.16018385990995532,huber
spectral,31,1450,0.025426287204027176,0.16511827193041365,huber
spectral,31,1500,0.023692460730671883,0.15385880534725144,huber
spectral,31,1550,0.02457675337791443,0.15960140050563276,huber
spectral,31,1600,0.025443967431783676,0.16523308730361635,huber
spectral,31,1650,0.025126703083515167,0.1631727730897925,huber
spectral,31,1700,0.025877006351947784,0.16804524141807098,huber
spectral,31,1750,0.02472325786948204,0.16055280045968728,huber
spectral,31,1800,0.0257223229855299,0.1670407278626961,huber
spectral,31,1850,0.025717826560139656,0.16701152808278552,huber
spectral,31,1900,0.024337738752365112,0.15804923987674838,huber
spectral,31,1950,0.024661090224981308,0.16014908386718693,huber
spectral,31,2000,0.023492202162742615,0.15255832649989132,huber
spectral,31,2050,0.02533673867583275,0.16453674391923656,huber
spectral,31,2100,0.024846334010362625,0.16135205673863182,huber
spectral,31,2150,0.026713326573371887,0.17347630371332173,huber
spectral,31,2200,0.024661138653755188,0.1601493983635737,huber
spectral,31,2250,0.02659120038151741,0.17268321640196393,huber
spectral,31,2300,0.025159144774079323,0.16338344938088725,huber
spectral,31,2350,0.024235986173152924,0.1573884587761039,huber
spectral,31,2400,0.025354482233524323,0.16465197055694503,huber
spectral,31,2450,0.025471776723861694,0.16541368080571459,huber
spectral,31,2500,0.026004519313573837,0.16887331040445008,huber
spectral,31,2550,0.024759605526924133,0.16078884209397695,huber
spectral,31,2600,0.02555932104587555,0.16598219350488513,huber
spectral,31,2650,0.025136057287454605,0.16323351927649962,huber
spectral,31,2700,0.02541482448577881,0.16504383305486695,huber
spectral,31,2750,0.02574124187231064,0.16716358708579132,huber
spectral,31,2800,0.024632129818201065,0.15996101502789534,huber
spectral,31,2850,0.02673068828880787,0.17358905066798064,huber
spectral,31,2900,0.025226792320609093,0.1638227524491527,huber
spectral,31,2950,0.025851983577013016,0.16788274355422722,huber
spectral,31,3000,0.025181643664836884,0.1635295571445741,huber
spectral,31,3050,0.025157151743769646,0.16337050664496996,huber
spectral,31,3100,0.024325910955667496,0.157972430182286,huber
spectral,31,3150,0.025823287665843964,0.167696392349048,huber
spectral,31,3200,0.024839596822857857,0.16130830545282546,huber
spectral,31,3250,0.025245821103453636,0.1639463253371256,huber
spectral,31,3300,0.026494624093174934,0.17205605012665978,huber
spectral,31,3350,0.02549159526824951,0.1655423824039949,huber
spectral,31,3400,0.025862574577331543,0.16795152149481196,huber
spectral,31,3450,0.024131398648023605,0.15670926754081824,huber
spectral,31,3500,0.025195900350809097,0.16362214004243475,huber
spectral,31,3550,0.025237973779439926,0.16389536482645314,huber
spectral,31,3600,0.0256721880286932,0.1667151515262945,huber
spectral,31,3650,0.026403620839118958,0.17146507512786455,huber
spectral,31,3700,0.02593465894460678,0.16841963727051198,huber
spectral,31,3750,0.026077166199684143,0.16934507917664265,huber
spectral,31,3800,0.024535376578569412,0.159332699631178,huber
spectral,31,3850,0.02465648390352726,0.16011917042239865,huber
spectral,31,3900,0.02551279217004776,0.16568003505328344,huber
spectral,31,3950,0.02680741250514984,0.1740872976167367,huber
spectral,31,4000,0.024593595415353775,0.1597107726721413,huber
spectral,31,4050,0.025393955409526825,0.1649083093041966,huber
spectral,31,4100,0.025499168783426285,0.1655915648004806,huber
spectral,31,4150,0.024278221651911736,0.15766273591341654,huber
spectral,31,4200,0.02464078925549984,0.16001724940105372,huber
spectral,31,4250,0.02576565556228161,0.16732212955277065,huber
spectral,31,4300,0.02535930648446083,0.1646832992354738,huber
spectral,31,4350,0.024889936670660973,0.1616352123508634,huber
spectral,31,4400,0.026136614382267,0.1697311355874241,huber
spectral,31,4450,0.025860384106636047,0.16793729658131784,huber
spectral,31,4500,0.025845130905508995,0.16783824231549851,huber
spectral,31,4550,0.024580711498856544,0.1596271045372442,huber
spectral,31,4600,0.024706371128559113,0.16044313798882173,huber
spectral,31,4650,0.024113282561302185,0.15659162170013458,huber
spectral,31,4700,0.02494632452726364,0.1620013950092036,huber
spectral,31,4750,0.024975812062621117,0.16219288702070508,huber
spectral,31,4800,0.023657245561480522,0.15363011809000635,huber
spectral,31,4850,0.026870086789131165,0.17449430432528332,huber
spectral,31,4900,0.02501470223069191,0.16244543971530045,huber
spectral,31,4950,0.02531672641634941,0.16440678433540915,huber
spectral,31,5000,0.023996036499738693,0.15583022594775178,huber
spectral,32,1,0.2862733006477356,1.0,mse
spectral,32,50,0.05242381617426872,0.1831250628530572,mse
spectral,32,100,0.05105093494057655,0.17832936157534174,mse
spectral,32,150,0.047370512038469315,0.1654730354919112,mse
spectral,32,200,0.04968566074967384,0.17356023295659323,mse
spectral,32,250,0.048187561333179474,0.16832712385034862,mse
spectral,32,300,0.04984864592552185,0.17412956713997405,mse
spectral,32,350,0.0496048778295517,0.17327804485194162,mse
spectral,32,400,0.050984758883714676,0.1780981976606066,mse
spectral,32,450,0.04948987811803818,0.17287633183415996,mse
spectral,32,500,0.049620334059000015,0.17333203601847147,mse
spectral,32,550,0.05070818215608597,0.17713206939435575,mse
spectral,32,600,0.04889458045363426,0.17079685860680355,mse
spectral,32,650,0.050136223435401917,0.17513412295858996,mse
spectral,32,700,0.05161023885011673,0.18028310266217962,mse
spectral,32,750,0.05033848434686661,0.17584065378422772,mse
spectral,32,800,0.05184532701969147,0.18110430453131243,mse
spectral,32,850,0.050793252885341644,0.17742923552568268,mse
spectral,32,900,0.049297526478767395,0.172204415735678,mse
spectral,32,950,0.05036774277687073,0.17594285832072454,mse
spectral,32,1000,0.05007663369178772,0.17492596612566363,mse
spectral,32,1050,0.04847118631005287,0.16931787281726818,mse
spectral,32,1100,0.04911775887012482,0.1715764577380728,mse
spectral,32,1150,0.05112157016992569,0.17857610211729696,mse
spectral,32,1200,0.050132740288972855,0.17512195575186415,mse
spectral,32,1250,0.048270970582962036,0.16861848615900205,mse
spectral,32,1300,0.04797288030385971,0.1675772074982682,mse
spectral,32,1350,0.050203170627355576,0.17536798057577668,mse
spectral,32,1400,0.0497669093310833,0.17384404769316006,mse
spectral,32,1450,0.049274981021881104,0.1721256607248709,mse
spectral,32,1500,0.04875515401363373,0.17030981898527733,mse
spectral,32,1550,0.048447009176015854,0.16923341808823017,mse
spectral,32,1600,0.049043599516153336,0.17131740684578323,mse
spectral,32,1650,0.04696612060070038,0.16406042929757192,mse
spectral,32,1700,0.04836174100637436,0.1689355622649712,mse
spectral,32,1750,0.05111551284790039,0.17855494288934384,mse
spectral,32,1800,0.048678405582904816,0.17004172401953915,mse
spectral,32,1850,0.04943803697824478,0.17269524215630283,mse
spectral,32,1900,0.048426464200019836,0.16916165108813086,mse
spectral,32,1950,0.048455558717250824,0.16926328305019353,mse
spectral,32,2000,0.05041540041565895,0.17610933433745538,mse
spectral,32,2050,0.05209176242351532,0.18196514416695522,mse
spectral,32,2100,0.04825586825609207,0.16856573123272778,mse
spectral,32,2150,0.04891735687851906,0.1708764204270406,mse
spectral,32,2200,0.0501435250043869,0.17515962854702055,mse
spectral,32,2250,0.047531865537166595,0.1660366699570611,mse
spectral,32,2300,0.04866385459899902,0.1699908950254525,mse
spectral,32,2350,0.04888506233692169,0.17076361025045655,mse
spectral,32,2400,0.04996959865093231,0.17455207502015982,mse
spectral,32,2450,0.05075981467962265,0.17731243034111485,mse
spectral,32,2500,0.050010889768600464,0.17469631172534583,mse
spectral,32,2550,0.047000348567962646,0.16417999324986796,mse
spectral,32,2600,0.047889597713947296,0.16728628763349573,mse
spectral,32,2650,0.05009365454316139,0.1749854227754286,mse
spectral,32,2700,0.04780282825231552,0.1669831875489421,mse
spectral,32,2750,0.05228810757398605,0.18265101026074207,mse
spectral,32,2800,0.048561833798885345,0.16963451949241173,mse
spectral,32,2850,0.049709808081388474,0.17364458358118867,mse
spectral,32,2900,0.04897526651620865,0.1710787083720168,mse
spectral,32,2950,0.0491289384663105,0.17161550991709332,mse
spectral,32,3000,0.04636373370885849,0.1619561922259383,mse
spectral,32,3050,0.049054525792598724,0.17135557413704183,mse
spectral,32,3100,0.049203552305698395,0.17187614840213214,mse
spectral,32,3150,0.04879489913582802,0.17044865527250483,mse
spectral,32,3200,0.049349594861269,0.17238629920990975,mse
spectral,32,3250,0.04797881096601486,0.1675979242823404,mse
spectral,32,3300,0.0476132407784462,0.16632092713750884,mse
spectral,32,3350,0.04665112495422363,0.16296009739178813,mse
spectral,32,3400,0.04756439849734306,0.1661503129691857,mse
spectral,32,3450,0.048015400767326355,0.1677257385117104,mse
spectral,32,3500,0.0491771474480629,0.17178391186601175,mse
spectral,32,3550,0.04699382185935974,0.1641571943769443,mse
spectral,32,3600,0.04821201413869858,0.1684125415454804,mse
spectral,32,3650,0.050120770931243896,0.17508014480511544,mse
spectral,32,3700,0.05059569701552391,0.17673914018891626,mse
spectral,32,3750,0.04802753031253815,0.16776810901983794,mse
spectral,32,3800,0.04864353686571121,0.1699199218217278,mse
spectral,32,3850,0.04797569289803505,0.16758703235503614,mse
spectral,32,3900,0.0486292690038681,0.1698700818198456,mse
spectral,32,3950,0.04705347120761871,0.16436555941875575,mse
spectral,32,4000,0.047815728932619095,0.16702825175952124,mse
spectral,32,4050,0.047862596809864044,0.16719196900852387,mse
spectral,32,4100,0.048248399049043655,0.16853964005680772,mse
spectral,32,4150,0.048045821487903595,0.1678320031214676,mse
spectral,32,4200,0.04969565570354462,0.17359514698402143,mse
spectral,32,4250,0.04926667734980583,0.17209665462455878,mse
spectral,32,4300,0.048270247876644135,0.16861596162626963,mse
spectral,32,4350,0.046468526124954224,0.1623222494721384,mse
spectral,32,4400,0.04751972109079361,0.16599424739671226,mse
spectral,32,4450,0.04738454520702362,0.16552205567130812,mse
spectral,32,4500,0.04935771971940994,0.17241468068356644,mse
spectral,32,4550,0.048448823392391205,0.16923975544617187,mse
spectral,32,4600,0.04892884939908981,0.1709165657027081,mse
spectral,32,4650,0.04948597401380539,0.17286269415218278,mse
spectral,32,4700,0.04954850301146507,0.17308111828575795,mse
spectral,32,4750,0.0479794405400753,0.16760012348868977,mse
spectral,32,4800,0.04633659869432449,0.16186140513097483,mse
spectral,32,4850,0.04980001598596573,0.17395969471580425,mse
spectral,32,4900,0.047538794577121735,0.1660608742399595,mse
spectral,32,4950,0.04737663269042969,0.16549441594180478,mse
spectral,32,5000,0.048555172979831696,0.1696112521494965,mse
spectral,33,1,0.3717689514160156,1.0,huber
spectral,33,50,0.03983169049024582,0.10714098188816606,huber
spectral,33,100,0.0304971132427454,0.08203243742272233,huber
spectral,33,150,0.0264970064163208,0.07127277927701448,huber
spectral,33,200,0.026439037173986435,0.07111685113370513,huber
spectral,33,250,0.025244832038879395,0.06790462716890526,huber
spectral,33,300,0.025589555501937866,0.06883187905948264,huber
spectral,33,350,0.025694016367197037,0.06911286235532081,huber
spectral,33,400,0.02586696483194828,0.06957806652068348,huber
spectral,33,450,0.025073960423469543,0.06744500940158224,huber
spectral,33,500,0.02529885619878769,0.06804994366105052,huber
spectral,33,550,0.025496363639831543,0.06858120760950984,huber
spectral,33,600,0.024599682539701462,0.06616927649822486,huber
spectral,33,650,0.025646867230534554,0.06898603859426465,huber
spectral,33,700,0.02617613971233368,0.07040969831566743,huber
spectral,33,750,0.02591628208756447,0.06971072218067968,huber
spectral,33,800,0.026441793888807297,0.0711242662629416,huber
spectral,33,850,0.026228781789541245,0.07055129722274953,huber
spectral,33,900,0.024500969797372818,0.06590375474888925,huber
spectral,33,950,0.026093121618032455,0.0701863927007552,huber
spectral,33,1000,0.025431856513023376,0.06840769358537611,huber
spectral,33,1050,0.02484174445271492,0.06682038496785762,huber
spectral,33,1100,0.02522617019712925,0.06785442975010773,huber
spectral,33,1150,0.026298535987734795,0.07073892504354484,huber
spectral,33,1200,0.02594246156513691,0.06978114085731399,huber
spectral,33,1250,0.024824531748890877,0.06677408550213171,huber
spectral,33,1300,0.024568095803260803,0.06608431314579763,huber
spectral,33,1350,0.02590152621269226,0.06967103119837467,huber
spectral,33,1400,0.02547108754515648,0.06851321889076721,huber
spectral,33,1450,0.025318073108792305,0.06810163412614025,huber
spectral,33,1500,0.02545599639415741,0.06847262606841992,huber
spectral,33,1550,0.025002554059028625,0.06725293751346748,huber
spectral,33,1600,0.025593837723135948,0.06884339756091148,huber
spectral,33,1650,0.02454375848174095,0.06601884957917338,huber
spectral,33,1700,0.025376640260219574,0.06825917055085833,huber
spectral,33,1750,0.02620469219982624,0.07048650001571206,huber
spectral,33,1800,0.0251920185983181,0.06776256732135712,huber
spectral,33,1850,0.025851231068372726,0.06953574517158849,huber
spectral,33,1900,0.025271907448768616,0.06797745576254142,huber
spectral,33,1950,0.025762272998690605,0.06929646195726064,huber
spectral,33,2000,0.02635808102786541,0.0708990918350529,huber
spectral,33,2050,0.02700732834637165,0.07264546499513888,huber
spectral,33,2100,0.025250516831874847,0.06791991836784428,huber
spectral,33,2150,0.02571249194443226,0.06916255875187262,huber
spectral,33,2200,0.026603639125823975,0.0715596044922376,huber
spectral,33,2250,0.025058384984731674,0.0674031139213961,huber
spectral,33,2300,0.025958996266126633,0.06982561660206553,huber
spectral,33,2350,0.025987748056650162,0.06990295439591307,huber
spectral,33,2400,0.026904616504907608,0.07236918629818792,huber
spectral,33,2450,0.0271995160728693,0.07316241974826077,huber
spectral,33,2500,0.026500534266233444,0.07128226863834819,huber
spectral,33,2550,0.025211190804839134,0.06781413754110788,huber
spectral,33,2600,0.02573360502719879,0.06921934962342366,huber
spectral,33,2650,0.02620045840740204,0.0704751117800671,huber
spectral,33,2700,0.0253372173756361,0.06815312919255415,huber
spectral,33,2750,0.027323493734002113,0.07349590015500426,huber
spectral,33,2800,0.02569453790783882,0.06911426521760879,huber
spectral,33,2850,0.026533976197242737,0.07137222217234268,huber
spectral,33,2900,0.026130538433790207,0.0702870380494731,huber
spectral,33,2950,0.026225455105304718,0.07054234896544116,huber
spectral,33,3000,0.024737883359193802,0.06654101496365064,huber
spectral,33,3050,0.025869231671094894,0.06958416396141376,huber
spectral,33,3100,0.026606151834130287,0.07156636328233221,huber
spectral,33,3150,0.026236357167363167,0.07057167379748248,huber
spectral,33,3200,0.026398397982120514,0.07100753810013646,huber
spectral,33,3250,0.025569722056388855,0.06877853021075962,huber
spectral,33,3300,0.025305476039648056,0.06806774999166298,huber
spectral,33,3350,0.024588076397776604,0.06613805780209477,huber
spectral,33,3400,0.025917839258909225,0.06971491072665381,huber
spectral,33,3450,0.02579544484615326,0.06938568900899884,huber
spectral,33,3500,0.026284249499440193,0.07070049663729902,huber
spectral,33,3550,0.02478519268333912,0.0666682696038381,huber
spectral,33,3600,0.025582533329725266,0.06881299052081943,huber
spectral,33,3650,0.02634809911251068,0.07087224205290539,huber
spectral,33,3700,0.027036895975470543,0.07272499726642263,huber
spectral,33,3750,0.02680940181016922,0.07211307374662672,huber
spectral,33,3800,0.026183616369962692,0.07042980934861015,huber
spectral,33,3850,0.025828521698713303,0.06947466053939173,huber
spectral,33,3900,0.026121605187654495,0.07026300902256893,huber
spectral,33,3950,0.024972133338451385,0.06717111056029838,huber
spectral,33,4000,0.025804277509450912,0.06940944748389033,huber
spectral,33,4050,0.026054413989186287,0.07008227526787456,huber
spectral,33,4100,0.026449674740433693,0.07114546451415753,huber
spectral,33,4150,0.025945059955120087,0.06978813011764162,huber
spectral,33,4200,0.02629530243575573,0.07073022729735935,huber
spectral,33,4250,0.02593149058520794,0.06975163064704178,huber
spectral,33,4300,0.026001259684562683,0.06993929854961675,huber
spectral,33,4350,0.025326546281576157,0.06812442562809752,huber
spectral,33,4400,0.025934141129255295,0.0697587601935982,huber
spectral,33,4450,0.026018179953098297,0.0699848114104169,huber
spectral,33,4500,0.026614388450980186,0.07158851848603744,huber
spectral,33,4550,0.02691829577088356,0.07240598137191274,huber
spectral,33,4600,0.025940420106053352,0.06977564965350103,huber
spectral,33,4650,0.026601478457450867,0.07155379263418739,huber
spectral,33,4700,0.02672562375664711,0.07188772396095201,huber
spectral,33,4750,0.02573889121413231,0.06923356863475687,huber
spectral,33,4800,0.025834619998931885,0.06949106400771622,huber
spectral,33,4850,0.02670053392648697,0.07182023626445509,huber
spectral,33,4900,0.026683591306209564,0.07177466328098546,huber
spectral,33,4950,0.025701051577925682,0.06913178596554122,huber
spectral,33,5000,0.026643814519047737,0.07166766998041443,huber
spectral,34,1,0.4646591544151306,1.0,mse
spectral,34,50,0.06399483978748322,0.13772426342925262,mse
spectral,34,100,0.056181035935878754,0.12090805787867061,mse
spectral,34,150,0.06058253347873688,0.13038058736837432,mse
spectral,34,200,0.05419702082872391,0.11663822893351157,mse
spectral,34,250,0.05782000720500946,0.1244353127569129,mse
spectral,34,300,0.05103997886180878,0.1098439111267551,mse
spectral,34,350,0.050300613045692444,0.10825271076173273,mse
spectral,34,400,0.08524289727210999,0.18345252958462802,mse
spectral,34,450,0.050945643335580826,0.10964089021275482,mse
spectral,34,500,0.055024273693561554,0.11841857234647825,mse
spectral,34,550,0.05148595944046974,0.1108037126811274,mse
spectral,34,600,0.04910659044981003,0.10568303665860367,mse
spectral,34,650,0.05007123202085495,0.10775905638592212,mse
spectral,34,700,0.05106083303689957,0.10988879171264829,mse
spectral,34,750,0.048603661358356476,0.10460067534779167,mse
spectral,34,800,0.04906956106424332,0.1056033451573928,mse
spectral,34,850,0.04985935240983963,0.10730306706772604,mse
spectral,34,900,0.049213722348213196,0.10591359683886745,mse
spectral,34,950,0.04996173083782196,0.10752339723234142,mse
spectral,34,1000,0.05145803838968277,0.11074362336507354,mse
spectral,34,1050,0.05151895433664322,0.11087472149664294,mse
spectral,34,1100,0.04933452606201172,0.10617358034000082,mse
spectral,34,1150,0.047548726201057434,0.10233033342667555,mse
spectral,34,1200,0.050160281360149384,0.10795070081700305,mse
spectral,34,1250,0.049462996423244476,0.10645006334913139,mse
spectral,34,1300,0.04912682622671127,0.10572658638039213,mse
spectral,34,1350,0.04908359795808792,0.10563355416911942,mse
spectral,34,1400,0.04944339394569397,0.10640787656046222,mse
spectral,34,1450,0.05012023448944092,0.1078645153403414,mse
spectral,34,1500,0.04823156073689461,0.10379987196766623,mse
spectral,34,1550,0.048752594739198685,0.10492119713118292,mse
spectral,34,1600,0.05103457346558571,0.10983227809171918,mse
spectral,34,1650,0.04902292788028717,0.10550298517629043,mse
spectral,34,1700,0.04915691912174225,0.10579134975531983,mse
spectral,34,1750,0.04927638918161392,0.10604846307964905,mse
spectral,34,1800,0.04844706505537033,0.10426366207365688,mse
spectral,34,1850,0.04847220331430435,0.10431776250123946,mse
spectral,34,1900,0.04955219849944115,0.10664203648761167,mse
spectral,34,1950,0.047388214617967606,0.10198489401896202,mse
spectral,34,2000,0.04631757736206055,0.0996807593737409,mse
spectral,34,2050,0.047642145305871964,0.10253138209627964,mse
spectral,34,2100,0.048926230520009995,0.10529488132348054,mse
spectral,34,2150,0.048504140228033066,0.10438649441672042,mse
spectral,34,2200,0.04955746978521347,0.10665338090151644,mse
spectral,34,2250,0.04701566323637962,0.10118312055114578,mse
spectral,34,2300,0.0476461723446846,0.10254004874746767,mse
spectral,34,2350,0.048789557069540024,0.10500074432182821,mse
spectral,34,2400,0.04933668673038483,0.10617823034711373,mse
spectral,34,2450,0.0488629974424839,0.10515879646014521,mse
spectral,34,2500,0.04900175333023071,0.10545741510658393,mse
spectral,34,2550,0.04821079969406128,0.1037551918131141,mse
spectral,34,2600,0.04590979591012001,0.09880316673822333,mse
spectral,34,2650,0.04829961434006691,0.10394633115721552,mse
spectral,34,2700,0.04851582646369934,0.10441164454139834,mse
spectral,34,2750,0.04862944781780243,0.10465617077750813,mse
spectral,34,2800,0.04605329781770706,0.09911199936580317,mse
spectral,34,2850,0.04723193496465683,0.10164856221138689,mse
spectral,34,2900,0.047159742563962936,0.10149319585304027,mse
spectral,34,2950,0.0471014529466629,0.10136774988528914,mse
spectral,34,3000,0.04657065123319626,0.10022540348272063,mse
spectral,34,3050,0.046152934432029724,0.09932642883173734,mse
spectral,34,3100,0.04770667850971222,0.10267026498113636,mse
spectral,34,3150,0.04616275429725647,0.09934756231234014,mse
spectral,34,3200,0.04556294530630112,0.09805670430328975,mse
spectral,34,3250,0.04627564176917076,0.09959050914948227,mse
spectral,34,3300,0.045708294957876205,0.0983695134886765,mse
spectral,34,3350,0.04786079376935959,0.10300193876434495,mse
spectral,34,3400,0.04513849690556526,0.09714324247497366,mse
spectral,34,3450,0.04534723982214928,0.09759248126560238,mse
spectral,34,3500,0.046177469193935394,0.09937923046422978,mse
spectral,34,3550,0.04514964297413826,0.09716723009787336,mse
spectral,34,3600,0.04537931829690933,0.09766151783672176,mse
spectral,34,3650,0.046122245490550995,0.09926038269622678,mse
spectral,34,3700,0.0451183095574379,0.09709979697748256,mse
spectral,34,3750,0.04424508661031723,0.09522052065456194,mse
spectral,34,3800,0.04473006725311279,0.09626425483732223,mse
spectral,34,3850,0.04271755367517471,0.09193309390179467,mse
spectral,34,3900,0.043425463140010834,0.093456596577056,mse
spectral,34,3950,0.044098712503910065,0.09490550672442338,mse
spectral,34,4000,0.04440505802631378,0.09556479756049724,mse
spectral,34,4050,0.042914897203445435,0.09235779989627597,mse
spectral,34,4100,0.04366942495107651,0.09398163048362511,mse
spectral,34,4150,0.044474419206380844,0.0957140708060752,mse
spectral,34,4200,0.043832678347826004,0.09433297059001984,mse
spectral,34,4250,0.04453510046005249,0.09584466385066512,mse
spectral,34,4300,0.04163794964551926,0.08960966172705498,mse
spectral,34,4350,0.04164034500718117,0.08961481682114739,mse
spectral,34,4400,0.041947800666093826,0.09027649679880682,mse
spectral,34,4450,0.04258529841899872,0.09164846536296288,mse
spectral,34,4500,0.042160868644714355,0.090735043620915,mse
spectral,34,4550,0.04104487597942352,0.08833329891259102,mse
spectral,34,4600,0.041846420615911484,0.09005831525816775,mse
spectral,34,4650,0.0425875186920166,0.09165324364613407,mse
spectral,34,4700,0.04130940139293671,0.08890258805926918,mse
spectral,34,4750,0.04195229709148407,0.09028617362395386,mse
spectral,34,4800,0.041836149990558624,0.09003621168987416,mse
spectral,34,4850,0.04197806864976883,0.09034163698465575,mse
spectral,34,4900,0.043114908039569855,0.09278824624436563,mse
spectral,34,4950,0.039034053683280945,0.08400577781021737,mse
spectral,34,5000,0.04063455015420914,0.08745023049283533,mse
spectral,35,1,0.15061305463314056,1.0,huber
spectral,35,50,0.025694778189063072,0.1706012686061627,huber
spectral,35,100,0.025235874578356743,0.16755436399471244,huber
spectral,35,150,0.02508224919438362,0.16653436354158227,huber
spectral,35,200,0.024788212031126022,0.1645820947693048,huber
spectral,35,250,0.024596739560365677,0.16331080742155976,huber
spectral,35,300,0.024767570197582245,0.1644450426817945,huber
spectral,35,350,0.024930624291300774,0.16552764534273706,huber
spectral,35,400,6.55666446685791,43.53317501479846,huber
spectral,35,450,0.027817675843834877,0.18469631275716744,huber
spectral,35,500,0.02628234401345253,0.17450242993524295,huber
spectral,35,550,0.025661593303084373,0.1703809365369438,huber
spectral,35,600,0.02750704064965248,0.18263384084901158,huber
spectral,35,650,0.027124853804707527,0.18009629955900938,huber
spectral,35,700,0.026476223021745682,0.17578969556281684,huber
spectral,35,750,0.025840450078248978,0.1715684615864839,huber
spectral,35,800,0.026160510256886482,0.17369351096827287,huber
spectral,35,850,0.026900935918092728,0.1786095898766368,huber
spectral,35,900,0.025949787348508835,0.17229440974898666,huber
spectral,35,950,0.02591855265200138,0.17208702602263218,huber
spectral,35,1000,0.026438191533088684,0.17553718432632653,huber
spectral,35,1050,0.02636479213833809,0.17504984679154656,huber
spectral,35,1100,0.02557734027504921,0.16982153597076854,huber
spectral,35,1150,0.02604660391807556,0.17293722633485667,huber
spectral,35,1200,0.02575879916548729,0.17102633784455082,huber
spectral,35,1250,0.026247374713420868,0.17427025019413858,huber
spectral,35,1300,0.025788910686969757,0.17122626421584589,huber
spectral,35,1350,0.025670886039733887,0.17044263594721173,huber
spectral,35,1400,0.025304492563009262,0.16800995521035875,huber
spectral,35,1450,0.025857936590909958,0.17168456382412575,huber
spectral,35,1500,0.02593313343822956,0.17218383560041875,huber
spectral,35,1550,0.02549552172422409,0.1692782991907669,huber
spectral,35,1600,0.025577444583177567,0.169822228527789,huber
spectral,35,1650,0.02579508349299431,0.17126724875094868,huber
spectral,35,1700,0.02516106888651848,0.1670576893072461,huber
spectral,35,1750,0.025715691968798637,0.17074012628876203,huber
spectral,35,1800,0.024337325245141983,0.16158841811171162,huber
spectral,35,1850,0.025375403463840485,0.16848077031336522,huber
spectral,35,1900,0.02591370791196823,0.1720548592224504,huber
spectral,35,1950,0.025620006024837494,0.1701048165263101,huber
spectral,35,2000,0.02552536502480507,0.16947644470115225,huber
spectral,35,2050,0.025838565081357956,0.17155594609175728,huber
spectral,35,2100,0.025702061131596565,0.17064962392669739,huber
spectral,35,2150,0.024725209921598434,0.16416379032895567,huber
spectral,35,2200,0.02535874769091606,0.16837018379770766,huber
spectral,35,2250,0.02523169107735157,0.1675265875113567,huber
spectral,35,2300,0.024875234812498093,0.16515988519779082,huber
spectral,35,2350,0.025229506194591522,0.1675120809151963,huber
spectral,35,2400,0.02526817098259926,0.1677687969621679,huber
spectral,35,2450,0.02537517622113228,0.16847926152842782,huber
spectral,35,2500,0.025613125413656235,0.17005913249714,huber
spectral,35,2550,0.02549806982278824,0.16929521736940922,huber
spectral,35,2600,0.024945858865976334,0.1656287957689911,huber
spectral,35,2650,0.02509089559316635,0.16659177157174135,huber
spectral,35,2700,0.024806858971714973,0.1647059017037991,huber
spectral,35,2750,0.02554761804640293,0.1696241943212105,huber
spectral,35,2800,0.024306748062372208,0.16138539996800386,huber
spectral,35,2850,0.02635326236486435,0.17497329450660803,huber
spectral,35,2900,0.02533821389079094,0.1682338490013971,huber
spectral,35,2950,0.02466159500181675,0.16374141711611143,huber
spectral,35,3000,0.02452383190393448,0.16282673479844761,huber
spectral,35,3050,0.025443492457270622,0.16893284927555072,huber
spectral,35,3100,0.0246284157037735,0.1635211221481615,huber
spectral,35,3150,0.023978210985660553,0.15920406796121403,huber
spectral,35,3200,0.025640346109867096,0.170239865145297,huber
spectral,35,3250,0.02474212273955345,0.16427608350298506,huber
spectral,35,3300,0.024965539574623108,0.16575946643824158,huber
spectral,35,3350,0.024900980293750763,0.16533082311094438,huber
spectral,35,3400,0.024654831737279892,0.16369651221358933,huber
spectral,35,3450,0.02549932897090912,0.16930357752201317,huber
spectral,35,3500,0.02530306950211525,0.16800050675386552,huber
spectral,35,3550,0.025829479098320007,0.1714956194284406,huber
spectral,35,3600,0.02545814774930477,0.16903015353692333,huber
spectral,35,3650,0.025218702852725983,0.16744035179522157,huber
spectral,35,3700,0.024461403489112854,0.16241223942171093,huber
spectral,35,3750,0.02453627437353134,0.16290934695731504,huber
spectral,35,3800,0.02512332797050476,0.1668071073367413,huber
spectral,35,3850,0.024734938517212868,0.16422838363820189,huber
spectral,35,3900,0.02519933506846428,0.16731175879703242,huber
spectral,35,3950,0.024993622675538063,0.1659459250489069,huber
spectral,35,4000,0.02550644427537918,0.16935081980447927,huber
spectral,35,4050,0.02453402616083622,0.1628944198801065,huber
spectral,35,4100,0.02486381307244301,0.16508405020405204,huber
spectral,35,4150,0.024751393124461174,0.16433763450817718,huber
spectral,35,4200,0.02507590502500534,0.1664922412342316,huber
spectral,35,4250,0.025370769202709198,0.168450000994314,huber
spectral,35,4300,0.024271521717309952,0.16115151356852767,huber
spectral,35,4350,0.02454954944550991,0.1629974872052564,huber
spectral,35,4400,0.024704525247216225,0.1640264537983834,huber
spectral,35,4450,0.024481192231178284,0.1625436273821612,huber
spectral,35,4500,0.025343604385852814,0.16826963935884653,huber
spectral,35,4550,0.024230802431702614,0.16088115662167124,huber
spectral,35,4600,0.02540476806461811,0.1686757374817103,huber
spectral,35,4650,0.024790160357952118,0.16459503074507956,huber
spectral,35,4700,0.024386892095208168,0.16191751873440943,huber
spectral,35,4750,0.02532782219350338,0.1681648530082352,huber
spectral,35,4800,0.024778708815574646,0.16451899787790636,huber
spectral,35,4850,0.024044372141361237,0.15964334698561095,huber
spectral,35,4900,0.024514641612768173,0.16276571557811048,huber
spectral,35,4950,0.024947620928287506,0.16564049503580075,huber
spectral,35,5000,0.024519165977835655,0.16279575523887233,huber
spectral,36,1,0.8805423378944397,1.0,mse
spectral,36,50,0.05900955945253372,0.0670150166698831,mse
spectral,36,100,0.05593423917889595,0.06352248696257624,mse
spectral,36,150,0.053876619786024094,0.06118572323831052,mse
spectral,36,200,0.0565657839179039,0.06423970941949762,mse
spectral,36,250,0.055875107645988464,0.06345533342507698,mse
spectral,36,300,0.05532722920179367,0.06283312774499022,mse
spectral,36,350,0.05468113347887993,0.062099380263343065,mse
spectral,36,400,0.05562463030219078,0.06317087538936614,mse
spectral,36,450,0.0537007674574852,0.06098601412612928,mse
spectral,36,500,0.053944431245326996,0.061262734253436785,mse
spectral,36,550,0.05397823825478554,0.061301127648056945,mse
spectral,36,600,0.05470278859138489,0.062123973189285434,mse
spectral,36,650,0.054669395089149475,0.06208604939982261,mse
spectral,36,700,0.05261842533946037,0.059756837434168125,mse
spectral,36,750,0.05336306244134903,0.060602494786282775,mse
spectral,36,800,0.05230839177966118,0.0594047435637694,mse
spectral,36,850,0.053546804934740067,0.06081116447254727,mse
spectral,36,900,0.050912439823150635,0.05781941155140012,mse
spectral,36,950,0.05367178097367287,0.06095309522766763,mse
spectral,36,1000,0.05082479864358902,0.057719880642107126,mse
spectral,36,1050,0.05223533511161804,0.05932177575529601,mse
spectral,36,1100,0.049792900681495667,0.05654799154866406,mse
spectral,36,1150,0.05265245586633682,0.059795484669413874,mse
spectral,36,1200,0.04901687055826187,0.055666682280685595,mse
spectral,36,1250,0.05408809706568718,0.061425890315533374,mse
spectral,36,1300,0.05193129926919937,0.05897649327501723,mse
spectral,36,1350,0.05223255604505539,0.059318619670184536,mse
spectral,36,1400,0.049658603966236115,0.05639547563945669,mse
spectral,36,1450,0.05034278333187103,0.05717247333302692,mse
spectral,36,1500,0.047420352697372437,0.053853574844299236,mse
spectral,36,1550,0.04947546124458313,0.05618748709220419,mse
spectral,36,1600,0.05037986487150192,0.05721458549281194,mse
spectral,36,1650,0.05000734329223633,0.05679152624485304,mse
spectral,36,1700,0.05156528204679489,0.05856082078926293,mse
spectral,36,1750,0.0483994297683239,0.0549654771672388,mse
spectral,36,1800,0.05121896415948868,0.058167520123977114,mse
spectral,36,1850,0.05180244892835617,0.058830162615720015,mse
spectral,36,1900,0.04993449151515961,0.056708791123619776,mse
spectral,36,1950,0.049454864114522934,0.05616409567855627,mse
spectral,36,2000,0.04781058430671692,0.05429674673115888,mse
spectral,36,2050,0.05027252435684204,0.05709268276305047,mse
spectral,36,2100,0.049026042222976685,0.05567709820768888,mse
spectral,36,2150,0.05280403792858124,0.05996763092033337,mse
spectral,36,2200,0.049204446375370026,0.05587970533367892,mse
spectral,36,2250,0.05312919244170189,0.060336897109053114,mse
spectral,36,2300,0.05025246739387512,0.057069904797581054,mse
spectral,36,2350,0.0485396608710289,0.055124732545055524,mse
spectral,36,2400,0.05037463828921318,0.057208649852850284,mse
spectral,36,2450,0.05129425972700119,0.058253030569383475,mse
spectral,36,2500,0.051755957305431366,0.058777363765597744,mse
spectral,36,2550,0.048740826547145844,0.055353189108084594,mse
spectral,36,2600,0.05061490833759308,0.05748151583332595,mse
spectral,36,2650,0.04951892048120499,0.056236842171172655,mse
spectral,36,2700,0.05063866078853607,0.05750849063047175,mse
spectral,36,2750,0.051120273768901825,0.058055441026425895,mse
spectral,36,2800,0.048902980983257294,0.0555373420205944,mse
spectral,36,2850,0.053354471921920776,0.06059273884490602,mse
spectral,36,2900,0.049867674708366394,0.05663290969927738,mse
spectral,36,2950,0.05182582885026932,0.058856714345156505,mse
spectral,36,3000,0.05050765722990036,0.05735971463981471,mse
spectral,36,3050,0.05008038505911827,0.05687447713061806,mse
spectral,36,3100,0.048222336918115616,0.054764359239585544,mse
spectral,36,3150,0.05112489312887192,0.058060687066021376,mse
spectral,36,3200,0.04918641969561577,0.055859233087225256,mse
spectral,36,3250,0.049969322979450226,0.05674834795444055,mse
spectral,36,3300,0.052749454975128174,0.05990564303956482,mse
spectral,36,3350,0.05064748227596283,0.057518508873828283,mse
spectral,36,3400,0.05135086178779602,0.05831731147713651,mse
spectral,36,3450,0.04845501482486725,0.05502860310014541,mse
spectral,36,3500,0.049584873020648956,0.05631174207842944,mse
spectral,36,3550,0.050037480890750885,0.05682575242253647,mse
spectral,36,3600,0.051080331206321716,0.05801007970663334,mse
spectral,36,3650,0.051974233239889145,0.05902525182851556,mse
spectral,36,3700,0.05135854333639145,0.05832603513330254,mse
spectral,36,3750,0.05161117762327194,0.058612942731050305,mse
spectral,36,3800,0.048661358654499054,0.05526294030433392,mse
spectral,36,3850,0.049309611320495605,0.055999137348018,mse
spectral,36,3900,0.05050218105316162,0.057353495544487806,mse
spectral,36,3950,0.05319998413324356,0.06041729266585388,mse
spectral,36,4000,0.048505689948797226,0.05508615300064327,mse
spectral,36,4050,0.05088508501648903,0.05778834568950526,mse
spectral,36,4100,0.050218187272548676,0.05703097410697006,mse
spectral,36,4150,0.048272911459207535,0.05482179491180189,mse
spectral,36,4200,0.0491192489862442,0.05578294974855901,mse
spectral,36,4250,0.051020391285419464,0.05794200811220487,mse
spectral,36,4300,0.050157852470874786,0.05696245406076972,mse
spectral,36,4350,0.049666035920381546,0.05640391584025749,mse
spectral,36,4400,0.052257198840379715,0.0593466055991556,mse
spectral,36,4450,0.05089883878827095,0.0578039653493331,mse
spectral,36,4500,0.05124947428703308,0.05820216936936986,mse
spectral,36,4550,0.0482526533305645,0.05479878848976944,mse
spectral,36,4600,0.04914211109280586,0.05580891341387956,mse
spectral,36,4650,0.04769395291805267,0.05416429269272714,mse
spectral,36,4700,0.04873325675725937,0.055344592372231355,mse
spectral,36,4750,0.048879001289606094,0.05551010915214591,mse
spectral,36,4800,0.046858131885528564,0.053215081057403926,mse
spectral,36,4850,0.053183525800704956,0.06039860153445643,mse
spectral,36,4900,0.04958309978246689,0.05630972827613311,mse
spectral,36,4950,0.04970315843820572,0.05644607453749054,mse
spectral,36,5000,0.04701569303870201,0.0533940175450579,mse
spectral,37,1,0.661766529083252,1.0,mse
spectral,37,50,0.06325586140155792,0.09558637166069209,mse
spectral,37,100,0.04994857683777809,0.07547764149838776,mse
spectral,37,150,0.050599586218595505,0.07646138629690342,mse
spectral,37,200,0.04854688420891762,0.0733595340280655,mse
spectral,37,250,0.05117050185799599,0.07732410088627889,mse
spectral,37,300,0.05028674751520157,0.07598865355862591,mse
spectral,37,350,0.049722425639629364,0.07513590285158431,mse
spectral,37,400,0.05158752202987671,0.07795426296543152,mse
spectral,37,450,0.048886947333812714,0.07387340577882658,mse
spectral,37,500,0.04798474535346031,0.07251008209788698,mse
spectral,37,550,0.051194652915000916,0.0773605957163187,mse
spectral,37,600,0.049005746841430664,0.0740529245401978,mse
spectral,37,650,0.04953568056225777,0.07485371106767784,mse
spectral,37,700,0.05113724619150162,0.07727384801758147,mse
spectral,37,750,0.048799533396959305,0.07374131397150217,mse
spectral,37,800,0.04955742508172989,0.0748865693621314,mse
spectral,37,850,0.04955337941646576,0.0748804559292418,mse
spectral,37,900,0.049830615520477295,0.07529938933222849,mse
spectral,37,950,0.04902376979589462,0.07408015915191037,mse
spectral,37,1000,0.05026404559612274,0.07595434853097473,mse
spectral,37,1050,0.04978172853589058,0.07522551587015654,mse
spectral,37,1100,0.04986171796917915,0.07534638845855926,mse
spectral,37,1150,0.04825268313288689,0.0729149647379893,mse
spectral,37,1200,0.050459664314985275,0.07624994933619152,mse
spectral,37,1250,0.04998037964105606,0.07552569893538451,mse
spectral,37,1300,0.05041583627462387,0.0761837204798876,mse
spectral,37,1350,0.048796698451042175,0.07373703006502981,mse
spectral,37,1400,0.05012863874435425,0.0757497342964711,mse
spectral,37,1450,0.05052366480231285,0.07634666091726262,mse
spectral,37,1500,0.047974009066820145,0.07249385842055014,mse
spectral,37,1550,0.04982193559408188,0.07528627303514492,mse
spectral,37,1600,0.05067894607782364,0.07658130753156918,mse
spectral,37,1650,0.04970821365714073,0.075114427026102,mse
spectral,37,1700,0.05060374364256859,0.07646766860915462,mse
spectral,37,1750,0.04994210600852966,0.07546786338335165,mse
spectral,37,1800,0.049385689198970795,0.07462705807648659,mse
spectral,37,1850,0.048707135021686554,0.0736016901446508,mse
spectral,37,1900,0.05082765966653824,0.07680602966872624,mse
spectral,37,1950,0.04930734634399414,0.07450867364401131,mse
spectral,37,2000,0.04790712147951126,0.07239278412263794,mse
spectral,37,2050,0.049323275685310364,0.07453274458235008,mse
spectral,37,2100,0.05073345825076103,0.07666368125484121,mse
spectral,37,2150,0.04965769499540329,0.07503808792535081,mse
spectral,37,2200,0.04997320845723152,0.07551486250968242,mse
spectral,37,2250,0.04932067543268204,0.07452881532253706,mse
spectral,37,2300,0.049392037093639374,0.07463665042422496,mse
spectral,37,2350,0.04985777661204338,0.07534043264640715,mse
spectral,37,2400,0.05020426586270332,0.0758640149604597,mse
spectral,37,2450,0.050643324851989746,0.07652748004971809,mse
spectral,37,2500,0.05005613714456558,0.07564017662529497,mse
spectral,37,2550,0.050457730889320374,0.076247027723236,mse
spectral,37,2600,0.04758751019835472,0.071909817295048,mse
spectral,37,2650,0.050769224762916565,0.07671772827986237,mse
spectral,37,2700,0.05077047646045685,0.07671961972871219,mse
spectral,37,2750,0.05121937394142151,0.07739795183110262,mse
spectral,37,2800,0.04942764341831207,0.07469045538882785,mse
spectral,37,2850,0.04907627031207085,0.07415949304667376,mse
spectral,37,2900,0.050273291766643524,0.07596832048349035,mse
spectral,37,2950,0.05030826851725578,0.07602117409435628,mse
spectral,37,3000,0.049557268619537354,0.07488633293102516,mse
spectral,37,3050,0.0489673987030983,0.07399497640192387,mse
spectral,37,3100,0.05200045555830002,0.07857824968926197,mse
spectral,37,3150,0.0499691367149353,0.07550870967160846,mse
spectral,37,3200,0.05008881539106369,0.07568955695062418,mse
spectral,37,3250,0.05057128146290779,0.07641861478392449,mse
spectral,37,3300,0.049506381154060364,0.07480943652838073,mse
spectral,37,3350,0.05107028782367706,0.07717266676274026,mse
spectral,37,3400,0.04984733462333679,0.07532465368472249,mse
spectral,37,3450,0.04954088479280472,0.07486157521661593,mse
spectral,37,3500,0.049271322786808014,0.07445423819645848,mse
spectral,37,3550,0.04894978180527687,0.07396835538522509,mse
spectral,37,3600,0.050109103322029114,0.075720214184065,mse
spectral,37,3650,0.04890488460659981,0.07390051091636193,mse
spectral,37,3700,0.0497220978140831,0.07513540747212365,mse
spectral,37,3750,0.04926548898220062,0.07444542269378344,mse
spectral,37,3800,0.05026537925004959,0.07595636382468972,mse
spectral,37,3850,0.048676688224077225,0.07355568177724137,mse
spectral,37,3900,0.049247220158576965,0.07441781654747537,mse
spectral,37,3950,0.05041627585887909,0.07618438473870985,mse
spectral,37,4000,0.050995487719774246,0.07705963580602741,mse
spectral,37,4050,0.04969298839569092,0.07509142002774125,mse
spectral,37,4100,0.050911881029605865,0.07693329715562121,mse
spectral,37,4150,0.051529210060834885,0.0778661473438654,mse
spectral,37,4200,0.05038861185312271,0.07614258146740403,mse
spectral,37,4250,0.051798418164253235,0.0782729495793778,mse
spectral,37,4300,0.05118975788354874,0.07735319880028102,mse
spectral,37,4350,0.04980354756116867,0.07525848675085116,mse
spectral,37,4400,0.05019589513540268,0.07585136589627654,mse
spectral,37,4450,0.0504947155714035,0.0763029155332985,mse
spectral,37,4500,0.05006015673279762,0.0756462506530002,mse
spectral,37,4550,0.0517086461186409,0.07813729441752382,mse
spectral,37,4600,0.05465291813015938,0.082586404310702,mse
spectral,37,4650,0.050812654197216034,0.07678335479977663,mse
spectral,37,4700,0.05039801076054573,0.07615678422171383,mse
spectral,37,4750,0.05020451918244362,0.07586439775367931,mse
spectral,37,4800,0.05095456913113594,0.07699780344243691,mse
spectral,37,4850,0.05052831023931503,0.07635368066939276,mse
spectral,37,4900,0.050972193479537964,0.0770244357177598,mse
spectral,37,4950,0.04764028638601303,0.07198956775890332,mse
spectral,37,5000,0.049861256033182144,0.07534569042386469,mse
spectral,38,1,0.11924740672111511,1.0,huber
spectral,38,50,0.04928300157189369,0.41328363380808986,huber
spectral,38,100,0.03604701906442642,0.302287656021987,huber
spectral,38,150,0.030608242377638817,0.25667847393295995,huber
spectral,38,200,0.028204653412103653,0.23652215329148504,huber
spectral,38,250,0.03016260452568531,0.2529413876163097,huber
spectral,38,300,0.026088321581482887,0.2187747498987199,huber
spectral,38,350,0.025182560086250305,0.21117910048262067,huber
spectral,38,400,0.02779383957386017,0.23307709859772338,huber
spectral,38,450,0.027056675404310226,0.22689529397974997,huber
spectral,38,500,0.02673495188355446,0.22419734414920828,huber
spectral,38,550,0.027702756226062775,0.23231328032861492,huber
spectral,38,600,0.027987606823444366,0.23470201653021447,huber
spectral,38,650,0.024576587602496147,0.20609745971225701,huber
spectral,38,700,0.023376885801553726,0.19603684846770245,huber
spectral,38,750,0.025060489773750305,0.2101554278019603,huber
spectral,38,800,0.02461169846355915,0.2063918968159931,huber
spectral,38,850,0.02395433560013771,0.200879300093795,huber
spectral,38,900,0.025559885427355766,0.2143433230974396,huber
spectral,38,950,0.025327270850539207,0.2123926343301729,huber
spectral,38,1000,0.02679387293756008,0.22469145178329228,huber
spectral,38,1050,0.026682985946536064,0.2237615616156734,huber
spectral,38,1100,0.025069251656532288,0.21022890430784757,huber
spectral,38,1150,0.026280775666236877,0.22038865572733118,huber
spectral,38,1200,0.026343269273638725,0.2209127225319704,huber
spectral,38,1250,0.024518748745322227,0.2056124273013704,huber
spectral,38,1300,0.024580199271440506,0.2061277469029278,huber
spectral,38,1350,0.025571851059794426,0.2144436660127924,huber
spectral,38,1400,0.025953907519578934,0.21764756344158956,huber
spectral,38,1450,0.022715888917446136,0.19049377711476756,huber
spectral,38,1500,0.026294855400919914,0.22050672734893018,huber
spectral,38,1550,0.023920293897390366,0.20059382887321778,huber
spectral,38,1600,0.023720867931842804,0.19892145736400785,huber
spectral,38,1650,0.025698166340589523,0.21550293668599466,huber
spectral,38,1700,0.024018429219722748,0.2014167844831615,huber
spectral,38,1750,0.02498316764831543,0.2095070101335098,huber
spectral,38,1800,0.026137052103877068,0.21918340048269566,huber
spectral,38,1850,0.02495482750236988,0.209269351749778,huber
spectral,38,1900,0.02549627050757408,0.21380985304948744,huber
spectral,38,1950,0.02463219314813614,0.20656376373654525,huber
spectral,38,2000,0.02501201629638672,0.20974893277874399,huber
spectral,38,2050,0.02434007078409195,0.20411404703346106,huber
spectral,38,2100,0.025623396039009094,0.21487591842508358,huber
spectral,38,2150,0.027210714295506477,0.22818705281486246,huber
spectral,38,2200,0.02688416838645935,0.22544866279007286,huber
spectral,38,2250,0.02362069860100746,0.1980814447080546,huber
spectral,38,2300,0.023561958223581314,0.19758885221450442,huber
spectral,38,2350,0.02491360530257225,0.2089236654079858,huber
spectral,38,2400,0.024146955460309982,0.2024945961028961,huber
spectral,38,2450,0.026428740471601486,0.2216294777244976,huber
spectral,38,2500,0.024876993149518967,0.2086166385798141,huber
spectral,38,2550,0.024965103715658188,0.20935552732013937,huber
spectral,38,2600,0.024751218035817146,0.2075618977082078,huber
spectral,38,2650,0.025704681873321533,0.21555757546524498,huber
spectral,38,2700,0.024363934993743896,0.20431417054396855,huber
spectral,38,2750,0.024470865726470947,0.20521088381989858,huber
spectral,38,2800,0.02608257159590721,0.2187265309417314,huber
spectral,38,2850,0.02628185972571373,0.22039774657053407,huber
spectral,38,2900,0.025003906339406967,0.20968092327478288,huber
spectral,38,2950,0.025949858129024506,0.2176136055496255,huber
spectral,38,3000,0.026667427271604538,0.22363108770970483,huber
spectral,38,3050,0.02569248154759407,0.21545526442919877,huber
spectral,38,3100,0.025240479037165642,0.21166480455374395,huber
spectral,38,3150,0.023757129907608032,0.19922554763114494,huber
spectral,38,3200,0.023966878652572632,0.20098448521085382,huber
spectral,38,3250,0.024657808244228363,0.2067785700522258,huber
spectral,38,3300,0.023179281502962112,0.1943797533238747,huber
spectral,38,3350,0.024040544405579567,0.20160224080850148,huber
spectral,38,3400,0.025373179465532303,0.2127776206058113,huber
spectral,38,3450,0.024421565234661102,0.2047974535142388,huber
spectral,38,3500,0.024660199880599976,0.20679862613929195,huber
spectral,38,3550,0.02511095069348812,0.21057858937104862,huber
spectral,38,3600,0.024658598005771637,0.2067851929345592,huber
spectral,38,3650,0.024258697405457497,0.203431655853041,huber
spectral,38,3700,0.023476561531424522,0.19687272182219737,huber
spectral,38,3750,0.02411593124270439,0.20223442929123414,huber
spectral,38,3800,0.024993564933538437,0.2095942010042289,huber
spectral,38,3850,0.02318834699690342,0.19445577589065896,huber
spectral,38,3900,0.024827012792229652,0.20819750697214565,huber
spectral,38,3950,0.023182282224297523,0.19440491715274041,huber
spectral,38,4000,0.021970488131046295,0.1842429008324588,huber
spectral,38,4050,0.023839369416236877,0.199915202114124,huber
spectral,38,4100,0.024752452969551086,0.20757225377185645,huber
spectral,38,4150,0.023805227130651474,0.1996288874132496,huber
spectral,38,4200,0.026867464184761047,0.2253085825807198,huber
spectral,38,4250,0.02496039867401123,0.2093160711862382,huber
spectral,38,4300,0.024783190339803696,0.20783001510267093,huber
spectral,38,4350,0.024680042639374733,0.20696502605791797,huber
spectral,38,4400,0.02641371823847294,0.22150350238011396,huber
spectral,38,4450,0.024379920214414597,0.20444822143119737,huber
spectral,38,4500,0.024376407265663147,0.20441876210081827,huber
spectral,38,4550,0.024334289133548737,0.204065562536379,huber
spectral,38,4600,0.024903105571866035,0.20883561543696402,huber
spectral,38,4650,0.022745130583643913,0.19073899558116292,huber
spectral,38,4700,0.024671509861946106,0.20689347081270765,huber
spectral,38,4750,0.02533094584941864,0.21242345260103082,huber
spectral,38,4800,0.02689880132675171,0.22557137355330634,huber
spectral,38,4850,0.025493618100881577,0.21378761016165082,huber
spectral,38,4900,0.025352634489536285,0.21260533194511055,huber
spectral,38,4950,0.02503025345504284,0.20990186825262622,huber
spectral,38,5000,0.02378663793206215,0.19947299975832727,huber
spectral,39,1,0.08286581933498383,1.0,huber
spectral,39,50,0.03751190006732941,0.4526824252553169,huber
spectral,39,100,0.02453478053212166,0.2960784160347245,huber
spectral,39,150,0.026486322283744812,0.3196290400107462,huber
spectral,39,200,0.027419373393058777,0.3308888225942276,huber
spectral,39,250,0.02805621176958084,0.3385739982388158,huber
spectral,39,300,0.025321509689092636,0.30557242892549963,huber
spectral,39,350,0.023742280900478363,0.2865147667761608,huber
spectral,39,400,0.03222253918647766,0.388851995250521,huber
spectral,39,450,0.02699081227183342,0.32571707476545264,huber
spectral,39,500,0.02465975098311901,0.2975865221754743,huber
spectral,39,550,0.026182837784290314,0.3159666795599593,huber
spectral,39,600,0.02572464756667614,0.31043737663034066,huber
spectral,39,650,0.025256935507059097,0.3047931669505169,huber
spectral,39,700,0.02662840485572815,0.3213436501253095,huber
spectral,39,750,0.024380100890994072,0.29421178824574074,huber
spectral,39,800,0.02462407574057579,0.2971560039855919,huber
spectral,39,850,0.026222260668873787,0.3164424231765656,huber
spectral,39,900,0.02525491826236248,0.30476882344299105,huber
spectral,39,950,0.02410876750946045,0.29093741789966643,huber
spectral,39,1000,0.025225143879652023,0.3044095150701372,huber
spectral,39,1050,0.03162331134080887,0.3816206922781045,huber
spectral,39,1100,0.025788262486457825,0.311205062514487,huber
spectral,39,1150,0.026726635172963142,0.3225290643048025,huber
spectral,39,1200,0.024019233882427216,0.28985695278447465,huber
spectral,39,1250,0.027038102969527245,0.32628776480476374,huber
spectral,39,1300,0.028339270502328873,0.3419898666272495,huber
spectral,39,1350,0.02555609866976738,0.30840337879792434,huber
spectral,39,1400,0.02509966492652893,0.30289527247735176,huber
spectral,39,1450,0.02509681135416031,0.3028608364168443,huber
spectral,39,1500,0.027198096737265587,0.3282185218891964,huber
spectral,39,1550,0.025355882942676544,0.3059872351008293,huber
spectral,39,1600,0.025281403213739395,0.30508843593930696,huber
spectral,39,1650,0.024601440876722336,0.29688285319754554,huber
spectral,39,1700,0.026397965848445892,0.3185627808944061,huber
spectral,39,1750,0.024308407679200172,0.29334661594225964,huber
spectral,39,1800,0.024561956524848938,0.29640636781201185,huber
spectral,39,1850,0.024828707799315453,0.29962544265622687,huber
spectral,39,1900,0.024386243894696236,0.29428592018278626,huber
spectral,39,1950,0.024318877607584,0.29347296391622346,huber
spectral,39,2000,0.0259275883436203,0.31288640541654955,huber
spectral,39,2050,0.025884460657835007,0.31236595336368383,huber
spectral,39,2100,0.025926006957888603,0.3128673217250542,huber
spectral,39,2150,0.025769630447030067,0.31098021661810554,huber
spectral,39,2200,0.02532161772251129,0.3055737326405841,huber
spectral,39,2250,0.025350671261548996,0.305924342086926,huber
spectral,39,2300,0.02482280135154724,0.2995541654056595,huber
spectral,39,2350,0.02502472512423992,0.3019909212877972,huber
spectral,39,2400,0.02522466331720352,0.30440371578579584,huber
spectral,39,2450,0.02502724900841713,0.30202137876951235,huber
spectral,39,2500,0.024037787690758705,0.29008085461131217,huber
spectral,39,2550,0.026005858555436134,0.31383094699526043,huber
spectral,39,2600,0.026168793439865112,0.315797196598976,huber
spectral,39,2650,0.02556714415550232,0.30853667242639,huber
spectral,39,2700,0.02642671763896942,0.3189097489296499,huber
spectral,39,2750,0.025380939245224,0.3062896070890452,huber
spectral,39,2800,0.02469981461763382,0.29806999817120244,huber
spectral,39,2850,0.026330377906560898,0.3177471497641355,huber
spectral,39,2900,0.027081802487373352,0.3268151175564387,huber
spectral,39,2950,0.02473153918981552,0.29845284084911594,huber
spectral,39,3000,0.025261716917157173,0.3048508675819286,huber
spectral,39,3050,0.024101704359054565,0.29085218190655654,huber
spectral,39,3100,0.02373119443655014,0.28638097863507683,huber
spectral,39,3150,0.026071324944496155,0.31462097585861326,huber
spectral,39,3200,0.026412131264805794,0.31873372491539786,huber
spectral,39,3250,0.026950346305966377,0.32522874355492715,huber
spectral,39,3300,0.02411525323987007,0.29101568576042824,huber
spectral,39,3350,0.025563377887010574,0.30849122222120323,huber
spectral,39,3400,0.025304637849330902,0.3053688245938568,huber
spectral,39,3450,0.024234849959611893,0.29245894331464795,huber
spectral,39,3500,0.02638665959239006,0.31842634036746065,huber
spectral,39,3550,0.02737458050251007,0.33034827534678374,huber
spectral,39,3600,0.027389567345380783,0.33052913209798684,huber
spectral,39,3650,0.02468898519873619,0.29793931197290574,huber
spectral,39,3700,0.024348273873329163,0.2938277092862816,huber
spectral,39,3750,0.025804849341511726,0.3114052277356483,huber
spectral,39,3800,0.024205006659030914,0.2920988032614816,huber
spectral,39,3850,0.025550397112965584,0.30833457411044823,huber
spectral,39,3900,0.02443689852952957,0.2948972052124867,huber
spectral,39,3950,0.025219542905688286,0.3043419241863604,huber
spectral,39,4000,0.024586763232946396,0.2967057277688256,huber
spectral,39,4050,0.025193609297275543,0.3040289651325447,huber
spectral,39,4100,0.026301082223653793,0.3173936181977766,huber
spectral,39,4150,0.024266144260764122,0.2928365936100698,huber
spectral,39,4200,0.025249464437365532,0.30470300830907077,huber
spectral,39,4250,0.024908557534217834,0.3005890454485868,huber
spectral,39,4300,0.024364229291677475,0.2940202545175526,huber
spectral,39,4350,0.02384885586798191,0.2878008817070072,huber
spectral,39,4400,0.025301041081547737,0.30532541987268186,huber
spectral,39,4450,0.025380626320838928,0.3062858308108694,huber
spectral,39,4500,0.0248616524040699,0.3000230083234566,huber
spectral,39,4550,0.025200294330716133,0.30410963812285885,huber
spectral,39,4600,0.025212468579411507,0.3042565533261728,huber
spectral,39,4650,0.025807112455368042,0.3114325383188837,huber
spectral,39,4700,0.02423480898141861,0.2924584488020297,huber
spectral,39,4750,0.0257338248193264,0.3105481249789832,huber
spectral,39,4800,0.025955667719244957,0.31322525894928477,huber
spectral,39,4850,0.025852415710687637,0.31197924449620945,huber
spectral,39,4900,0.026807822287082672,0.3235088061907945,huber
spectral,39,4950,0.026819340884685516,0.32364780919221636,huber
spectral,39,5000,0.026544827967882156,0.3203350691625348,huber
