era,t00_lr0.0003_wd0_do0,t01_lr0.0003_wd0_do0.2,t02_lr0.0003_wd0.001_do0,t03_lr0.0003_wd0.001_do0.2,t04_lr0.001_wd0_do0,t05_lr0.001_wd0_do0.2,t06_lr0.001_wd0.001_do0,t07_lr0.001_wd0.001_do0.2,t08_lr0.003_wd0_do0,t09_lr0.003_wd0_do0.2,t10_lr0.003_wd0.001_do0,t11_lr0.003_wd0.001_do0.2
0579,-0.025219847667459546,0.012545986363424558,-0.024355131527274074,0.0008024841971873689,0.011622624110910763,-0.022737193604721387,0.007052709732618129,0.02562561931371202,-0.0005747014443881042,-0.021396004952694135,0.02281489758478196,0.012221849379482166
0580,0.012406006349052283,0.006394572401038132,0.02149174136520264,0.02354744475173232,0.014873582551757332,-0.0017285208520612459,0.03863619654105221,0.032402852100226184,0.004085941255098165,0.0054390684115357,-0.0246639275362965,-0.012030187719376374
0581,0.00823274444902164,0.01133631977010382,0.002387174875916429,0.047693037904446844,5.178383925284918e-05,-0.015367693083701697,0.01619416204963867,0.00456852763740417,0.00835150530278368,0.029725648654231076,0.02603940004987842,-0.014369398888839821
0582,0.01463311472386311,0.04485368302469154,-0.0017823836609442668,0.04938041986755044,0.03047195517679791,0.03591772102188804,0.03567025655641175,0.022140871343615573,0.027285937662394046,-0.002056831355476945,0.035807547466336465,0.002096888593104127
0583,0.018784799890535123,0.051284991335341146,0.023208915308129262,0.027412848964863224,0.03164395987668466,0.030006377656664706,0.011974691277119844,0.008957026671254786,0.018449129592434912,-0.017147389545288227,0.03240779960033066,-0.0027362891334576016
0584,-0.003957487500714895,0.039919456202138395,0.012866721874211479,0.01015806686744748,0.004932608067340288,-0.002845623815336128,0.013597979292153813,0.029737265890153672,0.013127997494907378,0.000683937105712866,0.027499327173948023,0.014711126552208846
0585,-0.02077202423475041,0.029580272701139085,-0.004797360928350837,0.03329712149418963,0.004762162203535361,0.008929449471331497,-0.02569057807018316,0.004236849799827516,0.004636966261113092,0.007581736006989065,0.00844082696623035,0.02413835348746293
0586,-0.018481549647992732,0.055286393765361666,-0.004468284624443178,0.04387579264844335,0.003851266054918147,0.011723172794458048,0.0006431619956824618,0.030488199842735035,0.015841899005148003,0.02066372671414819,0.003387467786322124,0.037327630353820904
0587,-0.010640399355775978,0.011034344272315645,-0.018805998095085628,-0.02526195108477684,-0.01061105510204071,0.02042081968706807,-0.011193142523174332,0.0023924646514834175,-0.012084279544597372,-0.006262857858324554,-0.0014255942227172943,-0.025689272621418454
0588,0.008485730074071144,0.059396678610863875,0.05008831578371972,0.008420628057765648,0.006581920863625558,0.0477804163302066,-0.012432201379108214,0.00350440353915874,0.01992596310723742,0.021140479693942057,0.029753263093562216,0.01755143877361058
0589,-0.017100796278308898,0.004065601814508099,-0.01635561269261212,0.006773280705706285,-0.04316803685639423,0.011964225885884574,-0.024740602880047723,0.02817618652533582,0.010726313078381733,0.01349038825174257,0.012242918879594491,0.02839117112496143
0590,-0.007622943485832148,-0.005028858427425102,-0.005985421660344999,0.019354121359572866,-0.013882751772895469,0.0024459974253047126,-0.005307670192002681,-0.01007314428772979,-0.018806700123395866,-0.03988692188312991,0.005114311828832004,0.03052140693465584
0591,0.004474057849546827,0.025642794834394182,0.007455071370140036,0.024705600710275964,-0.00898383991007661,0.02853742577857715,0.015608532392960171,0.04434283718901543,0.015223245073010077,0.004321051360488127,-0.01662779757102793,0.022465894742032682
0592,0.02627564028013539,0.03264861284388933,0.05413602447341332,0.038054242652981525,0.03241258107240635,-0.006426982383489267,0.02193377072036759,0.020814208554657914,0.03816489621558361,0.010597062751180027,0.014445454903639944,0.04990283746890816
0593,0.0002816044014408539,0.02618565493828028,0.0027047756868622997,0.029480075333470794,0.030013046004188616,0.020843757259196693,0.007806154923702635,0.008147722935749162,0.019892665474942808,0.004567644944151447,0.01938213131649607,-0.01871093004618319
0594,0.024545707155204176,0.045337284909581485,0.042335393430690295,0.052772917455216804,0.022556960921608735,0.048414166470384275,0.018779735430090372,0.04188976844521159,0.016230073187211872,0.018815923856378213,0.05110796685071214,0.019445389250177525
0595,-0.0029366112068832384,0.02974607195695937,0.017448451936553946,-0.0003421634931702868,0.0394614783280861,0.006196470986164234,0.018387420321100693,0.012037286830753677,0.007754043974420483,-0.007954275297932144,0.015647988356784322,0.016613092563355438
0596,0.010815316142364018,0.03122510923086663,0.011425470931673946,0.0016471367633800616,0.00988811745895578,0.03600797630467877,0.02733194108701857,0.03354550299514275,0.012606341446500403,-0.0009968759493968746,0.036307985112214634,0.024563815788668206
0597,0.023676298860552093,0.03985422565719524,0.03198931283007791,0.03499855797905082,0.022392118636230682,0.05258721146333464,0.02482098814705283,0.06322493046177968,0.016482424333944975,0.023691012974265433,0.05528697327599549,0.0376118540785208
0598,0.027417142328025966,0.04087241864087088,0.03359200172313711,0.022844067333860667,0.005124814639154712,0.02157789885485335,0.01098732343904375,0.06228836391468266,0.02096687357541391,0.01801461644646027,0.019357186864413845,0.021728704864979607
0599,0.05061212282869153,0.03101599428806862,0.037050058755112115,0.015425305029263257,-0.003020091881081752,0.02648890641853677,0.03348379517039145,0.056905890481308605,0.029634353543082227,0.021050943978585517,0.035016744944209394,0.06366493461801224
0600,0.006046237691896785,0.0585225696026075,-0.008730127405137619,0.02242551946572277,0.0006455047748658094,0.052771544141111536,0.0017173560926055948,0.0298792438518114,0.005871056263623601,0.051803030256362105,-0.004779131956396562,0.04462869338224775
0601,0.028963768995446216,0.06493472047190861,0.02268456267944963,0.029914617739019225,0.03830954643295971,0.03615752651883388,-0.009582602805625291,0.012752662205269312,0.005160924200668287,0.022630396186431992,0.026850879968240492,0.021208385624796815
0602,0.02338900503798042,0.03386732067849748,0.02761165453816037,0.016758553110846855,0.0560444154298976,0.013284910423333634,0.0032519015523821745,0.0058252848313276465,-0.004694788458645448,0.02992000400961678,0.028059432754504322,0.0138501656059052
0603,0.045555658110558714,0.022652588764574697,0.03461802592976263,0.024472586742218132,0.0036522650410709167,0.04305311457816327,0.000726367915972283,0.0004260824607856219,0.02786664040980271,0.025656655414352796,0.01316521104328635,0.014369121319625634
0604,0.02864780401971963,0.03596804958211694,0.030626866420512763,0.002954865053117217,0.018514964132039288,-0.024725337549501975,0.01269810195189752,0.014357091528417614,0.030905501318623758,0.015500602634137727,0.007554113476365778,0.01404265691725597
0605,0.015701550132763552,0.006196375847134166,0.012921563474991736,-0.00461799032771716,0.015154671248117813,-0.008657472625500625,0.013884027389945609,0.029704680821528537,-0.011998601775142505,0.03112967756307377,-0.00021452972639408372,0.055386273616139604
0606,0.030034290848205945,0.010625813474593526,0.023369035306778994,-0.0006389728057685057,0.0217048553127004,-0.004981427299157962,0.010566306265834127,-0.01282233002232543,0.0004083723807744832,0.000792348128874478,-0.012152091674983068,0.03048517660305872
0607,0.009014784933045621,-0.01111026366422098,0.02125724363508256,0.024445816557249398,-0.00430367168336339,0.03304279275343649,-0.015808952237662884,0.025919098764653387,-0.00617584139767815,-0.017385337390606884,0.022798670781116318,0.0013568758914902506
0608,0.014745132778760741,0.007629191801819918,0.005369235639046761,0.01117604977467862,-0.0028833902800011837,0.017908375855309983,-0.027372817865144203,0.0245775101859242,-0.012722209632385963,0.016414596182462597,-0.023445315183480406,-0.0213356152735771
0609,-0.015726459791785448,0.01077603432405588,-0.03277353854973945,0.01932925404283066,0.0006641021491623945,0.0017138711243530039,-0.032039151797862084,0.042088458239534894,-0.017520007950595055,0.0043947785170305636,0.004850927097766481,-0.021230918668784935
0610,0.021527893627180775,0.027425404391029737,-0.0012283303511189474,0.018521136596810674,0.008054395163438794,0.03170057598391185,0.00473028915592777,0.04053117028648672,-0.014196183597153049,0.028148122511167852,-0.00693572951755805,-0.0027158245211639075
0611,0.017395703259897363,0.007261821825858078,0.01564488097679813,0.0007917159062238624,0.01346934375438433,0.051113533030838675,-0.030185839344339372,0.04950703825587344,-0.009279833497149061,0.0299608539188214,0.016046503876783316,0.0005749674368545161
0612,-0.00026685409465639374,0.002367864179816161,-0.0005247670494623628,0.00816606076949286,0.022503745191005314,-0.016833624871292995,-0.022865252415242194,0.013210785359184274,0.01670713779312581,0.005959489116219366,0.02128584201747861,0.03798696336982646
0613,0.0368946296494747,0.04776245347222864,0.027791105037670537,0.038474615307798776,0.02209365606889501,0.015728422269519444,0.02267746948478564,0.03928996756217367,0.047346869886334124,-0.023709500167943865,0.043226590817518944,0.03129246512820956
0614,0.010629423097097919,0.03144352261278129,0.002956868133913851,0.018809621697412272,0.020358331608666,0.016704490845535408,-0.0020446309869742384,0.028742097124578436,0.02223579503209927,0.036784758966990135,0.027108813192832256,0.00444508700673326
0615,0.037937374777260766,0.03709918947502484,-0.01103734270070238,0.02800592093376099,0.040654446236595226,-0.00958773882100475,0.010752458508560691,0.05397206528985235,0.015704786916060167,-0.0076904998530701015,0.010236637587887586,0.03893766868607252
0616,0.005893117973942882,-0.021916387785357733,0.015148001808073963,-0.01596083303038785,0.00969732746888341,-0.003289995211649175,0.015855072641775055,0.03403982855676263,-0.014788049791523646,-0.019420037764851694,0.033750717071673625,-0.007370108737528105
0617,0.0160036655579003,0.01509208637067356,0.006325262099458988,-0.0002682171108693752,0.05221157700218401,0.028540402173796414,0.015307926590186625,0.030412286117900346,0.038735907674953406,-0.017044293460163933,0.049741375777073785,0.01395203116788315
0618,0.010538027517939934,0.0140793442178344,0.005383410013485739,0.01943611433544623,0.008274395049508165,0.03984705402977681,0.04614424789513501,0.029145190558646533,0.06911070585269954,0.020841150448590234,0.04243602329598906,0.01990957677641232
0619,-0.004792137499243647,0.0212821368593488,0.009527109520851593,0.0338080910098373,0.022384566333301506,0.008764996901077942,-0.0036173306078432508,0.002140687833721171,0.020702781643837473,-0.006236802876366853,-0.005291880440861279,0.03217169657196196
0620,-0.0034821632248098876,0.02195899943368494,-0.014396093162488244,0.02127657741747373,0.02305100941011371,0.007773480764368457,0.015731062973943118,0.012553872643589871,-0.025965004678829517,0.009966962807065306,-0.020566409254181347,0.006769640432985228
0621,-0.010446361120991685,0.008418258270755635,-0.00893508681021243,-0.016996886960302268,-0.005933572051624791,0.005639780390142164,0.0019848344641664813,-0.014371355566964925,-7.406153767693915e-05,0.004519885276797846,-0.04160551137639287,0.01598587385304169
0622,-0.0004735046825154848,0.02735290295278726,0.0010613648764305674,-0.00913530082780254,0.03224764647528627,0.008841468857961457,0.018440291489994348,0.01956267606425902,-0.004261544642364753,-0.02247719332593967,-0.03864553257771432,0.021409529209866166
0623,0.022712642433673828,-0.005473644558469216,0.00041174585640017634,-0.039820309234033666,-0.015190458332415701,0.001864190262895089,0.033923974096162976,0.012441668292161062,0.008352592502607567,0.010967069892073446,-0.0009288603353320437,0.035928903223032424
0624,-0.017368127148297354,0.010442579765795795,-0.00880241558573137,0.017934644538301462,-0.015264921239655067,0.03175120422684074,0.043061165010234964,0.0018391576834539721,0.0453225992224263,0.0665758680896887,0.02870987024564012,0.033738133467933175
0625,0.012661960530935917,0.032313580878875446,0.01694364197377301,0.028243378329240745,-0.014061662305873619,0.03059409374396511,0.01196412311242447,0.020064966452329178,-0.0028991040295823383,0.013262696435448354,0.04480232312719844,-0.007617652708227497
0626,-0.010879792175036044,-0.0035364956057744082,0.024871139893022177,0.02409321012619652,-0.019254750185767198,-0.005217682498312241,-0.018378457937258577,0.0003455513916063112,0.019499064515632363,0.008364806983495475,0.01250002602964395,-0.012975878325881277
0627,-0.017962819008425553,0.02151493382246888,0.006718087389164107,0.03687461553100879,0.00686136032992709,0.026654785917700454,0.019116044990454106,0.03078427705934147,0.021459527137758498,0.015337239933355255,0.03427881199700439,-0.015369686506260163
0628,-0.0007768966139588437,0.01535374068244007,0.012951908897975583,-0.005705419109660095,0.03119949412443128,0.012502309889737025,-0.013660622764143116,0.029364428719712916,0.0031111352940696047,-0.009459186102417125,-0.032186993485614865,-0.017974348808241405
0629,-0.0031780701079179227,0.014679405482755991,0.034121677045419796,0.017200320837824783,0.027277978296145224,0.030658644840429912,-0.002764639849430601,0.03599986682718212,0.0004494998671652929,-0.03175612991648591,0.016310904438285024,0.011323618161098963
0630,0.02424251911809942,0.005340129270953542,0.021947792895363666,0.03996855260582312,0.001263561146829741,0.012435747887619154,0.022412831729191795,0.03315860474474765,-0.02811954720856386,-0.03332697264347022,0.01369991739227446,-0.014367385698947993
0631,0.022704938345017005,0.01571500657188825,0.0008695437179259282,-0.00512952499197441,0.03641646548661612,0.03992794701357451,-0.009221426198577892,0.004536338211214938,-0.004591196669824459,0.0005157776631892207,0.002680886556333237,0.013731037624233928
0632,-0.009917685693035489,0.043507386764196215,0.005931985804955756,0.007188248935635457,-0.028218258933276796,0.03173391705393555,-0.01686062917540836,0.024364033481413718,0.0012572168232154487,-0.0019088805518731147,0.02834101985148588,0.029521079165581984
0633,-0.0015402635026306039,0.015271764181719364,0.004357819862683366,0.042714539799187844,-0.021876484483575945,0.06263367698482694,0.0040973440472796595,0.04616881287169635,0.010475190606505555,0.008318186659388004,0.016731602646760303,0.024247309983581627
0634,0.015322050183663163,0.02463455395408069,0.020747856321517422,0.0461551850419403,0.003586714421606409,0.06122343707565978,-0.005575862409679474,0.05841545038786943,0.02094615356656305,0.019558501312970027,0.024067002745408173,0.04807342429542423
0635,0.023457168000610554,0.015089885756391443,0.0076157211727326014,0.004080312737743637,0.016371098846076435,0.015160344536037759,0.02550745588197321,0.022880292765520654,0.04077499510219597,0.02088753742539461,0.025899629188986077,0.01231662149844329
0636,0.01855186177823832,0.05035244724649105,0.024955467589457107,0.045946507611242006,0.05567146588658535,0.03839227698162663,0.015104459373806261,0.0013302344805671614,0.014623163152725514,0.02939660692812144,0.018296508469448945,0.050930802769350754
0637,0.008119565895831866,0.02238005781831778,-0.026551162325353758,0.01350737245363162,0.0023795988020699644,0.00330274884611434,0.0025783520682710007,0.002465144502418488,-0.029380189251796765,0.019448996006547595,0.035812545022964486,0.038649537679702826
0638,0.042155475332042294,0.024190590404014545,0.03481672092820592,0.03082133827750615,0.010628876769105589,0.03622675777667581,0.01106586962574008,-0.007000074823423027,0.01611480671559586,0.028478260228927788,0.04783571902368915,-0.020772389279089573
0639,0.01451737784879403,0.054066505041347315,0.045915132904353353,0.02145889674789538,0.06682495983899096,0.032670164221686136,0.05345380781852238,0.03989622934205231,0.026463994506711132,0.03833480451752335,0.03187684694217923,0.026931137217670292
0640,0.023241728483559033,0.037304107839362166,0.04335798236493173,0.028361945140859615,0.0482616165764459,0.059193735331036446,0.030166822598034392,0.030268366902622787,-0.007953592052072238,0.013628005684235953,0.04173845470564012,-0.009762626996501437
0641,0.010573698991107841,0.06702963767821812,0.015928882358864343,0.046332360622606365,0.02763258793950051,0.06079150475161594,0.0018200872173343397,0.03378796404266802,-0.00281639515606534,-0.013664725345048425,-0.010166346412387447,-0.030270414177422517
0642,0.024466179494096123,0.023325712262788827,0.028535379968289105,0.04182543097994103,0.0018268709237216237,0.05546248345559692,-0.0024311742304902245,0.051392480224557696,0.016165240238130495,-0.011419626660058873,0.01670811390691794,0.016849702881080692
0643,0.045373405344745425,0.019049507443658284,0.02787988239582114,0.042186210928988215,0.024847400242107767,-0.017398240676172013,0.03724500154021846,0.03440890775785241,0.025689417383192758,0.013618315935662267,0.031102598006831458,0.06655956365058492
0644,0.013671765475533833,0.03560871684135305,0.05061981048217095,0.0443286034118161,0.04439828347085927,0.021565197101180916,0.06918912793397064,0.03060832131467805,-0.006126428687460933,-0.0016403581683504186,0.03629137368669167,0.006679499833155114
0645,0.03963222263108618,0.012705050015408118,0.03079765199697631,0.01886913600018869,0.0027195554315234604,0.036019283085883716,0.023409748156265436,0.037365321101501356,0.03246340081549279,-0.002074115238412431,0.0281594440427085,-0.0025668599453036864
0646,0.03733554877113364,0.02215248638356485,0.007317485693393327,0.0001637770334828009,0.00818139884955782,0.026166583409232787,0.04262751592412677,0.025609559214631115,-0.01317119781044094,-0.0003950780067453207,0.039980239381390864,-0.00514899105122349
0647,0.02143456203055436,0.011932336844362394,-0.005359727975744112,0.0073473864890523455,0.02393624880811652,0.025297270792560497,0.007473302634618055,0.023103262972192475,0.026812547887526236,0.011013072248029542,0.004547319305361903,0.009590010267698328
0648,0.0216594221484786,0.01808015786589762,0.017644849145824936,0.00946422804260477,0.022018064747941067,0.013511244523321682,0.018472169958688354,0.01584176777399037,0.016517445465827316,-0.006721139076591846,0.021314816152719407,-0.036349284633068045
0649,0.027090582958113108,0.003072991603019637,0.008080780961287502,0.03886685357749535,0.014254396646730573,0.015045728303853293,0.03228757359700065,0.053782275597123175,0.022597214379901264,0.020575817750746298,-0.0015537549486508656,0.018086668337721126
0650,0.04788332003503993,0.028450299336066066,0.03332246939853615,0.03806170890587419,0.001459413546371702,0.041173027834293816,0.03269144160773944,0.036590153310939906,0.027005544664620736,0.02617562223036251,0.004988184062666476,-0.0021260795592104942
0651,0.060817282375552506,0.011179788134220065,0.038411241182048014,0.03810628780526672,0.016315714201188,0.03054532353015836,0.033085631853460244,0.04052419188323409,0.04016031049491596,0.011137953041284251,0.007619077663231525,0.03789008810348287
0652,0.01769251767250084,0.015358070834461425,0.00833174512553879,0.04901215549616502,0.022932885782718706,0.0003860156979610635,-0.0016730246453205446,0.02085999444216673,0.05940030287223721,0.038152127157118305,0.0054437979700571555,0.01985689046594405
0653,0.008544813029281235,-0.00642307777263256,-0.025354252661225315,0.0425948444284344,0.002432070206737512,-0.007855337549566074,-0.0024687372580252777,0.00890869410793318,-0.02017117095190701,-0.03010651397265228,-0.02208281838400783,-0.024089913139693005
0654,0.015418489982180218,0.06263315657495279,0.00806307863518157,0.07508876055413201,0.019028912620111083,0.02067496133635023,0.022124951504287935,0.036093015099090964,0.04843018523565703,0.03794556858801988,-0.02833890007496668,0.024765629409180236
0655,-0.014802217731801817,0.05191270954413189,0.008548241195945272,0.07445317106884604,0.045772963717582466,-0.0028070267030949492,0.005217315733206773,0.04742445199030035,0.053985379426658354,0.049044201060137155,-0.001617679569923607,0.01262914040715148
0656,0.03419673590685456,0.02148494431856026,0.013735718919504137,0.01613577169734488,0.013521128760641057,0.005942625939514731,-0.02875849001938169,0.005695766036600957,-0.030022657553596583,0.026694332567120522,0.001051541757340658,-0.005314665979582961
0657,0.008782996114352326,0.03643595129210336,0.01893942779805286,0.024227282636997464,-0.01553644573410162,-0.0056245085060489634,-0.014764191304759863,0.02286571523378733,0.028873785773957446,-0.0005273258561810174,-0.03688419955442934,-0.01613840978436594
0658,-0.01367704849641675,-0.0001087173694171606,0.013941880995865486,0.005189587908727466,0.013559274147810798,-0.008457418183605611,0.0221938704441549,0.024482280438234975,0.02333382340481238,0.009272640168979898,0.031057348872852355,-0.014813437790037312
0659,-0.015278193581240081,0.005974064681220564,-0.0013774825009450161,-0.00222129707725441,-0.005553038557603659,-0.03708684325590821,0.03081512022463476,-0.0016619993868656803,0.020972155779243398,0.021704670916284714,-0.015848596836087095,-0.0032473965949763
0660,0.002592501791803449,0.018251060367667164,0.0127466909339878,-0.0001804777180157776,0.007194439001258531,0.021482309497226307,0.04446905472216046,0.011569694945585424,0.03216966144936959,0.022674558178369754,-0.006758288326371553,-0.0013941895695100803
0661,0.01333260438216315,0.006047510476637185,0.005385416124518639,0.00036109697044491755,-0.002445019738150449,-0.009000621625314644,-0.006852129361322615,-0.03374807038616472,0.06394428592235767,0.018012430763935987,-0.02546944724409624,0.016183262961552494
0662,0.018439948705367658,0.044723778003757465,0.013876418425877073,0.045305247331404404,0.034463110792011115,0.011804220668387417,0.017586583445326903,0.04183428779616029,0.04966472861060398,0.013552157398249434,0.004997571029850371,0.03862282404036118
0663,0.042986464946658004,-0.009003947930647788,0.018569071185898563,0.031354543868364206,0.03007613031950575,-0.012314902749792661,-0.02378440968969101,0.01447304625996377,0.008323419377237387,0.030570648604669803,0.043628291832184904,0.057560586285598195
0664,0.04303946738136483,-0.006506068869595686,0.049772380052684806,0.012219457888408745,0.0355116130624915,0.006305619365255161,0.037874794791551654,0.032749488705255146,0.023166371702768623,0.021622553401816808,0.02289899074450912,0.04286508639848779
0665,-0.002992240411038491,-0.023961535708647574,0.009344300810278261,-0.005512472756426141,-0.030214993644285114,0.0037714645013217814,0.01019097934228796,0.03281836533754379,0.0004591842568043642,0.006561146951800975,0.02023366015204351,-0.03915534197806158
0666,0.019142493859116975,0.022051956407032745,0.01472473477018027,0.035196238688600834,-0.02622100213170747,-0.012129619964382792,0.028242486742092933,0.020609343196331013,-0.019391689218366166,-0.006547641953474185,0.011698794730540241,0.03242286141788671
0667,0.015695530446624136,-0.023715460650407038,-0.0011616357966181233,-0.016128617142163893,0.051013577485858615,0.01230979339662687,0.03618418659495508,0.005543611555047518,0.015130308882750201,-0.018696508757122456,0.022037889127855346,0.005807341213520792
0668,0.007202387288000182,-0.019261286588744615,0.006577987325457125,-0.018675143449098566,-0.00462409337277621,-0.0045027859591308065,0.031330943093324064,0.03536792875143315,0.012730801796515867,0.04567179991122525,0.01827059401821197,-0.008305023470939834
0669,0.02876196663390329,0.0006023038821286329,-0.0004447714120607458,0.009130535616907175,-0.009448492981926963,-0.0010097592701045746,-0.0007798199031284117,-0.021274282313086437,-0.003867046567681048,0.0014090607277601318,-0.013028058095476273,-0.004551432486530493
0670,0.021360823787637647,0.023263766027389467,0.001306709039277195,0.0391571424755909,0.018642250203863134,0.030096534118870224,0.005692439424587159,0.002140209079160817,0.001253220087416428,-0.015820365315600216,0.025354729330799453,0.032259143190096796
0671,0.015336621396654117,0.02199462573426472,0.02068349307072007,0.0294925730054126,-0.005824279548174323,0.03454896589716087,0.02854981103685117,0.0009857749465485557,0.014226843418233848,0.03647318404772379,0.007247650160579774,0.06900635374303102
0672,0.006877564386428756,0.04573003307070834,0.025828328702543306,0.022433898421095607,-0.025110248784374387,-0.016185968006162302,0.019227769637390032,0.032016462242388743,-0.0011365608994304331,-0.008179831942317948,-0.009897786083090755,0.005131878831886641
0673,0.03341802573994792,0.013248089395520767,0.05183460856901693,0.03669292275095278,0.012736038323003204,0.01092238142232585,0.006461881192071363,0.04666625458221086,0.04102056022914116,0.01906250434032501,0.03279010932391984,0.0016510167089738195
0674,0.04153699892058012,0.015238944168434392,0.012829483126825348,0.034445924721917064,0.02151493953334646,0.019514284738884946,0.0365725154234581,0.03933433326677781,0.01867004599012251,-0.02027796573427021,0.033096723023250986,-0.036487273018248584
0675,0.0076833475766788445,0.019675591251907862,-0.010726977941869649,0.011455525037361799,-0.005682378369464193,0.027059014712659438,-0.0004933338507717013,0.019061665819224038,0.013350194014124362,0.03520830243378617,0.008648588288439667,0.01882628091780216
0676,0.015471530435256307,-0.0027271014003770844,-0.026169307730866957,-0.0065898000075350635,-0.016867811740243245,0.017633852303164752,0.01752609751535305,0.03288666300977441,-0.00395680019876856,0.02813692233450864,-0.008422192821142281,0.000246800063050968
0677,0.0048552451105787365,-0.00631351005879951,-0.014341709734846724,0.0012958915552424117,-0.006890503742133264,-0.010198113171943584,0.03108054886730442,0.008748209826406507,-0.035990506084578884,-0.033782167073069934,-0.028235156045819446,-0.022912400818094616
0678,0.007180978634787482,-0.019322412262228167,0.02402150310599422,-0.002388505622375946,0.00046519836101599103,-0.009385434778611078,0.03621043514033594,-0.003866117918879716,0.001778580478402436,-0.02509542758310263,0.021483875939387144,0.020927617282138915
0679,-0.018466013641839404,-0.029580822723468077,-0.003138526133926152,0.0013838057387865023,-0.02708156134424027,-0.02856253712098537,0.012183204815515337,0.004707064917401356,0.00207857624997608,-0.04620073231333415,0.020615141917554317,0.03870795594173529
0680,-0.07682640179268573,-0.02622877564425463,-0.03975116632610499,0.0005983034105190886,-0.04649536626032606,-0.04820283495218246,-0.030078953727094904,-0.015615393409436101,-0.016244633448223012,-0.014661032884957426,-0.035256604376159933,-2.9402711027295317e-05
0681,-0.01454814064472343,0.01566277377348921,-0.031223662720931626,0.020818578766236853,-0.0338795381568236,-0.030999572821094237,0.0097353195534909,-0.02936398908485086,0.011247939589792567,0.030924198578300005,0.01895347911357961,0.061926157350225323
0682,0.023797222503013908,0.013018806124564488,-0.0032354363736561073,0.017334701667252445,-0.04470923740685745,-0.00907755454364752,-0.0124893319822829,0.004420033049242179,0.025038859774887394,-0.017747970881985504,0.0012925143910217346,0.0014323908046888453
0683,0.046884675282619304,0.05509355927436158,0.03736406008671093,0.0418172326021547,-0.014963016603559337,0.04378815290891175,0.03490419915323395,0.012648337143487358,0.005332955815117756,0.028667858546688484,0.014029494470035948,-0.02762021522253272
0684,0.05432650011133347,0.032482024343605184,0.04924612230192417,0.01978736856334782,-0.0015419252927641061,0.014355045548906487,0.048361896556097274,0.012105346086119961,0.03333881800863817,0.05834006209083013,-0.006071638244944495,0.009998662414901507
0685,0.03278993439081479,0.0013021808042662799,0.006925722400012812,-0.002026431763538965,-0.013375291604295512,0.010897856339762172,0.006855814511719958,0.03003832938348694,-0.013112543732147887,-0.005161983707655156,-0.01756508096190604,-0.0005388983061957365
0686,0.05406122424328289,0.039603849588655184,0.04669733141879525,0.055466022205735495,0.03669997594852493,0.037100942431431576,0.026851929920237196,0.029363455365603534,0.032553145859846824,0.03717208699708479,-0.013552106798520229,0.03539330476257125
0687,0.021099195412189315,0.03090632271439718,0.006292620130662548,0.037193204897069024,0.003231346336878029,0.021548576812069176,0.015313214206188567,0.047112801876715814,-0.007107980573469026,0.0018975107378899048,-0.004906096351175367,0.009788782625368165
0688,0.015359930229567425,0.028525933218243878,0.0051648036829698785,0.04194853381211258,0.008903187005156157,0.020670242183661452,0.03616064938220791,0.043275330533880746,-0.00943844197438752,0.03725972500162439,0.013114682711604304,0.002989456185947621
0689,0.0008352505583794024,0.014483803731642313,0.01205157355908047,0.025001014231208506,0.013097253369108714,0.041322294632982294,0.03729651167139365,0.01722770077804818,0.02367048592697035,0.051253957975951545,0.04167114084935333,0.027708246513362032
0690,0.008949922963108144,-0.015239633004592329,0.0052830813270764426,0.011714770943674832,-0.00788742141646816,0.004099357109847541,-0.0068413127555571425,0.03756933080433145,-0.01863133836740676,0.03198639424879131,-0.0014342289074012185,-0.009127024734303317
0691,0.013843915294243276,0.008083353371244299,0.03580769344264458,0.009862057069872742,0.021574153919142924,0.02123973513448057,0.042312556577494324,0.015691758773082355,-0.027459571640724337,0.0006488591661894594,-0.010798528298246218,-0.009320396245074568
0692,0.006861230832605077,-0.009612709801457403,0.0034791347884749256,0.01593966808525764,0.0076467249418328016,-0.01898313727864194,0.006330585940142709,0.037541859855575906,-0.017415093952466664,-0.005330820894255876,0.017640937821802913,0.005282658917991104
0693,0.011947064578463954,0.012793710263985777,0.00781578637620989,0.0157331947604192,-0.0013558964753342922,0.013447619341817771,0.05066606714933681,0.021560956227810246,-0.02877876359433919,-0.01650218620074305,0.031090774778147978,-0.014541426497546502
0694,0.008465437303903698,0.028682740625678035,0.009164009492560073,0.04102921722856114,0.03538308085485844,0.014361875388104035,0.03260709763177747,0.052470040222387986,0.01564036496218504,0.03539356199706243,0.05215907451771368,-0.006537348619881029
0695,0.03738092048317219,0.024436188964402694,0.02074832652693384,0.06846970520369149,0.05874530022442402,0.020874034844201257,0.03371611160520566,0.028330671912315527,-0.0004952775504324488,0.011877861286018138,0.007126738169814273,0.030831989782612874
0696,0.020552632822416428,0.016399628762912295,0.016351153838523237,0.028964415292224346,0.020092554713222154,0.018321220298790627,-0.018050774486415448,0.006676719687157849,0.008752103406900589,0.004815415773803511,0.020195627238500033,0.002285784133257565
0697,0.02891118642012301,0.03610684332190879,0.026997071162799174,0.0745953165874735,0.08057970918015488,0.05684009158851877,0.040084272232237914,0.05948517567688207,0.013466074861067764,0.035759832227566644,-0.0018215118609598564,0.020768159441088632
0698,0.020015698046245322,0.04085205479961674,0.026856113593845776,0.022353934626809145,0.010578317019429139,0.02252651247222511,-0.006555186474120354,0.009243446243421306,-0.005891712458336274,0.02959254665740047,-0.016460473091362122,0.02303684747481348
0699,0.05810093828717702,0.017038435793293318,-0.0014863081191990814,0.004447503746324376,-0.010472211865202233,0.01610213783020353,-0.013981180318126916,0.035542241615234484,0.021980421603655556,0.0180566035814228,-0.0034546930825624486,0.04027142586122994
0700,0.018905629062266487,0.03794964146592907,0.00287385519597768,0.0269970295104692,0.002301553044421863,0.013594167010931985,-0.008207928079233331,0.034416622578141993,-0.014617960786045128,0.01666815245152022,0.020821174681301662,0.03867624328835218
0701,0.0288052914825747,0.012433753595796694,0.041250215148352726,0.0031607699782956874,0.006108005907128604,0.01781651861031824,0.0048915729694279835,0.03525099452757185,-0.006284045806683723,0.018374584186811548,0.007955370619544865,-0.024683836506101706
0702,0.024681549548744755,0.010414482853895865,0.024096116087129395,0.006346604594063961,0.022326534759576317,-0.0019040878843988784,-0.0047412140275934255,0.024350201448710015,0.027579791312629606,0.006985309698390861,-0.014801913674147054,0.0006796700933462616
0703,0.02627784284919796,0.010790966293517414,0.011239290970968194,0.0005479820752144046,0.016655505333875237,0.0054811318368028486,0.006346910974634536,0.019154208931054014,0.009509572133154974,0.02475385273323715,-0.005428712652054137,-0.04391497269152942
0704,0.007625803873756633,0.0007768468070063154,0.0018322619095946162,-0.013721928022881703,0.010363239444751973,0.003631998264837538,0.036578556653765415,0.000666573191773275,-0.00569489569415307,0.020424846955104353,0.04971057909351121,0.016438442868636487
0705,0.010127476754524314,0.02535761788925106,0.02613738118420249,0.025892972136662765,-0.009480585700307922,0.014397234924718567,0.0292666858717674,0.02302450015346868,0.005602422641918654,0.009939985216403423,0.019717017946420255,0.0009676364839713099
0706,-0.02893065145193499,0.022401058168356296,0.02388146509733149,0.017332830919184417,-0.0021238610837308793,0.001793780426270112,0.00010724741539570939,0.00043822062254742725,-0.038914526774689054,0.019907059281044262,0.011475998445052754,-0.009117707479562445
0707,0.008731179192360253,0.027461733501087018,0.004978234164471275,0.05724010988110392,0.056307166052196767,0.04104131088818314,0.008188893228161477,0.023960078150406048,0.01478268101683823,0.0034976346358695383,0.007548104939139293,-0.004245092617099129
0708,0.027977714353514416,0.03881337422510846,0.035666155880279965,0.057928016980983585,0.006104363540115917,0.03255946989390555,0.003951633266082854,0.0064441973633578495,0.028625484485045285,0.017633160651233718,0.007186458977541876,-0.015580157703791873
0709,-0.007031328506128282,0.029650257485035112,0.02677474300256647,0.0253937527670947,0.03130175523644716,0.014789401707041532,-0.029733686045707756,0.023038755189853807,0.004044660170516462,0.010964893196731182,0.02218848391427173,0.0013674754894188509
0710,0.03411697310105925,0.05062900513840623,0.02964059235453551,0.04038286431269446,0.041115139955628155,0.03003157372696481,0.01257908657460186,0.008596774869777713,0.03355613911787404,0.01740011083122948,0.0406718973133508,-0.0009159313784982783
0711,0.030121864203891967,0.03311212964044121,0.01633456547853055,0.018220755454718077,-1.5152540931011774e-06,0.01466088649063626,-0.02058561816336118,-0.02242287530300265,-0.008235856928067331,-0.018194674760409372,-0.0006273638515959632,0.02300411034076347
0712,-0.010469376261416533,-0.0012891090512530585,0.012518318932026871,-0.005754151014978685,0.009314655395776151,0.007418381892024398,-0.0028674981084051096,-0.001750134697074729,0.027377831161405297,-0.0102413460545869,0.01821890503494521,-0.02118944485222473
0713,0.02383232390679386,0.005838048641724617,-0.0009622294376305155,0.010973275856185799,0.003237992673904561,-0.0013644753572802084,0.019048055011233835,0.015443184559054765,-0.014075431171070185,0.01880526001339664,0.016307915970062287,0.03205925293559111
0714,-0.0018834668958430515,0.031146376266652356,0.017594958347997174,0.029364112639094317,0.0053034334414869275,0.015771796252038797,0.008614161957130278,0.0337113507110026,-0.008659135587791144,-0.01930836779882217,0.007548100426745933,-0.0020553429312204262
0715,0.010161848048555055,0.011285117155328197,-0.0061573345922202125,0.012610184309403706,0.010287236043023763,0.012492038290730248,0.012680436666574238,0.018575349416163043,0.037404443022852285,0.030249355410796323,0.03238666512849395,-0.04426886876337962
0716,0.029888211522619695,0.03884562612776308,0.025517954810992876,0.05740103300511315,0.031345433552561315,0.04498546603795472,0.035073902775997784,0.04524975661179375,0.05137080033068256,0.010035538299617085,0.0580220467631794,0.027961181859866364
0717,0.021744935626769733,0.0061916980603055165,0.052883499648243994,0.03988239494962702,0.039022447042145615,0.04309489421193832,0.018753604181750497,0.025786620832287253,0.004067710564206996,-0.004792821399830801,0.0091244202549746,0.001067469971301585
0718,-0.028754185997310496,-0.02986427783845747,0.00206690162667622,-0.002910845775065692,0.017578699205435103,-0.008917333116083873,-0.011845802528049332,-0.009073862463745856,-0.0014398939628308522,0.03906505810057457,-0.042579783669757496,0.005142484419658395
0719,0.02108100649605117,0.002055777594807436,0.04706404741305938,-0.005921217107308873,0.006458743750604837,0.03871703391028301,-0.003484231828005478,-0.00675152104951129,0.019077746568810013,0.03803699371586739,0.001411527666483998,0.014741498392707034
0720,0.0076756501336707915,-0.024191747759109577,0.009612817646544184,-0.023694258306375046,0.04102672880714598,-0.006497051060448985,-0.020753574533507176,-0.004722521130653827,-0.015542660943567425,0.013058453106004453,-0.023543040594723588,-0.009220742896809672
0721,0.027789663368889994,0.0039360424203300015,0.026863146047793784,-0.010287407758517782,0.046012564420784545,0.02167161127272343,0.018433314358333345,0.020690415697805616,0.002218948997383004,0.032923123190811705,-0.005693114782529079,0.01106164720809402
0722,0.023915437851681827,0.015794741565888847,0.028455336712384205,-0.0017205350197408193,0.012754135883843436,0.023731197459954993,-0.026106449250110447,0.0053536830594464214,0.03726993708248985,0.029078486425906092,0.009226322999267993,-0.027935678542710753
0723,0.01050668832033136,-0.013755085613458402,-0.003443673999728157,-0.016634464620380627,0.03048193173571237,-0.04256255104729053,-0.011273444805309809,-0.010069964995452447,-0.03828156601357327,-0.013526890220335,0.03210708244893273,-0.026027577071086008
0724,0.03723978120362522,0.01692111414713373,0.01838794597695511,0.006794479207006825,0.0634404723393787,-0.001739699686498758,0.029721459005797618,0.018633625601949266,-0.00741444464415041,-0.009351831253946499,0.022978689941959167,0.02559092716593807
0725,-0.016250684687447073,-0.04236334263061571,-0.03482578883569154,0.01083145161710976,0.01007372235611864,-0.016966664005902504,0.022371902117568666,-0.023335879695292733,-0.045217642349880315,0.02380183348934835,-0.0024692391574967286,0.013517683195701926
0726,-0.008222689199214556,-0.025705204497873373,-0.004255877030559745,0.015859349736139717,-0.012043627921786185,-0.039342661431382125,-0.021542231513331248,-0.021809502414082627,-0.014607556061861654,0.01864576816911691,-0.00740248620663992,-0.003927454685330925
0727,-0.0076222751677988455,-0.005721543987667886,0.0034409844891065185,-0.014941665621257153,-0.01768892637250075,-0.03446160503728554,0.005488777181611244,-0.0070196465269797064,-0.017859407096457405,-0.019370310065924348,0.0031059976818887548,-0.03357436071347573
0728,-0.010004614549514589,0.017388273062325835,-0.003107157471168526,0.029595451433623708,0.004415260432800282,-0.012551247784095523,-0.0011285263229091908,-0.006639288161273214,-0.0004382997768414735,0.03748467890943393,0.012627751563956435,-0.0018857995987491345
0729,0.037607717467888435,0.025817721773793573,0.026182442538708398,0.01610084786196807,0.006692209472462857,0.03434882201644167,0.03620550833083961,0.005347091484570638,0.023316914227804873,0.031823922705271124,-0.016545981615929916,0.011351899283504024
0730,0.018980215206611025,0.043026367757184755,0.008181204464226854,0.02787152637132562,0.014820467442446942,0.028372533986372152,0.03408070398172543,0.028646594796705456,0.005625290574580079,-0.009358048273682603,0.027020172937527034,0.015681554116343175
0731,0.004776258154056047,0.030169443081384355,0.01968610520008832,0.01988430780644849,0.026502370455231936,0.04269340976860246,0.025774310734078515,0.01147080055994878,0.015210381147979523,0.028092213956748914,0.03903984288089888,-0.007718205550711159
0732,0.034062106940686496,0.040658574144834966,0.039260426428745894,0.03174102532914175,0.03662177505984565,0.037912359779889375,0.02884292432468673,0.009961795806943705,0.014269836626421303,0.0440373295608226,0.002420312117445331,0.021751660689864307
0733,0.04147993020178727,0.06035977707880478,0.029962541683031318,0.06763581339246627,0.05073785031127336,0.015710661903094045,0.03799029152256942,0.03488773781264288,0.038627625970160714,0.021705034039434946,0.009144107006579354,-0.011947394435733361
0734,0.01752710258717728,0.05545841090387726,0.0276432374944089,0.0803054563421559,0.04870830994559108,0.04044975201789599,0.020658884686249133,0.02312055545236776,0.037549897018254404,0.030828427989170744,-0.01894365442482423,0.0040072800180778224
0735,0.02550893855488757,0.0208165549468155,0.0182698667496968,0.041439005484184756,0.007406544041131372,0.009541583254402967,0.018989515738200315,0.0533268055931882,0.016750419466133478,-0.023050011327975024,-0.018646840956812558,-0.001970533989642691
0736,-0.005477998625166785,0.02560210865306503,-0.011846158311766207,0.021056953443803903,0.027877163406752555,-0.019576130483308543,0.01261224446634073,0.011766507929415956,0.01873185253654235,-0.0011115830283561065,0.006034513938561315,0.010054026376951844
0737,-0.0004346306326973748,0.008231127728532597,0.02443167948746474,0.011982821645462547,0.03215627977483693,-0.008707250454235869,0.023874533914957585,0.02908254036468513,-0.017814507656587916,-0.012584361441725431,0.029727331915865927,-0.0114143194665636
0738,0.03567498751850212,0.011601449878831358,0.018037389001507063,0.011316536183214418,0.03295013532370598,0.008148481700019253,0.04012130845913217,0.017471089961586795,0.037143474621524196,-0.01057153569236621,0.012614886449433916,0.028287815013576335
0739,-0.0026048860530112,0.009833484546996833,-0.015328226187376302,-0.003978886266733456,0.002732310364944706,-0.0029374353817537622,-0.001686044222402653,0.015354611856460363,0.017830620672275872,0.010901021577412849,-0.013316077997147216,0.015392395564539035
0740,0.015353442273561594,0.017441584546117838,0.018676403342809258,0.01375294200565997,-0.013800560666969018,0.034716865070444594,0.014718889663311434,0.046976165341848855,0.0014056256926609017,0.011920605343025671,0.00921166008245311,0.0059344172828856194
0741,-0.020435484558027753,0.01056789515557073,-0.002279363725485094,-0.010645871642117142,-0.01110161152185965,0.037739738556391254,0.029896236361101516,0.013045205352821951,0.007809590643006349,-0.029599954685804807,-0.00461247753814861,0.0366998214704815
0742,0.018369856041922712,0.009331386363993917,-0.0008232188127748177,0.013172874630813024,0.022493593051698516,0.06351206689297145,0.014428033800959757,0.04005737877047878,0.04998404972517653,0.038230461186690316,0.031897067845877314,0.02925800305727174
0743,-0.010985179912749273,0.004431009386083849,0.003819080543573225,0.028291626888314086,0.013425426046261343,0.02419612546305768,-0.0056194583640193215,0.04167376339520987,0.01790160459422205,0.012507980080209464,-0.006706855048145077,0.0310160691674404
0744,0.0001435059396327635,0.022514728107460292,0.016316051227522242,0.030303378731219605,0.013618885395779524,0.03484623448640904,0.012434836769974091,0.030316480909536838,0.03009297592389354,0.0029429740351205637,0.010744968020272187,0.02674945303478575
0745,0.02564518778704114,0.011179567158010847,0.014288276064332719,-0.006153048629449284,-0.005319197528027252,0.006763306972753857,0.03681904135251186,0.0037710139911032023,-0.004150585608496258,-0.005282462827942009,0.013367002265582961,-0.06356454958660017
0746,0.018097866645130183,0.03109691756040277,-0.0077088930194917134,0.009907640154444196,0.00887434730842552,-0.013905897489849698,0.010668849759848503,0.006629386573568613,0.0017996563800917241,0.005932663437953294,0.012690566516120097,-0.010794232660014138
0747,-0.03946796110253848,-0.009240546231774215,-0.019097888214693024,-0.021936819519491377,0.002426449323703242,-0.0060432467796400465,-0.02825837919615212,-0.01577902808244191,0.051155085328903,-0.0010218363891377152,0.01633241172585751,-0.005557712469550188
0748,-0.0024697765828283636,-0.020884988220386567,-0.03904769018610518,-0.0348716617385262,0.02345842851645745,-0.03568109410745472,-0.014740852793595464,0.020723143975931283,0.021568470425385275,-0.005231622190290617,-0.038506306014079866,-0.012865906625890485
0749,-0.039919188828138163,-0.049741802676215606,-0.03390170652454241,-0.045264204206348926,-0.019357579273060633,-0.011635873198728027,-0.06381465594844292,-0.029287517399611992,0.023312393418997383,-0.02113669812617447,-0.023018349399203306,0.016203203251519704
0750,-0.002149220292114143,-0.02258339175800101,-0.030420604461304502,-0.02865002397253522,-0.006645770945698095,-0.0007176214949602384,0.000898386413142178,0.030602229383149073,0.010653415954705847,-0.028305734475349856,-0.01046417962018611,-0.001796573263993018
0751,-0.010414218386190433,-0.02539383955086581,0.006778558320732007,-0.009836021428617572,0.04773909739786698,0.033375423203233674,0.012338807547415637,0.02458613406505228,0.022429637428901864,-0.0012298207845764084,-0.0030462658517697574,0.025589333793033697
0752,-0.027666878312750155,-0.026553928591840623,-0.022244911510097595,-0.005679103703264236,0.016040420915891397,0.01389675616201153,0.0037049902732547314,0.02234104613883558,0.03915564181022799,-0.023950352959954638,0.009661022427087673,0.03334105142206045
0753,-0.0037244671361849695,0.008145654723103104,0.0034194522522164833,0.006418460298739157,0.029105017715338424,-0.008538227577557648,0.02120024835883348,0.03662140846366429,0.010971068766156297,0.011225247757573484,0.021461878921774924,0.019191855114585123
0754,-0.010301169183443266,0.01241822872231829,-0.012582701389664547,0.012332828047752013,-0.0014637484991022577,-0.01106914445493709,0.008146700901464176,0.01870317494189673,0.025196472002788153,0.030498946796462024,0.002216711193355172,0.025392992887246175
0755,0.0013488187056455887,-0.008805336414360163,-0.00811127913966778,-0.009981721043638462,0.043880137615648435,-0.009665818431695894,0.02511454394736469,0.028225426576386558,0.04846333775718134,-0.006074077243507981,0.022594466913528465,0.0009954563730763912
0756,0.014038224211025295,-0.01543944639825911,0.04438343478199917,0.02808581656612646,0.055290230073912365,0.01043380087247487,0.022977320162491016,0.045586971674781075,0.015107972800204263,0.04107352411681329,0.004803611253632347,0.013481468561185308
0757,0.057613932852574594,0.00861935915519799,0.05008614019334797,0.01854533442979306,0.033687094990791644,0.018395213143944832,0.00552491258656182,0.02199636416490927,0.040128454861515526,0.009569639551563414,0.0033819442053669687,0.011558150411246726
0758,0.017247453748959085,-0.004468012977658857,0.017925555847902692,-0.008769777786924414,0.01584587152323089,0.001330163504495959,0.006852659103478161,0.02853403198711482,0.014458875736467227,0.048672232202813866,0.013719489489476747,0.021607501212652504
0759,0.04553068647653176,-0.007884641933175271,0.045341338491189064,0.010363160928093062,0.017519986608026828,-0.004861759699983015,0.02951678560880155,0.0031847731004999535,0.005112294282233899,-0.001344965371548432,-0.008492154401569033,-0.015434920366628945
0760,0.0022276987633761077,0.0006323819378125814,0.0009964224415596997,-0.038488859059977724,0.0009672146315405208,-0.0389859884057414,0.0053527709973810325,-0.023922813102110498,-0.038781870198397864,-0.0016627777829710908,-0.0653344552053124,-0.03045904080769287
0761,0.0030328967758202494,0.01508700414546786,0.0029497469510239714,0.008715960035963609,-0.017491412827749346,0.025106807116974002,-0.002214217084909137,0.047343480679420666,0.018175430149869033,0.017947092176598425,5.7599763225797526e-05,0.0052791415492493355
0762,0.031722180663787784,-0.007035385345294887,0.02866742947722715,0.002116242484340417,0.012414235411913494,0.013203602403918177,-0.013150024807653106,0.030371097879136732,0.009898785825445585,-0.03094090819192244,0.019095329723165064,0.002169561268794071
0763,0.005564804293915127,0.008027973564921635,0.0026822254858597933,-0.006035338641661046,0.003182618243397574,0.022796793836781355,0.0228404770801623,0.028323374368363755,0.015152168213439223,0.019273434449242205,0.02791878817934234,0.03540538001697005
0764,0.014407573420157777,0.04421578032019798,0.016927219356102682,0.02275610291880595,0.04302127563722874,0.027835609524118118,0.023038271829658542,0.055994178820292145,0.027218887884488025,0.013670298508275369,0.0065410999578705735,-0.0013376091234584934
0765,0.02437715636346978,0.001937537435532209,0.002872707775882092,0.020779998759457834,0.024358118868348447,0.019204826608570105,0.035726433284608554,0.03134308717332705,0.051729496829490414,-0.013034380749672917,-0.001376306819649956,0.033037959394306336
0766,0.019000666753265956,0.07225370982700949,-0.001118566818385933,0.038388235327726096,0.010710328853625805,0.01679346724718302,0.032746425515580976,0.024547669943587768,0.005466843631345194,0.016763825344789172,0.010980765883546179,0.0038720185177013224
0767,0.03542718299938664,0.009601257015900052,0.017685771253630536,-0.0027808250047531963,0.026762033792513237,-0.0020247600479276102,0.00954603996509435,-0.010763561214829041,-0.018850249929478795,-0.03128249135015267,0.004159774499804514,0.01082707744045998
0768,0.06596899937570594,0.02727876068486891,0.06007814342191989,0.003816279997605717,0.004456831266119341,-0.0008631180824407409,0.014505011710523728,0.028317006430101134,0.0029558033020875975,0.04716419550726567,0.052435900338242705,0.012915906738497247
0769,0.01430366271774011,0.00017253185950250364,-0.02222557925774875,-0.02284694175396891,0.021899825583099417,-0.012325212885138976,-0.003573022234835015,-0.013250221554754598,-0.005190148327319391,0.0157723454805383,0.0035462723930821125,0.0013890327075851007
0770,0.044917891425198815,0.041935314595904244,0.027063180555336498,0.022683076732729294,0.011092876422275553,-0.002643896128392775,0.030254006671799862,0.040462114088526034,-0.0040876223347114955,-0.005418424811469634,0.033204125049617346,-0.03177640112468657
0771,0.011631433551803376,-0.00893760464256623,-0.024560527451070194,-0.0045223335607462506,-0.0022277739377076387,-0.01449077904314927,0.019390816228934408,0.019538147358296506,0.0194697572832604,0.004742292209884276,-0.004559208805192962,-0.02697643177019637
0772,-0.01194574022119021,-0.016691850155477226,-0.028780382596085455,0.000645421001624394,-0.019182323783213225,-0.012316324081337454,-0.045179435059708346,0.008691681746040984,-0.00026364816191134534,0.030865670325134417,0.024180756956339568,-0.007075394660652233
0773,0.004202454369777081,0.00441749400927665,0.0030304908177854525,0.013067606625062721,0.0019195705408356642,0.012371462137583776,0.04255047753683777,0.030466051469207205,-0.0005034063517102865,0.0011010400685702736,0.0026877631008694397,-0.028862074869421557
0774,0.0019126738441576792,0.01685510476513996,0.008909632804234315,0.02718042496020663,0.026967356047159646,0.03762406561127076,0.014749354134414349,0.03479568795882705,0.003392584422952292,0.014897160651154982,0.03979926866452153,0.0033199620820412684
0775,0.011058623715916852,0.022950818604400246,-0.005374519959256628,0.013799853197124335,0.012323173372900457,0.04221399213313823,-0.0023077876878211507,0.026741045360780338,-0.06720389371374892,-0.00890458244924859,0.0033426258182019893,-0.008998147512008283
0776,-0.005177389800906289,0.02771850497878294,-0.008375877800250394,0.013834780273600276,-0.01378725298630915,0.002811316452690508,-0.0024720159969489055,0.02726697363776117,-0.006843332099417935,0.01068422920797305,0.04466068887634679,-0.0018519409384344634
0777,0.051373955361906615,0.05589537771319645,0.03785361548900809,0.07258031993909249,0.03301011778839751,0.04211482529257346,0.041225956708742476,0.07918644546453929,-0.010712906110750658,0.04526147209228736,0.016954514742726606,0.03936479248510256
0778,0.015072435232782375,0.015694085893187756,0.01578410334191687,0.014711010912753822,0.014336010202709,0.017496280743260192,0.05328538533338282,0.05532489335314761,0.012028603868792608,-0.0009991534954011067,0.030190222725781025,0.0367655669405339
0779,0.01885366022772886,0.04989225490600449,0.007106526518127702,0.03371248511884413,0.018020751753190994,0.044090013519810345,0.006147369236617771,0.019871968643140357,0.03365347252825908,0.009766910455561124,0.0076193978725048826,0.03879153288007632
0780,0.005700440531160646,0.006296194124265236,-0.0004692450138810461,0.018150902541815332,0.022740509796384034,0.04867364584384816,-0.018049387475160744,0.004762890095756387,0.030157346643405754,0.03757692016650309,0.004334525556168091,0.0245843540611883
0781,-0.004081588164948524,0.024164099920495796,0.02392654423629605,0.014812123024874559,0.04695028017203942,0.0514524317264795,0.01964021768943338,0.0024432893807779794,0.02140588456168964,0.027193836638071487,0.028692294033437826,0.04338963744688493
0782,0.005614066187829271,0.024597360640507163,-0.005086768437161241,0.0023733194066205003,-0.011776113255043994,0.007497827942983892,0.026842211668892554,0.012331499142416737,0.007072331767506925,0.0016140306817050167,0.025284896036963843,0.023962560833517603
0783,0.018434441989120243,0.07154409634042039,0.04245631232073535,0.06521906843146348,0.055463345987989736,0.0666972920651684,0.04705856084844284,0.08023133737706852,0.038146275236890785,0.022864735805487896,0.03211735313288785,0.03882695625152104
0784,-0.026918258608979437,0.018354882579705148,-0.004464808889019159,0.001401843595759814,0.004856577917834788,0.03310327292541077,-0.010881367451914698,0.012700115438822934,0.010630065612760071,0.03005670635837606,0.04004498712429912,0.0139105265604365
0785,0.01489868883001506,-0.016423081576343673,0.0157735005395162,-0.012841430045602233,0.007539459536066909,0.010415449714004217,0.0028495175005392665,0.02737766023549595,-0.005788084516355194,0.02594088125986121,-0.018133224670145488,0.013514267044461263
0786,0.023626376311755386,0.03268373094743634,-0.00215873242127665,0.03089425853149304,-0.0016659214701616905,0.022586010815261796,0.021568938613432585,0.03321893583999061,0.004279449925800512,-0.0010334291155493153,0.007829708587794167,-0.031146879125531476
0787,0.023494387808268232,0.0404374816269605,0.014880721329041884,0.04568849730894785,0.017830861953239203,0.040946910853946146,0.004438912453689027,0.04685929301189306,0.0450945706477694,0.013302961484653363,0.019115271199817954,-0.00580405083001612
0788,0.032014030250868505,0.021294282988247013,0.024759925413551254,0.023896248629300065,0.011525599563863917,0.06376142681023166,0.03054282607895414,0.019568599706291073,0.0074051212981511355,-0.031074793076539892,0.004511916937616934,0.04155112785327004
0789,0.003976038571171487,0.0386955443404886,-0.014674602190452822,0.013905770713135772,0.0005616077474622804,0.006702060007107217,-0.03122024389621546,0.01081244402496723,-0.0057373640736011365,-0.019137600787211856,-0.020904882419151376,-0.03972124832107679
0790,0.015459670825342041,0.017822500935376663,-0.0035549237251411075,0.015601476404187386,0.004150718818127118,0.009853410963274016,0.010313716253500065,-0.017097510407471067,0.031792495492843964,-0.016787550462798548,0.06863004143478577,0.03266796133480772
0791,0.012023648469881678,0.017365284840707707,0.021538916314815467,0.035422029153509546,0.02445454518883219,0.02518121485243152,0.043047764472014485,0.04619206754965615,0.021679016899530786,0.03137897536206178,0.0852877401029079,0.01742854070327796
0792,0.005083325916285167,-0.005060329347196456,0.006414811441971858,-0.002445101293965013,0.008304583403597661,-0.011907378943327808,-0.020492570546595326,0.009737359955167682,-0.004685080442639182,0.0027205012512119932,0.0013180724631307894,-0.02068740327682401
0793,0.03830166807353996,0.027471271266427174,0.0020298927452613775,0.019147011399016423,0.05838982851299665,0.01478621699496226,0.013612287352704042,0.024837476313101722,0.02112184591509137,0.03288878355399326,0.020366648360230406,0.012459388228462417
0794,0.025326457237445605,0.037997469453075534,-0.002172763298075337,0.035453864907460365,-0.006271424876840786,0.025920281140907397,0.007036299442598077,0.018560922971509016,0.008375146162379301,0.01953131495802854,0.014746840541337024,0.020698948589561627
0795,0.008947281393349249,0.015718284346462934,0.00970598922794906,-0.03861187043974075,-0.03824057020206479,-0.006177736704533522,-0.009943947233166212,0.006791243861848306,-0.009542558019810828,0.013143600260584318,-0.02765687461080861,-0.0086014397557726
0796,0.01972539896523365,0.051678111738409034,0.03716513215510921,0.010569507385901126,-0.011900923735397561,0.01141017078660737,0.004927562519810878,0.024206865515832874,0.011234073558228006,0.003965410404822775,0.022060804269688754,0.010722706454220002
0797,0.0037615175739270216,-0.01870705646573212,-0.009173899097923603,-0.012449400999651404,0.031078925680758047,-0.017506524835324055,-0.00661709596883063,0.01082439089075929,0.0019483128502534894,-0.040184886442011764,-0.012882675561085662,0.018334632437762493
0798,0.008032830130064911,0.02699945795315506,0.027296898790745826,0.0008957631108854136,0.005778087916446256,0.02141453725634616,-0.029646253433649343,0.03338918979633551,0.019646262675936253,0.0010741816525394626,0.007300278986878468,0.0013864510228491157
0799,-0.040619009393673126,-0.017679479409425488,-0.03523865428916432,0.0010597418117093468,-0.0332992997968392,0.016661848870700463,-0.009432067549361932,0.020516940741746023,0.009767277543927826,0.05258500286629139,0.010850407380290202,0.02972722049763509
0800,-0.010582910454101493,-0.0028974389649890904,0.007935611596372717,-0.0111616244293645,-0.00378986224023691,0.0392496075482956,0.0008590354390579463,0.0036289583613828415,-0.00957101972635293,0.017605508287554292,-0.006198322239896315,-0.009692665532497481
0801,-0.0038971456815834814,0.01741189793997221,0.00024402272808160772,0.03423909571085606,-0.00725736081718329,0.028341900761495835,0.017315881803642647,0.010368650760973031,0.04095756300919063,0.02944167035928345,0.015602680092810796,0.0048236492030730715
0802,0.030697345782222427,0.030833964081848977,0.015219020083254469,0.02917733014499759,0.005632085792443901,0.04212347733669263,0.026248988589495797,0.01986346718776613,0.021182087506087983,0.04500462049584926,0.05698133444873748,0.015692868831479943
0803,0.026172564437976022,0.04082372038949034,0.02115241248970383,0.049953648975033384,0.018479887356761034,0.02936459498289992,0.042498116128141424,0.05458450967410957,0.02649854134725118,0.024464576809018847,0.03210531984134503,0.0503319263761822
0804,0.01596602080359682,0.03326287449889581,0.01968996586054267,0.032939383357527045,0.03495873049853805,0.018945866262820788,0.010122779283070081,0.021486831907546643,0.00659201282975844,0.01810768462537289,0.03823379767486032,0.02835713483709932
0805,-0.015336921826514251,0.03621739215004728,-0.02286429094174671,0.02447590294054382,0.006179523699876728,0.037483096820645594,0.016238346751893472,0.01909754916823995,-0.00018491135426975912,0.024764659961038608,0.013731754431233608,-0.011018323440429755
0806,0.041602676845561855,-0.01682675005998399,0.022965651270517137,0.02536693528931803,0.012734661799785269,0.030876116512784504,0.026844778119196933,0.021242521800087028,0.027352758268404245,-0.009974115479221063,0.026304534668974568,0.046562311320723596
0807,0.029488471293182737,0.01685338528574522,0.022038055233018997,0.019350140803356453,0.02153375028162668,0.004601618329806103,0.01100463410101883,0.0016085396525904506,-0.019582155745118363,-0.025105965673027645,-0.009949605850626583,0.0010935027411539087
0808,0.03796482878004809,0.005578914538181927,0.027440236991898476,0.034285570166712444,0.02336681257179724,0.04610337573147798,0.006573611284306223,0.0036149434655602538,0.01303908875010896,0.04352340433689392,0.03457755635196519,0.041020173922222916
0809,0.03543896933008647,0.027893679415686087,0.02318811035605361,0.02750775081675882,0.028735715799360975,0.014237313787917993,0.051629574817786156,0.013966612673672869,0.0074128703055870914,0.017125985390306738,0.02413945671104038,0.007739813007513128
0810,0.02635398702495867,0.008836313600343494,0.014204020680601346,0.017113169447866106,0.009365020764677491,0.009053814113503771,0.011793271275868992,-0.010141292987176085,-0.029936970910587384,-0.0075795377784216335,-0.0012303181574031556,-0.03340411873177963
0811,-0.0015335203257834187,0.023940333519634132,0.0049960018569893535,0.012433886905591782,0.011343075780448584,0.02939060770946205,0.018280808354066116,0.016586557424631096,0.008778942376433112,-0.013806027490401787,0.02034426598196473,-0.031697648918474874
0812,0.016719748488865652,-0.00803479229854569,-0.007966811194811362,-0.004901622093791477,0.024867301351700854,0.010430543381742645,0.023780224502524663,0.013016682405445207,0.012238786888947011,0.008852900071105493,0.02227346735733433,0.011205838943219843
0813,0.03072112076742482,0.0016505257984527405,0.003066337999387333,0.00893857540814372,-0.0004926512432235589,0.026758885075975243,0.045330512591235966,0.06895959750394925,0.029973711049499845,0.005269195086607611,0.01467826035476433,0.014840126007517284
0814,0.022274281927697367,0.015855277904385817,-0.0056396144024303645,0.03570283384518027,0.00316076062000968,0.04754575927366935,0.038651515945243436,0.04070005663988278,0.05196848527974596,0.019065279775694898,0.01249243584880281,0.029093110146157466
0815,0.0029303499683539153,-0.0057167187117104015,0.012389329647196655,0.005287235635890245,-0.002104114140817853,-0.010654489385277362,0.024748218027478713,0.019939595662118666,0.006104377517068576,0.007972514025420924,-0.027867371322383344,0.0074864849871933105
0816,0.008765855638496852,0.005992951815340179,-0.0018961575246932818,-0.008539055800604283,0.021087538690872206,0.016246545326289084,-0.007819903413961193,-0.020758658740122164,0.024220375470869773,-0.01614396009148931,0.00963963423972322,0.045705707939084864
0817,0.01637744022685951,-0.007819761341134912,-0.026730486404601655,-0.0006651036967557138,0.04804346899240359,0.05576950519193104,-0.0028055700088065304,0.006266102011565635,-0.020639214076447077,-0.029079896711525277,-0.006078141638166572,-0.0016101027201684314
0818,0.033619771443961485,0.0003535563148936404,0.016990795851941482,0.01690853159665128,-0.008881235649215849,0.03854567755953536,-0.011135529676855773,0.04371364809230495,0.010256699359510776,0.025522383797966113,0.01688978771502274,0.030595382651368814
0819,0.004174142363414809,0.003930062110902279,-0.023472481449220685,-0.017986171809293145,-0.0028063149681859193,-0.021175425283387454,-0.010556172379903576,-0.0017537084104190547,0.023730862413562568,0.004290287293143093,0.011901639646333893,-0.025603090066726644
0820,0.009415770144312484,-0.01243649216055503,-0.0033002948321909286,0.0007596217105877338,-0.01684133105133945,-0.004131195543040676,-0.02044404585741068,-0.0206516672761019,0.00857481484100706,0.03279592795964509,0.01759157468550628,0.01592401118690066
0821,-0.006991034957558501,-0.004605613791795976,-0.013515491983611025,0.001074012115973881,-0.020952124569086766,0.010295345187239367,0.019334887966536846,-0.009430725479270183,0.00021953316032242233,0.0033289678839830738,0.022180131880950693,0.007504392139699046
0822,-0.03041673140636945,-0.01626445915407715,-0.030513774104047157,0.017256881433140556,0.020766645695384823,-0.008026938460885497,-0.0012615256602115169,-0.024736318328747554,-0.013601491850406862,0.011212445409994533,0.00707247372405066,0.0172678500699661
0823,0.003038169992633003,-0.035905058594785225,0.007132549894252633,-0.010604959313728428,0.0363542267563065,-0.023342927442822625,-0.005193340244277072,-0.015722808008894296,-0.021692803575245674,0.0029015960305334536,-0.01313063131562811,-0.007176928047088461
0824,-0.02099215812513453,-0.00698249487803103,-0.009143848527262853,0.007414936962762227,0.007773372050348279,-0.01028588825083474,-0.006461691108160989,-0.020784949575249137,-0.008337918503636996,-0.012731292255874795,-0.04525658644634179,-0.017749728381665775
0825,-0.009702646238283735,-0.004673688060613374,-0.012911051226854695,-0.002851398045764219,0.013319382153041084,0.011182794905328142,-0.033833672706927706,-0.0018973881777494754,-0.02284204729803799,-0.012547727363354279,-0.02119433621738292,-0.02839446211477551
0826,-0.00026824829683652065,0.04483585512055129,-0.018827546548627144,0.03302319265810528,0.005687672732832802,-0.0050852705547181475,0.00221689568798173,0.020910465541545034,-0.011776034999324746,0.03327946065556365,0.013235566862419189,0.023654786221785466
0827,-0.03321727736630984,0.02053429075878788,-0.015634109619669087,-0.003399581199598076,-0.017888483093927758,0.004499221651775163,-0.028588273672836444,0.03247101368912259,-0.01598942902357533,-0.04231250131473945,-0.021641755306058018,-0.02034910820005997
0828,-0.01161913818921014,0.028460041155693016,0.0006720667591136634,0.031964138059115285,-0.016109359202660836,-0.02951216168032626,-0.011870402519227852,0.00404491797901976,-0.015973793344650437,0.005753043768035376,0.02476297470687935,-0.023434963619014156
0829,0.001938176727232239,-0.0025279066716616914,0.01479117634288994,0.03899916857783026,0.03625512854801726,0.03197477571194089,0.017653488315564302,-0.010048741189150875,-0.015826455475920074,-0.005541781784369887,0.007305912319144829,-0.0017604004625168738
0830,0.03298811264744453,0.02180339980531175,0.059004789831017014,0.05392882573147653,0.0276769538656697,0.01661381615342695,0.009442105941561463,0.03322124427875526,0.014782967222727523,0.00568872660960848,0.0406946021771928,0.028407038211410964
0831,0.02235917725790345,0.0019400354865001114,0.021755256466711417,0.014301850280738573,0.0228395945200709,0.05027907921437928,0.006947169646427815,0.03897704805556185,0.013114925602250827,0.023229270402868773,0.008085934986419917,0.056566717257047254
0832,0.012023973852600667,0.02283216400905712,0.019374391159862454,0.03832089978240856,0.06106797938388957,0.006264904910483677,0.03929870698230518,0.05075388839216764,0.007351549101779458,0.06309968885716527,0.02054531965426536,0.05085926068628586
0833,0.002980775759544847,-0.017288723504304576,0.006444938045286785,-0.014184620711693414,0.024405723547711894,0.0267421129587681,0.024037079953221477,0.02105718943879651,-0.03831420505235174,-0.0055938978880443815,0.01655102045847532,-0.006408518846903899
0834,0.022128793517274464,0.015029208735707747,0.023337864767831135,-0.008905261978535394,0.035671875446711264,0.026416375380454174,0.01699521562839307,0.018569753911279928,-0.0045782110223431954,0.017741877727475555,0.025955278966368307,0.011876078917759436
0835,0.04133246008918446,0.039479623829771146,0.04993788542845888,0.041836178962556377,0.06324172177391019,0.032802634537814505,0.041399414205356276,0.04240841939049069,0.0004891061340035533,0.01785749180066881,0.03045356367699241,-0.009526566784707284
0836,0.03481448916134363,0.013195437691228704,0.027242456264564948,0.04161814386930584,0.07321103128552599,0.030333819809006197,0.0561613666399124,0.03742552686640509,0.021840470676614283,0.05409726433357334,0.005437239147701004,0.017072459174370485
0837,0.07834933690785618,0.04803847927770542,0.06560178696073392,0.042444034225522224,0.0042265405090765665,0.02741952832639027,0.012050071719172044,0.017160744294660024,0.03284782416089808,0.00572572439808039,0.01985216133252236,0.018700156800131755
0838,0.03249375609981452,0.03815421270602053,0.030364967697436976,0.03237232548610787,0.01058424653112461,0.028279578694861206,0.01601324511257574,0.02999875840374757,0.026516794199399615,0.015997517841100692,0.012351904049547004,0.036071573211593426
0839,0.01952098301695515,0.03859802751796126,0.04255808201005137,0.04055196759605142,0.01703819953095002,0.010894588044460305,-0.00807177772371762,0.03961330406042924,0.04315775325062658,0.019133148855170545,0.02364722084484232,0.025706611678498314
0840,0.017802137154652026,0.013048057072988149,0.02036910390818237,0.01706114992160643,0.04403139378554047,0.024081643969541534,0.012926381221558637,0.01146621788466191,0.04474993339878322,-0.0009397378705768776,0.024785536741789852,-0.017298661392116253
0841,0.014531858303552532,0.006906266759801656,0.013596736714611497,0.010980477669985333,0.008768427860238546,0.02683746188715403,0.021972779470425058,0.024032204190588626,0.04435703915969095,0.013354644117736621,0.011247158374510131,0.005140407631312939
0842,0.021247795715534923,0.01734880633111156,0.002274808357117274,0.003128193718687471,0.005546348426455826,0.021198341641382814,0.008695183616221671,0.007384371006285829,0.053570521367264735,0.01695100739798849,-0.004123346515975722,-0.03015360504942594
0843,-0.011377854657177479,-0.01375129637877922,-0.013968748816971212,0.010386617925646184,0.019194775126118585,-0.00883689871545575,0.030826416698713853,0.014134423471280647,0.043596698961982594,0.019402890228839686,-0.005681726449714615,0.027276370041949084
0844,0.017866319844936036,0.0430800258633493,-0.009886100592227531,0.03955385771111073,0.009611032491373472,0.048975822659984555,0.00463791732458975,0.0325455711150566,0.01955488224044096,0.03641020543104256,0.001864724374395871,-0.006785585171412303
0845,0.0067419874228067025,-0.007937269241005171,0.005638416712330722,-0.007019249344252087,0.028168654491764245,0.008473331369443761,-0.009515072822774646,0.045841006329642976,0.01573996338520168,0.01128314474861174,0.04187497092409998,-0.007832904444337811
0846,-0.00521758149675578,-0.02129758849966998,-0.0028996365713514537,-0.012279787177670197,0.036628613509623,0.007402926567841178,-0.00700957540953412,0.023776166731068554,-0.016565942451310607,0.022395295359410088,-0.011676936598631331,0.0037097068579747374
0847,0.03165309604403631,0.0036998028274740935,0.012035323827981732,0.031871979473248796,0.005047561982688581,0.029633543916956075,-0.007980046686262498,0.03503664321816795,0.007428167333511279,0.00828293618449066,0.003396479365592593,0.016077291175385186
0848,-0.01330580125601829,-0.002974701473746487,-0.01922588352893466,-0.012342859637486388,-0.013761126853241747,-0.009306260242302087,0.0311208217408359,0.03167616724114596,-0.007736112509312053,0.036946356296454305,0.028916913226181857,-0.0022158152794842546
0849,0.026224439458820865,0.040840739015485086,0.036598667426813725,0.009804276221910109,0.01485731917137184,0.047370456765988965,0.0005008978915356829,0.04756368906024995,0.021740643001345088,0.009618610393882553,0.022334659789697554,-0.018060101881889043
0850,0.028366626523441327,0.009973315253072258,0.0520763306873566,0.01568901715298836,0.0656645853451203,0.043524180321701085,0.030897896213613014,0.011735410619042135,0.01972357614615714,-0.012472826206166023,0.032990081162305764,-0.004308513591945144
0851,0.028690054572665886,0.029500210251194297,0.03461122676956742,0.015533804796199285,0.03457603374127086,0.06078468710211452,0.033420831591173886,0.03931504415981841,0.00874008214225681,0.028261553413833886,0.0522716500348193,0.026951944250210524
0852,0.010389262309158577,0.013778910999569698,-0.007558987914842522,0.015566799600605086,0.015242482899432952,0.031581227807786695,0.015354372588154188,0.03359129902677864,0.0032131323173006194,0.016483216546906758,-0.012902597409249242,0.009863583610464523
0853,-0.011221343782246809,-0.013354667163231576,-0.01595140679134423,-0.004496537365971462,0.011871061206986949,0.024258438284286674,0.020139215060250373,-0.005293719729331938,0.0033685651796541973,0.022395377949162784,-0.03236379094919611,-0.020244433750002882
0854,-0.026229958630800007,0.006785810712521423,-0.009043875397707804,0.010782922530155049,0.020938731469285196,0.00777239308628324,0.04086446660749787,0.014113998377214282,0.01079383205250916,-0.025647351042045012,-0.009894153600568762,0.002550536187593391
0855,-0.0056938492312624935,-0.014951478872873064,0.007833643571313992,-0.01748657893030712,-0.02479971177772662,-0.021401816903821175,0.0034851807950291368,-0.007168111670979736,0.003926119517070435,-0.010784442419733864,-0.007499194102765903,-0.0013164275801524636
0856,-0.0025629430796192715,0.01063825993059382,0.009834615172136215,0.018414978862750654,0.008115303143708449,-0.011474889356047221,0.025226791668237086,0.016978878894859543,-0.0010954450276880671,0.016429004487618932,-0.009418568089464391,0.02097191001217869
0857,5.612944038474004e-05,0.06361343757997824,0.022794591517902193,0.04598663110784031,0.011257381661678173,0.04082346086594342,0.05340103464470808,0.0862182831209248,0.03511580954152297,0.00341908496448267,0.03721017876761029,0.03206807449026653
0858,0.05625546672211596,0.010392380727783574,0.018311653989445918,0.013712501776578054,0.021894546617097214,0.04896949938352773,0.06305864920334903,0.042787635681798324,0.00823473013490772,0.006700275800521654,-0.005027636291948838,0.0071816855735094874
0859,0.03595282152715128,0.048052704810537354,0.010252168169188882,0.03885775231434482,0.024545507750861242,0.03663179721120206,0.046427327358291554,0.021509240369349612,0.023513865408260403,0.04715064331635876,0.016301240705380537,0.01802167227878574
0860,-0.002931243811918575,0.01822241300673921,-0.01179065041959462,0.012443048984118535,0.01623736410699193,0.042688319296761555,0.017421813558711828,0.041516487308620696,-0.025319320608629653,0.027943080950539427,-0.04212602923211456,0.004249412646876753
0861,0.025693485088271503,0.017805999112707183,0.012075069840030164,0.02614574050727015,0.014569775300331069,0.02758710204083691,-0.008166309083036314,0.04104497629611792,-0.027901555370803792,0.03059332342721759,-0.05762682423434942,-0.0062902326632122375
0862,0.02285982549626823,-0.016706788504283577,0.008724446595500184,-0.015513459760006107,-0.01791987860391509,-0.024987217600291888,-0.005478187007579929,0.004444704533622357,0.018349882321321696,0.014041795419669488,-0.009508896611650183,0.032309262831387645
0863,-0.014740389878270099,0.004038419553183689,0.008955800091057066,0.024510588567761123,0.017095458102191135,0.001966209820866553,-0.005044373429342823,0.0375843063814038,0.013699568754190665,0.010742422017248673,0.0020911830124319773,-0.01058422537458933
0864,0.029724033630772105,-0.02060068117079237,0.018229642314296683,-0.013212307553782034,-0.004244904690571167,-0.013848503670355655,-0.004843831311389353,-0.01951841055812365,0.02813470547873588,0.020063175337837233,-0.0019240630287429442,0.018687337703099074
0865,0.03673721842216622,0.006987134070133641,0.029796344293622365,0.005715528876086963,0.04301121713712874,-0.0009064605810136181,0.004829007000415342,-0.010938256765351378,0.011009347388613639,0.023182003908032572,0.017641781185902726,0.020817567660468002
0866,0.001840761249074836,0.026146328810518104,0.006152703280938356,0.004148176822764944,0.017952630744343057,-0.01596926085477856,0.03333197049464853,0.019594982664367298,0.02581686869906651,0.006773254670548763,0.028378565864015496,-0.02728009097598643
0867,-0.0006494529075938408,0.016774481552681617,0.01092107991270464,0.011688338273532441,0.016280175870445276,0.028375772014315223,0.017969058047236555,0.019110025965506934,0.042827048306820256,0.008417884487307375,-0.004635981101550283,0.015117118997747273
0868,-0.025492693699997904,0.009027484928742054,-0.012432969981411742,0.01287345746666327,0.016134872611594575,0.026029276352662074,-0.0015845062591518936,-0.005980489738753017,0.013464981741145767,0.004689799834502624,0.017582747188701026,0.010629009478172344
0869,0.007585137388437574,0.02672482425319646,0.010559180471215648,0.014791042448432991,-0.004878860089078507,0.02569414187074678,0.02138310869059828,0.016383054653961462,0.031665060196914216,-0.002333578159886005,0.016388410144903918,0.018555171383079758
0870,0.018823409181204478,0.02881630811897721,0.010139179001882541,0.03030062705310013,0.024386743717513995,0.0444582284652865,0.012606890928138943,0.033816523133379815,0.021878719561128673,0.013518730063715232,0.025123062913822544,0.0013162321998585913
0871,0.010119269321683135,0.011376121101443067,0.02157954123319085,0.019095808367264572,0.01803670139469795,0.0026644157800998396,0.013531643486908974,0.020227604446222704,0.03551555158235049,0.030867829348685774,-0.0006889765669871738,0.021870269887234863
0872,0.01930770376329011,0.033318322319776446,0.05514108975036928,0.024899219538301536,0.01746996884997919,0.012621786982239595,0.024516311090538194,0.019023449093927496,0.007691345217937508,-0.0047513851151093035,0.009283798674981346,0.046150672294635875
0873,0.019713557648507966,0.019907762223219293,0.020445826207468907,0.026932417083396564,-0.008862346158394782,0.012587206630520124,-0.02298477662964601,0.01123611274208753,0.006966254629345428,0.0036200589593338595,0.006846414945213502,0.002022219243076137
0874,0.01133615174468366,0.0032972144681553085,0.008639531848089164,0.014604947837230218,-0.013283712021050411,-0.027495915478639513,-0.018057187294765617,0.01306095950019524,-0.042276074373559826,-0.031031487553313638,-0.030857887959565327,0.0058699567242819686
0875,0.0150795356747956,0.013019313462147035,0.016948008167170764,0.004235611780085459,-0.003503003756108684,0.013842031442596991,0.010576894318692262,0.021539126937477688,-0.046696612574986404,-0.015265930640152246,0.00991998162075225,0.005244025106873484
0876,0.04024529323093474,0.01183246249183018,0.04090416181808014,0.009926869694013825,-0.00210042280689364,-0.010545924920609809,-0.021663340759055353,0.0574375153023496,-0.011892701867225026,-0.0028811813631290217,-0.04213053341024149,0.014152065579796702
0877,0.03349997350298654,0.03719532910080437,0.008799951795583743,0.028052901086605724,-0.025736662548240787,-0.003116577758192442,-0.0026381541312019393,0.017582942503293935,0.018894635337577168,0.01683159018107478,0.006955328561505624,0.027200531265557052
0878,0.03365386746471725,0.026431810668181198,0.005051497460909215,-0.0005259478312416013,0.03953977245086777,0.019288716416975875,0.032813985530786065,0.05578974617678205,0.032949019654362664,0.026691484477607372,0.022344543192573812,-0.004849332999631148
0879,0.033860695410868176,0.013309711375166487,0.0012885966178829418,0.023401111696116608,0.021886722453516676,0.03372182572536039,0.027961226088926153,0.036659214057123767,0.023920449178723498,0.013177074176758001,0.05160286801719113,-0.014855646236505413
0880,0.02879900112635518,0.033378423275778606,0.01695558803793885,0.024504583042525556,-0.011640339351921884,0.023704076008089763,0.03827538113335674,0.02157439316126045,-0.003613078513993904,0.009671013988070612,0.005257607276331763,-0.034464126938782536
0881,0.01135994569408577,-0.009842530946055044,-0.011767383069970595,-0.010270646943464386,0.0285656440912745,-0.0001427842142759825,0.013639872504971779,0.010811796430362263,-0.03890687998921911,-0.020129381395206314,-0.008656498553514249,-0.055820841366000906
0882,-0.008395477803803786,-0.0003068468992669808,-0.0002706270662344517,-0.017973236263508767,0.021752977506172097,0.025284373065911244,-0.01352201095919325,0.035351863263088146,0.004848799005946166,0.01856341705604114,-0.03017685128490635,-0.04087621855013509
0883,0.021217310048407014,0.04131933464226661,0.005255667060511782,0.016429692835046326,-0.01700036118146442,0.018321558354763803,0.028410079127725918,0.021313490529989782,-0.01272560874452814,0.025615040514987815,-0.031585944070430035,0.011215972316841124
0884,0.02439704268390023,0.02414614500771633,0.025503409726534067,0.04134306526645556,0.038696753956456,0.01510418187101177,-0.00016354806634090875,-0.004840126880875391,0.026536186817606222,0.048280020696170704,-0.017327140160889116,0.008143930144416155
0885,0.026534196221893017,0.03070912798866978,0.005345035906848309,0.05266215806841017,0.03937263382788947,0.044186536743570606,0.011418632825840503,0.03809484405357033,-0.013619581396032624,0.023083412259858462,-0.02525302007255082,0.006421794112577188
0886,0.034968726351066584,0.009646961237777325,0.012398340224377073,0.05540418987664065,0.0219803992939775,0.030654989195010956,0.018660513543354306,0.04720550846494321,-0.006234653607134438,0.004967161262206238,-0.011616282749259485,0.01562482111579245
0887,0.01896690360170138,0.03938303222126412,-0.008876770761053884,0.03822032515576287,0.024498972020052148,0.03180827803222659,0.025412159584669077,0.03936190635022149,-0.012637773678181445,-0.009368200670015881,0.005365480052232866,0.016713646840991296
0888,0.04503403944190394,0.02305806510162928,0.0343341587058501,0.05395698981695602,0.007844760411313654,0.0435998189197889,0.05113572402282487,0.016714077871204984,0.03804391294293011,-0.011326350910674523,0.008619975884703835,0.0357895881366243
0889,0.03816416540832896,0.007327487670198707,0.019514921034026966,0.006979262434373007,0.001059366076378476,0.007797673241876821,0.007843441993876182,0.016028335119432288,0.02104949282003125,-0.010091436430426667,0.04240088890555477,-0.001016063727070871
0890,-0.005210781683637092,0.007788490838966609,-0.0075217644166523144,-0.002919404343226677,-0.002323454868724222,0.009680601702712382,-0.004452118940883012,-0.007246763210163138,-0.016815818847757288,-0.03114846146017224,-0.011248131852500396,0.0007948297367530798
0891,0.0259184343663641,-0.011653057534282911,-0.01027505141126648,-0.01628931918448897,-0.00096219125607573,-0.04388858009867829,-0.01731189974675939,-0.015167730995098336,-0.022207068830657577,-0.02290711766219026,0.007761878688009892,0.0012414274714426913
0892,0.01398015153059285,0.01211826066919093,-0.0002938024054601387,0.004464390894778803,-0.021499229655475238,0.002258266479982826,-0.03418131156986109,-0.015819618580553894,-0.0025059028888399478,-0.019648920751697822,-0.00960801075659416,-0.022325247866493203
0893,0.0045063973392534444,0.012557755327346898,0.030014106218840746,0.004139190506258785,-0.011053769604085254,0.03651861861387549,0.019284996591833577,0.005077461124344658,0.01784653469656505,-0.0018472994210243531,0.014167949991963202,-0.0002589683144392491
0894,-0.006297133941771171,0.018054132259075567,0.009431841594455075,0.004766918188166829,0.013204508786799001,-0.021695269621685567,0.01604563290769683,-0.024025821757544873,0.0169666050262371,0.02627156268394954,0.013026835177450357,0.009673432589231756
0895,-0.01526341955642929,0.009243156195204619,-0.0005883934126544989,0.03667114081232348,0.06092897024303755,-0.012268593014966262,-0.020896962610810022,-0.013545786305145932,0.009525625321614797,0.0300316380010775,0.027658876110684082,-0.01850257694951177
0896,-0.01579149367668456,0.011415441798863368,-0.019731314842892717,-0.015821543623752373,-0.017173968815502965,-0.02073901127423586,-0.04387979617887465,-0.0400112528731018,0.014931995110049256,-0.026927777203519083,-0.03001105320666532,0.014366357637589646
0897,0.01445867015197284,0.028872771941683046,0.013779541378188598,0.02687575170025192,0.007967249716183638,0.019076598917858012,-0.02038729146251499,0.0348318279216147,0.025254570961228438,0.0027280111195216914,0.0010840552012384439,0.019443172590137406
0898,0.04200219939203033,0.03309651559748819,0.021865182744013816,0.014763794783134837,0.027358952809771103,0.008103754606363374,0.06821880625882885,0.05380427421177711,0.031567238488197466,0.01995236231954389,0.030520870804989306,0.0036141712029529385
0899,0.023061249025620123,-0.00849334436349487,0.008294824001693771,0.011091695514511685,0.010491131548829942,-0.010837036340084536,-0.03170321260307594,-0.0170852780570558,0.008729484413125856,0.015828323547121114,-0.00991010020894883,0.008045755235288414
0900,-0.010008864890656966,0.015126260814145764,0.005703952748925873,-0.014541743566125878,-0.027406307975180597,-0.024651147565619248,0.017002180917008485,0.0005577501511919022,-0.0014376229698750153,0.015856189019191513,0.01670950462854233,0.0076876569749661965
0901,0.015078039422972917,-0.0035094278851209703,0.017953528965890475,-0.0016128635273532964,0.0192861481206552,-0.003929226844603843,0.0009790931692167761,0.01040674203106028,-0.00455763102594771,0.029691680204735667,-0.024316992044497925,0.03490642193544741
0902,0.013714028168041039,0.04496864896007701,0.0017068757076575617,0.008512706532868737,0.04094799246424592,0.013029646115925159,0.025189068668147324,0.028434246542327776,-0.010388415431096627,-0.017108721456864512,0.0033113060935282762,0.008742701165402754
0903,0.02588489192029131,0.040319691561815967,0.037022387326470334,0.00638297605426154,0.041180547014487486,0.0011110007035814414,-0.004612404489630312,0.028648996481405516,0.0006282982386159382,0.014575469142330147,-0.0030627825148212295,-0.008638179506195129
0904,0.008367571681106169,0.005275049735424607,-0.008367191206112002,-0.018701833098166226,0.05644308429626326,0.03222805641071045,0.042077979971978416,0.019779448912318864,-0.013917977252884052,0.02210229894447364,0.02291123234152171,-0.0053622519802922295
0905,-0.0018937500366497024,0.011209750559132562,0.006992750992157011,0.011836619607020971,0.016519678817165637,0.033188091641577086,-0.011420254657379265,0.006867917390713133,-0.013416182890357385,-0.0447918510901683,-0.015528318522152454,-0.017153081128685937
0906,0.004269933757746826,0.06010268343056802,-2.1610584319750396e-05,0.026470594992845115,0.019781449269537718,0.05630085632348403,0.011587460549382839,0.03682535097572923,0.024580897939353797,-0.01420408661418232,0.01062987609316887,0.0037987127446266534
0907,0.03423828364151598,0.04526528358303995,0.049197888156127856,0.0435192917599895,0.02100395364158601,0.03780671150386614,-0.001327573234961707,0.029047066142126998,0.045388130111913956,0.012534440278804708,0.04600258948878064,0.02765475365028592
0908,0.016855491440838356,-0.01423328475164529,0.012903031388444657,0.0007140300053079836,-0.027975734632037615,0.023295377479925095,-0.031320574605349406,-0.011920202705105961,0.02165996160411407,0.03642583234600622,-0.01691038698641835,0.03091790195405952
0909,0.0022131898709264568,0.044908675888781724,0.02494186210496951,0.05026472509733727,0.006265063311518619,0.028213350436230526,-0.006004711378812053,0.04532904470845757,0.028689069624624787,0.026517214813696812,0.05221760347298935,0.03879875308574713
0910,0.03838658752393231,0.028000727728500676,0.03244807084030863,0.022070317431372867,-0.0027968170361366246,0.0468573371481405,0.03101769625954157,0.03238799843952035,0.028163934708875484,0.009118381183787907,0.00622013051254649,0.03875595418707062
0911,0.009499889608063345,-0.012283567278671014,0.0020919302538677386,0.011174169313540927,-0.0020694323896025342,0.014438403982559677,-0.011173043014332378,0.03353907246638668,-0.00010461673497982439,-0.00154847640888149,0.021807874178486033,0.053526126412833185
0912,0.04138032808412426,-0.007515938283758142,0.00014688505903296897,0.0014504321901272436,0.028558381369619062,0.012852666272139247,0.014705090996200251,0.011157416290982766,-0.030873586632918594,-0.03125075936044465,-0.005584839014901929,0.009126072861386395
0913,0.011450429935155347,-0.014286692702057282,0.02062041478581608,-0.01773038226881035,0.003503345498771849,-0.02235809786142012,0.004739547149833428,-0.03100251258003415,0.0038221569737810633,0.021555683973589097,-0.018369146337481487,0.049719610342040865
0914,0.02091863406532511,0.012146923826011848,0.015278739563978511,0.0009583913013889682,0.02951252388957722,-0.004895915487870855,0.0055919615847441735,-0.02142564309351163,-0.032479192637269054,-0.013274683855156191,0.012546115863076666,0.019077829315790638
0915,-0.00606613849572309,0.0026991026238937597,0.004780570120599876,0.01198749868022513,0.017087964126133212,0.0006750785707038687,0.0109428912118039,-0.007553828268675062,-0.01889004546819939,-0.014872540336417795,0.01921409155931669,0.009604801202551356
0916,-0.009755503914129984,-0.01862575471333253,0.012157687663768048,0.002119075305737874,0.024081127761373354,0.004942811466381817,0.014441523758780573,-0.0018861600542880732,-0.04033364898221522,0.0352811148056392,0.03579036798701224,-0.006973336441466733
0917,0.0023603570145939944,0.03605667484756324,-0.005061587103696611,0.04891678996668331,0.046801041078464244,0.007416277298974985,0.027278593573287692,0.025169581954794223,-0.0028104969131508245,0.012710191771774772,0.015417124857477217,-0.001881196856713977
0918,-0.004023735934301193,0.016444241158130778,0.013546373189408656,0.008920798054429382,-0.005583147082301944,0.033643952012947724,0.04955706659202359,0.02403750264137533,0.016003108843919624,0.025443049737105393,0.04864179666133119,-0.011670632303636096
0919,0.006795077019146245,-0.0005953191785078019,0.006703837067907694,0.010984855465384871,-0.00803756108077148,-0.004916076887146542,-0.0015680322246805858,0.014318877527211971,-0.0046628058299582505,-0.0033464679299782976,-0.018377600807680923,0.005809856752767952
0920,0.02013298133870758,-0.002827805216439503,0.003519514525896384,0.02247552985705026,0.03567350498142921,-0.008180990755161523,0.0190034477157252,0.009128350243438737,0.006298728829597665,0.004057103644214013,0.0058893346376723025,-0.01194752260127498
0921,0.001467789918964204,0.0012557223825132083,0.007211037159400369,0.008640487546113797,0.019023229094667454,-0.02713683230620418,-0.003101057730924198,0.0024258671187783487,0.011116880394932761,-0.021578013844021533,-0.033970475957641764,-0.0005619696365374392
0922,0.007372616131913992,-0.005221392099766136,0.0019431737929985668,0.0022833726252553003,-0.010460234029059842,-0.0006670432971527357,-0.00803182911124016,-0.04987798411344509,0.03780638590259752,-0.016809776771136466,-0.017252667453099488,0.0072231647819507565
0923,0.016005545729715926,0.01217714109034667,0.007093475608744551,0.007259379596926732,-0.0029537862916350827,0.0026607413079215016,-0.020456601902722603,-0.018809083837741273,0.011453027340017708,0.016814591505179412,0.021487133575139854,0.01419527601699499
0924,0.034605529719413414,0.018873207924518916,0.006734041002931216,0.0168525595860692,0.029651878915329576,0.029810376063154526,0.005436608106134716,0.00353239708453878,0.024167799852174262,0.014361948403551157,0.014534665939261839,-0.004842219800443479
0925,-0.00805686438959651,-0.030768537823964173,0.018303716414332975,0.0017002959510901054,-0.018640567281576894,0.025199400463714626,-0.0024803959100308864,0.02349639165878661,-0.003070758696012004,0.0013525289232148353,0.010521119158152781,0.02227494544843649
0926,0.015357547505766081,0.011144318974862406,-0.001964173787609285,-0.005230511976890939,0.0239219126943124,0.026869756069997506,-0.001519784561828849,0.011737927861520399,0.03498772441619653,0.0028177953069149385,0.04805757530896926,-0.01012003978397981
0927,0.002928863422786669,0.02428095072665743,-0.003640538460325219,0.02869342579809248,-0.0038974701126759945,-0.008149212307576374,0.011598453319177107,0.008224415794614404,-0.0005074478949187209,0.015478412035971315,0.013388170004445036,0.027299102915822764
0928,0.012542978693960108,0.015648876558398493,0.011670792542793735,-0.007535961255002536,0.012289815878385079,0.016680044270498396,-0.007958813614361467,0.004008065590459254,0.00034363759633883627,-0.00845131868146507,0.015849508944797506,0.0017653339182543365
0929,0.013717225060357621,-0.010936932282846744,-0.016491752591117396,-0.013519020659530622,0.009488115335918416,0.013496282610128009,-0.023884023778214407,-0.0035418884648230104,0.02942264641792565,0.009201195000697325,-0.025596843752876255,-0.03391343279876044
0930,0.046609237980110824,-0.0007056192866234074,0.017976563425369598,0.006608175442237947,-0.03095467929505415,0.023584695350789147,-0.026570921476670794,0.015162877975423206,0.005890302784588582,-0.0003222107895338092,0.008853778852430471,-0.032203838174448954
0931,0.008532628125082046,-0.0342199019921276,-0.002032181167768093,-0.045919685072780575,0.002394015841338734,-0.011604931211878507,0.011660063505515985,0.016966728993726126,0.021341839279836836,-0.004153665561481034,-0.018412517780339997,-0.030725394372990315
0932,0.046307479634225567,-0.011701707745166778,0.018256471524015418,0.018744954416622543,0.023904998426996994,0.019246364650106033,-0.0006364738786497184,0.02487947854897626,-0.0037781796565956953,0.01796733654173365,0.03399609302428752,0.05569385744995009
0933,0.04889878806779109,0.02811077124072159,0.009965479099236394,0.01083690863744901,0.025058370257167988,0.013058189483259866,0.013530180154815535,0.03365003507595035,-0.01857230752210877,0.019143102283350085,0.047742855792689755,0.0408347371320537
0934,-0.003292747853153131,0.019524077145345053,-0.004685102390273395,0.010253566477136428,0.015169471866433184,0.02167626323221133,0.030911911010520737,0.009420125182356586,-0.01878078458806092,0.0006908419141096953,0.0054122073838363,0.06161416972413539
0935,0.006633452055548597,0.04557431632139639,-0.009550741425754994,0.013284787081157587,-0.03540356361138678,0.014968759769087077,-0.012207794100620986,0.036331114369864546,-0.028616063339219556,-0.011439168727159756,-0.0020913983443813637,0.007269445312351832
0936,-0.00014748644189040535,0.04019240610887292,-0.004891985872269075,0.03276631281901481,-0.0050637548154331405,-0.027542849851735076,0.028158010979114943,0.00843262737398018,-0.006328378178694202,0.021970557033149072,0.029738485704872187,0.006537622361556346
0937,0.022429096097523086,0.04789223338060606,0.04489670487222449,0.053295929912317595,0.03608086570884605,0.04303623530179252,0.06596074556179912,0.017270308266439282,0.019878115691800303,0.042138816200430834,0.027457573667192856,0.01510628177925166
0938,-0.001499419449485517,0.015517294603052588,-0.00565537213971343,0.010020755916070764,-0.03173629598188973,0.026515443872571327,0.01613294171141825,-0.002210360040645082,0.03331071073089901,0.023635453520990776,0.041513151784646804,0.027275117313966413
0939,0.016372176648056347,0.03400069636390925,-0.006696784569922651,0.021571652721857515,-0.0021526227961370043,0.023574358368908286,0.06065216371786297,0.039802975301591006,0.009048764260201304,0.0004331061959219431,0.029215917842877828,-0.006975868236282355
0940,0.009036183624175555,-0.01605507380906259,0.010471024668163829,0.008928474513685863,-0.027988805823191028,0.029345937107434737,0.007793161042735059,0.0065297178174949155,-0.019294590430751987,-0.019014263231133758,0.01707364792315558,0.00884051648733169
0941,0.02807098910107948,-0.0022355814708458627,0.011180675953518081,0.020041352658937864,0.027862354317315444,0.03294768035286035,0.031381793506817295,0.027577999881444177,0.0029701691285248326,0.022467714469146412,0.032871257881778845,0.028711731057931622
0942,0.01545896625470271,0.011975134989587185,0.008991905856111777,0.012624019063985413,0.04467704038457335,0.034777087225347274,0.03212483643849174,0.0425200931787,-0.016264811494592517,-0.016326412770383554,0.007623171455703335,-0.010012676282663516
0943,0.02911062979563867,-0.015260343229356665,0.03975505003627562,0.023874973131732844,0.006780578263223807,0.01644097165645455,0.02882734015108772,0.014213774432899888,-0.025326036154005298,-0.013451119593295584,0.014342870508612805,-0.026017499563729847
0944,0.022886572177139432,-0.009543928803087324,0.01573384377004797,0.01778543495982637,0.006600557297112321,0.04089220780223055,0.05924534762288828,0.0013801794380402799,0.005354614082487359,0.00981188764312175,0.04078432625312733,0.014279551816127228
0945,0.06147623962211499,0.031455275803135785,0.03257140481468573,0.05276255048030515,0.042834871495372955,0.028372054215698786,0.05594205691149881,0.03656422827355248,-0.01734689381804597,0.0011926099894588613,0.02979789912915329,0.033296149520887955
0946,0.07179273285661031,0.04195275689127191,0.029065443316977843,0.04749119958732911,0.06313613613838322,0.04440036980710171,0.04429711223349425,0.043631718388293494,0.022074568906133213,-0.011906948861297461,0.04291692221090061,0.001615342393992021
0947,0.07030087888163425,0.04677150242663853,0.05986214102372866,0.04521433705910373,0.06657836468497125,0.04727721573611184,0.06534515662285699,0.07856751659047191,0.0051772631751142795,0.01859619271750795,0.027924686576759224,-0.0031143409301189018
0948,0.011991629164818648,0.03089706001958964,0.018752642217964487,0.02211707652239047,0.0203413308833174,0.006092846939205458,0.0419329240706282,0.02537289968869692,0.01567906059462955,-0.01995367669408053,0.033777692457458784,-0.019986181503156508
0949,0.0261165980883868,0.04468341734817919,0.0423224754313305,0.015716979439912165,0.01201330749057246,0.04964382145389347,0.0368881956387724,0.008319704423253624,0.03819211410732818,0.003992898625154126,0.032065766376830396,0.012571354478774626
0950,0.02571962586025126,0.01620932195146355,0.025530706235210546,0.018853105993759178,-0.013843304594599542,0.0352663936029307,0.014246450825405866,0.00772578212302861,0.025283391817766333,-0.030876285559234853,0.03202691985350476,0.0004783329354597142
0951,0.024942799062159664,0.011670256509829611,0.022318380595834356,0.03791071140748768,0.016956572717094578,0.019011140291919942,0.014716943737277092,0.005044750001283717,0.028799781514345684,-0.009598122337382881,0.019648355009454804,-0.005474987732885471
0952,0.03306604342189498,0.020403977044280742,0.021018453645876692,0.03234922094716659,0.0199409266748853,0.04383571857535391,0.030404206615034787,0.02419073258738782,-0.03863108847268912,0.032109630577885497,0.03319709552897813,-0.011191520981712501
0953,0.007022771348797924,0.02749194240031088,-0.011046871662221507,0.026563252686871753,0.02567438147763238,0.033037190467075074,0.01984239518971537,-0.0012889484088282836,0.005604500388969237,0.05040838716337012,0.026012861343802325,-0.0005324588520057061
0954,0.008310241018615543,0.031228540543971138,0.005586808914021027,0.022288120618853866,-0.018212335700223105,0.026288257744123238,0.01564507758635658,0.012566827869407838,-0.04389926729278725,0.03715048662343885,0.03704843230574906,-0.0248524962717185
0955,0.004823585488906348,0.0035977394147918527,0.030205729437924548,0.02081366500390107,-0.006299279050555949,0.013121364941134599,0.0003127804978055311,0.028271453820103747,0.022054273342599746,-0.007762435240397257,-0.009909636930340164,-0.007573748209827642
0956,-0.008492557497875797,-0.032119849677865464,-0.01721104570194314,-0.018108269766283765,-0.016956330113424394,-0.022362862484636082,0.009867113826525843,0.007618563800228526,0.017803457746564444,0.0019314271232470056,-0.006589639081490763,-0.018717301312341804
0957,-0.00722417660453499,-0.000758732741457289,-0.003844916229665701,-0.016449553319634932,0.004126874479981136,-0.00032729270525327925,-0.02367514508281385,-0.0034470572429512185,-0.0238902396100689,-0.017558968131741744,-0.017201443279205215,-0.0030571524559250295
0958,-0.011568776685600054,-0.000634332588968523,-0.0247830328502957,-0.026635620829829707,-0.006739486656932668,0.0010689137665388085,0.022876825680814044,0.01214323953320589,0.0004511840563285576,-0.02277232455036806,0.00645742656452685,-0.03581568319241807
0959,0.047540394809353584,-0.01831577391542449,0.020835360747201742,0.009052121167597052,-0.01647158542948715,0.017809968009658523,-0.009145432379524743,0.02296644017701631,0.02796940022785482,0.007736427849474518,-0.018889123013015062,0.005223404684719571
0960,0.010873567203505494,0.01492567925352267,-0.002395916696744573,0.02284536511393087,-0.02249541523320791,-0.009527027249212878,-0.013979003493916734,0.031011363255719085,-0.0056575025433354305,0.015952085441040535,0.009621549659359432,0.04387251754346827
0961,0.012896651722731857,0.0033452530452892718,-0.011586359516895683,0.014926394478234909,-0.005673669598109259,0.038172473804827155,0.013572900424450971,0.005852029633742393,-0.009470080858695405,0.011066493992603312,-0.018841845394344515,0.03208195202029196
0962,0.041469457250517816,0.04187026343309439,0.03230323389681595,0.06213634326312746,0.010793863818938848,0.05416051755506132,0.05381433980295756,0.0535894950703163,0.010137944074312913,0.05531325363549604,0.04223435155030891,0.04059277572582335
0963,0.003214653929261533,-0.004202218096368947,-0.024835689778329985,-0.004103929459114412,-0.002089243020903955,0.004227521517501941,-0.009905213252623571,-0.04387849471406803,0.030860417038123852,0.04151684916554032,0.0009337075904327734,0.01821958925371596
0964,-0.017963409557713656,0.010977180064311283,-0.016639765763095123,-0.005331672372510441,0.046400131843197336,0.03357456183549694,0.008850247607395008,0.006338297344831251,0.019011820770789035,0.025522035066865012,0.015857960921116142,0.021253509854356256
0965,0.0027535773531466357,0.004534805377237001,-0.01409436603984439,-0.0013225230497183205,-0.006718340530749788,0.0008760905122755278,0.005182977275053025,-0.0026662841747655108,0.0068029793537951275,-0.021169955328336848,-0.0032839009525114237,-0.016451280453481768
0966,-0.04460133793402008,0.00035155419731237294,-0.03883604498729846,0.008818466734257926,-0.01641712489043378,0.01417065538121569,-0.00406501231482615,1.0148372150750971e-05,0.0004305147047811498,0.013041529028480412,0.004639533631641712,-0.004650097812430024
